Date,Open,High,Low,Close,Adj Close,Volume
2007-11-02,70.21234130859375,70.21234130859375,64.64102172851562,68.0657730102539,59.2007942199707,18740
2007-11-05,65.56794738769531,68.28043365478516,65.56794738769531,68.28043365478516,59.38749694824219,3997
2007-11-06,66.34851837158203,69.51958465576172,64.3970947265625,64.9825210571289,56.51911163330078,3745
2007-11-07,65.56794738769531,72.20279693603516,64.29952239990234,72.20279693603516,62.799015045166016,17115
2007-11-08,70.05622863769531,72.00765991210938,67.51937866210938,72.00765991210938,62.62928009033203,13318
2007-11-12,64.42636108398438,70.25137329101562,64.00680541992188,65.76309204101562,57.198020935058594,5887
2007-11-13,68.09504699707031,69.07076263427734,65.48013305664062,67.33399200439453,58.56432342529297,11068
2007-11-14,68.2999496459961,72.59308624267578,64.4166030883789,71.81251525878906,62.45956039428711,10028
2007-11-15,75.70561218261719,84.69193267822266,72.19303894042969,76.69107818603516,66.70272827148438,39980
2007-11-16,79.81336212158203,80.00850677490234,74.15422821044922,74.93479919433594,65.17518615722656,11140
2007-11-19,76.58375549316406,76.58375549316406,72.21255493164062,75.91050720214844,66.02381896972656,7128
2007-11-20,75.52022552490234,77.08136749267578,74.15422821044922,74.349365234375,64.66600036621094,16208
2007-11-21,74.67135620117188,76.10565185546875,74.06641387939453,76.10565185546875,66.19355010986328,10715
2007-11-22,75.12993621826172,77.8619384765625,73.17851257324219,73.17851257324219,63.64764404296875,10571
2007-11-23,77.4716567993164,77.4716567993164,73.17851257324219,74.13471221923828,64.47930908203125,13092
2007-11-26,75.12018585205078,78.4473648071289,75.12018585205078,77.08136749267578,67.04219055175781,6774
2007-11-27,76.10565185546875,79.03279113769531,75.91050720214844,79.03279113769531,68.73946380615234,8158
2007-11-28,79.02304077148438,79.42308044433594,75.12993621826172,75.12993621826172,65.34491729736328,9721
2007-11-29,77.8619384765625,79.81336212158203,76.31055450439453,79.03279113769531,68.73946380615234,6354
2007-11-30,78.05708312988281,82.9356460571289,76.30079650878906,79.22793579101562,68.90919494628906,12918
2007-12-03,82.74050903320312,87.81421661376953,80.34024810791016,84.12602233886719,73.1693344116211,8578
2007-12-04,83.91136169433594,87.01412963867188,83.81378936767578,85.86278533935547,74.6799087524414,3745
2007-12-05,85.47250366210938,87.81421661376953,84.3114013671875,87.4239273071289,76.03773498535156,11719
2007-12-06,87.81421661376953,96.59563446044922,85.47250366210938,86.8385009765625,75.5285415649414,52597
2007-12-07,96.59563446044922,96.59563446044922,84.88707733154297,95.61992645263672,83.166259765625,8998
2007-12-10,95.61992645263672,96.59563446044922,85.3261489868164,87.823974609375,76.38565826416016,11427
2007-12-11,94.64421081542969,96.20535278320312,85.27735900878906,85.86278533935547,74.6799087524414,9951
2007-12-12,85.86278533935547,90.7413558959961,83.93087768554688,89.73637390136719,78.04898071289062,3581
2007-12-13,84.9065933227539,89.76564025878906,84.88707733154297,89.18021392822266,77.56526184082031,7989
2007-12-14,89.76564025878906,93.27821350097656,88.78993225097656,90.7413558959961,78.92308807373047,11340
2007-12-17,92.66351318359375,92.69277954101562,87.4239273071289,89.02410125732422,77.42948913574219,11504
2007-12-18,92.68302917480469,92.68302917480469,85.86278533935547,90.15592956542969,78.4139175415039,11668
2007-12-19,89.37535858154297,92.69277954101562,89.02410125732422,90.25350189208984,78.49876403808594,2162
2007-12-20,90.35107421875,93.66849517822266,85.47250366210938,88.78993225097656,77.22582244873047,32412
2007-12-24,89.04361724853516,92.88792419433594,89.04361724853516,91.71707153320312,79.77171325683594,2772
2007-12-26,88.41915893554688,101.47420501708984,80.99398040771484,98.33240509033203,85.52547454833984,30649
2007-12-27,99.51302337646484,103.42562866210938,99.51302337646484,101.47420501708984,88.25806427001953,9439
2007-12-28,103.42562866210938,120.98847198486328,103.42562866210938,118.64676666259766,103.1940689086914,159939
2007-12-31,125.71092987060547,141.25404357910156,125.71092987060547,135.81932067871094,118.13002014160156,312079
2008-01-01,146.35702514648438,146.35702514648438,133.86788940429688,134.94117736816406,117.36626434326172,90682
2008-01-02,142.259033203125,142.259033203125,133.67274475097656,135.23388671875,117.62085723876953,44885
2008-01-03,133.68251037597656,135.81932067871094,126.84275817871094,130.9407501220703,113.8868637084961,23300
2008-01-04,132.50189208984375,134.64846801757812,127.81846618652344,127.81846618652344,111.1712417602539,14020
2008-01-07,131.71156311035156,131.71156311035156,121.96418762207031,123.4863052368164,107.40328216552734,43229
2008-01-08,128.77467346191406,128.77467346191406,120.01276397705078,120.11033630371094,104.46701049804688,15327
2008-01-09,122.93990325927734,124.89132690429688,117.08562469482422,117.08562469482422,101.83625030517578,50009
2008-01-10,121.96418762207031,126.91105651855469,120.61770629882812,123.91561889648438,107.77667999267578,23792
2008-01-11,120.01276397705078,125.47676086425781,117.30027770996094,123.7107162475586,107.59847259521484,22516
2008-01-14,123.91561889648438,125.8670425415039,120.01276397705078,121.57390594482422,105.7399673461914,32284
2008-01-15,124.89132690429688,125.57432556152344,119.03704833984375,120.01276397705078,104.38214111328125,16265
2008-01-16,122.74475860595703,122.93014526367188,115.32933807373047,120.01276397705078,104.38214111328125,29065
2008-01-17,122.54961395263672,122.54961395263672,117.48566436767578,118.06133270263672,102.68486785888672,7389
2008-01-18,122.93990325927734,122.93990325927734,117.28076171875,119.08583068847656,103.57594299316406,10289
2008-01-21,113.18276977539062,117.08562469482422,107.22116088867188,108.78229522705078,94.61434173583984,12980
2008-01-22,108.30419921875,108.30419921875,97.90309143066406,97.90309143066406,85.15206146240234,2762
2008-01-23,93.8831558227539,98.64463806152344,88.13619995117188,96.01020812988281,83.50570678710938,24617
2008-01-24,88.11668395996094,102.25477600097656,87.81421661376953,93.66849517822266,81.46900177001953,28466
2008-01-25,91.71707153320312,94.64421081542969,88.00936126708984,93.47335052490234,81.29926300048828,14676
2008-01-28,92.69277954101562,96.59563446044922,90.7413558959961,93.66849517822266,81.46900177001953,5426
2008-01-29,95.61992645263672,100.69363403320312,93.08306884765625,100.69363403320312,87.57917022705078,7953
2008-01-30,96.01020812988281,106.74305725097656,87.4239273071289,105.37705993652344,91.65261840820312,79357
2008-01-31,91.71707153320312,102.84020233154297,90.9365005493164,97.57135009765625,84.86353302001953,8603
2008-02-01,93.89291381835938,101.47420501708984,93.89291381835938,98.44949340820312,85.62731170654297,3607
2008-02-04,104.4013442993164,109.42626953125,99.7179183959961,109.42626953125,95.1744384765625,17054
2008-02-05,111.23133850097656,117.86619567871094,110.25563049316406,113.18276977539062,98.44169616699219,7158
2008-02-06,109.27991485595703,112.4021987915039,107.32848358154297,107.32848358154297,93.3498764038086,10300
2008-02-07,110.84105682373047,113.18276977539062,107.41629791259766,107.9139175415039,93.85906219482422,17090
2008-02-08,107.33824157714844,113.18276977539062,97.7860107421875,103.42562866210938,89.9553451538086,10817
2008-02-11,108.8896255493164,108.8896255493164,97.57135009765625,102.44992065429688,89.1067123413086,13149
2008-02-12,102.84020233154297,102.84020233154297,92.30249786376953,92.30249786376953,80.2808837890625,6508
2008-02-13,94.70275115966797,95.61992645263672,88.00936126708984,88.78993225097656,77.22582244873047,4934
2008-02-14,97.55183410644531,97.55183410644531,90.79989624023438,94.83935546875,82.48735809326172,4145
2008-02-15,94.44906616210938,97.76649475097656,91.71707153320312,97.76649475097656,85.03326416015625,4084
2008-02-18,97.76649475097656,100.30335235595703,95.8150634765625,99.52278137207031,86.5608139038086,2449
2008-02-19,89.76564025878906,101.79618835449219,89.76564025878906,96.99568176269531,84.36283874511719,4545
2008-02-20,100.93756103515625,100.93756103515625,96.01020812988281,96.59563446044922,84.01488494873047,7133
2008-02-21,99.13249206542969,100.49848937988281,96.81029510498047,98.36167907714844,85.55091857910156,4299
2008-02-22,97.37620544433594,98.35192108154297,95.62968444824219,95.62968444824219,83.17475891113281,4140
2008-02-25,97.57135009765625,98.53730773925781,95.8150634765625,96.59563446044922,84.01488494873047,14179
2008-02-26,97.57135009765625,98.53730773925781,96.40049743652344,98.15677642822266,85.37271118164062,11376
2008-02-27,98.68366241455078,98.7422103881836,95.62968444824219,95.62968444824219,83.17475891113281,3213
2008-02-28,97.56159210205078,97.57135009765625,96.01996612548828,97.57135009765625,84.86353302001953,33744
2008-02-29,96.59563446044922,97.57135009765625,93.67825317382812,95.61992645263672,83.166259765625,4873
2008-03-03,95.61992645263672,95.97118377685547,92.88792419433594,92.88792419433594,80.79007720947266,2623
2008-03-04,96.59563446044922,96.59563446044922,86.84825897216797,94.42955017089844,82.13092041015625,7994
2008-03-05,94.44906616210938,94.44906616210938,84.88707733154297,87.81421661376953,76.3771743774414,4606
2008-03-07,85.86278533935547,88.7801742553711,81.0622787475586,83.91136169433594,72.98265075683594,19739
2008-03-10,83.13079071044922,86.74092864990234,79.86215209960938,86.74092864990234,75.44367980957031,6318
2008-03-11,69.4708023071289,101.84497833251953,69.4708023071289,89.86321258544922,78.15930938720703,9008
2008-03-12,100.78144836425781,100.88877868652344,87.81421661376953,87.81421661376953,76.3771743774414,10981
2008-03-13,84.12602233886719,90.81941223144531,84.12602233886719,85.70667266845703,74.54412841796875,3592
2008-03-14,84.88707733154297,86.43846130371094,82.54536437988281,84.30164337158203,73.32207489013672,2254
2008-03-17,80.00850677490234,80.00850677490234,75.37387084960938,80.00850677490234,69.58808898925781,51259
2008-03-18,69.4708023071289,79.03279113769531,69.4708023071289,74.54450988769531,64.83573913574219,5308
2008-03-19,85.86278533935547,85.86278533935547,74.15422821044922,77.08136749267578,67.04219055175781,10971
2008-03-24,74.15422821044922,75.71537017822266,70.21234130859375,71.22708892822266,61.95038986206055,20482
2008-03-25,71.22708892822266,75.12993621826172,69.66594696044922,75.12993621826172,65.34491729736328,23813
2008-03-26,75.32508087158203,75.9007568359375,71.81251525878906,73.88102722167969,64.25867462158203,14368
2008-03-27,73.17851257324219,79.81336212158203,73.17851257324219,79.03279113769531,68.73946380615234,8250
2008-03-28,78.26197814941406,81.92090606689453,78.2522201538086,79.61822509765625,69.2486343383789,17971
2008-03-31,76.34957885742188,86.62384796142578,76.34957885742188,85.86278533935547,74.6799087524414,17043
2008-04-01,88.98506927490234,88.98506927490234,81.18911743164062,81.18911743164062,70.61495208740234,5529
2008-04-02,83.13079071044922,83.91136169433594,81.37450408935547,81.37450408935547,70.77619171142578,1255
2008-04-03,80.51587677001953,80.98422241210938,80.00850677490234,80.00850677490234,69.58808898925781,2680
2008-04-04,80.39879608154297,81.56964874267578,80.00850677490234,80.06705474853516,69.6390151977539,14122
2008-04-07,77.08136749267578,80.20365142822266,77.08136749267578,80.00850677490234,69.58808898925781,3807
2008-04-08,80.2231674194336,82.54536437988281,80.00850677490234,80.00850677490234,69.58808898925781,1906
2008-04-09,80.98422241210938,81.7647933959961,80.00850677490234,80.00850677490234,69.58808898925781,2649
2008-04-10,82.3502197265625,83.01370239257812,79.61822509765625,82.9356460571289,72.13399505615234,7358
2008-04-11,80.05729675292969,84.30164337158203,80.05729675292969,80.39879608154297,69.92755889892578,1660
2008-04-15,80.20365142822266,87.4239273071289,78.27173614501953,80.39879608154297,69.92755889892578,3141
2008-04-16,82.9161376953125,82.9161376953125,80.59393310546875,81.17936706542969,70.6064682006836,3008
2008-04-17,81.9599380493164,84.30164337158203,81.3452377319336,84.30164337158203,73.32207489013672,4857
2008-04-21,85.47250366210938,85.86278533935547,82.13556671142578,83.91136169433594,72.98265075683594,4304
2008-04-22,84.77974700927734,84.78950500488281,83.13079071044922,83.53083038330078,72.65166473388672,2915
2008-04-23,83.13079071044922,85.66764831542969,83.13079071044922,83.52107238769531,72.64317321777344,4125
2008-04-24,85.66764831542969,86.8385009765625,83.52107238769531,83.52107238769531,72.64317321777344,8229
2008-04-25,85.08221435546875,85.47250366210938,83.81378936767578,85.47250366210938,74.3404541015625,1086
2008-04-28,85.27735900878906,85.27735900878906,82.9356460571289,84.88707733154297,73.8312759399414,4396
2008-04-29,83.13079071044922,89.37535858154297,83.13079071044922,89.27778625488281,77.65013122558594,8532
2008-04-30,88.78993225097656,88.78993225097656,85.8823013305664,88.00936126708984,76.54691314697266,3038
2008-05-02,88.00936126708984,88.00936126708984,84.88707733154297,84.88707733154297,73.8312759399414,2490
2008-05-05,85.08221435546875,87.41416931152344,83.91136169433594,83.91136169433594,72.98265075683594,1234
2008-05-06,85.42372131347656,91.71707153320312,84.92610168457031,88.18498992919922,76.69966888427734,7404
2008-05-07,86.46772766113281,87.9312973022461,83.91136169433594,83.91136169433594,72.98265075683594,12129
2008-05-08,82.9356460571289,85.84327697753906,82.9356460571289,83.91136169433594,72.98265075683594,3043
2008-05-09,88.78993225097656,88.78993225097656,84.72120666503906,86.2530746459961,75.01934814453125,10284
2008-05-12,85.86278533935547,95.2296371459961,85.86278533935547,89.76564025878906,78.07444763183594,28051
2008-05-13,90.35107421875,93.47335052490234,85.08221435546875,85.08221435546875,74.00099182128906,19401
2008-05-14,89.76564025878906,93.27821350097656,86.64335632324219,92.69277954101562,80.62035369873047,14322
2008-05-15,93.47335052490234,96.20535278320312,92.30249786376953,95.9321517944336,83.43783569335938,7435
2008-05-16,96.40049743652344,97.18106842041016,93.86363983154297,94.25392150878906,81.97816467285156,5575
2008-05-20,94.25392150878906,96.40049743652344,91.71707153320312,91.96099853515625,79.9838638305664,4376
2008-05-21,93.08306884765625,96.01020812988281,89.59001159667969,96.01020812988281,83.50570678710938,1101
2008-05-22,91.13164520263672,95.33696746826172,88.78993225097656,91.71707153320312,79.77171325683594,2803
2008-05-23,97.57135009765625,97.57135009765625,90.7413558959961,92.69277954101562,80.62035369873047,4750
2008-05-26,91.91221618652344,93.47335052490234,88.78993225097656,89.57050323486328,77.90471649169922,4181
2008-05-27,91.71707153320312,94.05878448486328,87.4239273071289,88.20449829101562,76.71661376953125,55461
2008-05-28,91.52192687988281,93.74655151367188,89.76564025878906,90.75111389160156,78.93157958984375,51193
2008-05-29,93.66849517822266,94.44906616210938,89.76564025878906,94.25392150878906,81.97816467285156,28830
2008-05-30,89.8144302368164,91.67803955078125,87.14097595214844,89.76564025878906,78.07444763183594,12160
2008-06-02,90.7413558959961,92.4488525390625,87.81421661376953,87.81421661376953,76.3771743774414,6036
2008-06-03,71.92960357666016,87.61907196044922,71.92960357666016,84.88707733154297,73.8312759399414,10740
2008-06-04,83.91136169433594,85.27735900878906,83.91136169433594,85.27735900878906,74.17073059082031,2931
2008-06-05,74.15422821044922,86.42870330810547,73.17851257324219,86.42870330810547,75.17211151123047,2065
2008-06-06,86.05792999267578,88.78993225097656,83.91136169433594,83.91136169433594,72.98265075683594,5575
2008-06-09,83.91136169433594,83.91136169433594,72.2515869140625,80.00850677490234,69.58808898925781,8163
2008-06-10,74.15422821044922,93.47335052490234,73.17851257324219,91.71707153320312,79.77171325683594,11386
2008-06-11,87.81421661376953,91.68779754638672,85.30663299560547,87.52149963378906,76.12258911132812,10074
2008-06-12,83.52107238769531,87.58004760742188,83.43326568603516,84.49678802490234,73.4918212890625,4775
2008-06-13,85.86278533935547,86.8385009765625,82.94540405273438,85.86278533935547,74.6799087524414,7758
2008-06-16,84.88707733154297,87.22879028320312,78.7010498046875,84.88707733154297,73.8312759399414,27236
2008-06-17,82.97467803955078,86.81898498535156,82.97467803955078,85.27735900878906,74.17073059082031,1434
2008-06-18,86.8385009765625,86.8385009765625,82.9356460571289,82.9356460571289,72.13399505615234,5032
2008-06-19,98.53730773925781,98.53730773925781,74.7494125366211,83.52107238769531,72.64317321777344,6820
2008-06-20,89.70709991455078,89.70709991455078,80.00850677490234,82.74050903320312,71.96427154541016,4519
2008-06-23,76.10565185546875,83.52107238769531,76.10565185546875,80.39879608154297,69.92755889892578,8573
2008-06-24,81.9599380493164,82.64293670654297,77.30577850341797,77.30577850341797,67.23737335205078,7420
2008-06-25,74.15422821044922,80.76956176757812,74.15422821044922,79.42308044433594,69.07891082763672,4243
2008-06-26,78.15465545654297,84.68217468261719,78.15465545654297,79.22793579101562,68.90919494628906,10786
2008-06-27,81.47207641601562,81.47207641601562,75.6177978515625,79.46210479736328,69.11286163330078,860
2008-06-30,78.54493713378906,81.9599380493164,74.15422821044922,81.9599380493164,71.28536224365234,8060
2008-07-01,82.87710571289062,82.87710571289062,69.4708023071289,75.71537017822266,65.8541030883789,9741
2008-07-02,66.33876037597656,79.03279113769531,66.33876037597656,74.54450988769531,64.83573913574219,7184
2008-07-03,73.86151123046875,80.96470642089844,73.86151123046875,74.15422821044922,64.49628448486328,4601
2008-07-04,77.8619384765625,81.56964874267578,68.58290100097656,77.95951080322266,67.80596160888672,963
2008-07-07,80.00850677490234,84.10650634765625,78.4473648071289,81.58916473388672,70.96289825439453,5847
2008-07-08,80.20365142822266,82.74050903320312,80.00850677490234,82.54536437988281,71.7945556640625,230
2008-07-09,74.35912322998047,92.69277954101562,74.35912322998047,92.69277954101562,80.62035369873047,27543
2008-07-10,96.01996612548828,96.01996612548828,84.10650634765625,89.37535858154297,77.73501586914062,6349
2008-07-11,89.76564025878906,90.43888854980469,83.94063568115234,86.39942932128906,75.14666748046875,2188
2008-07-14,85.85303497314453,86.4482192993164,81.9599380493164,84.8773193359375,73.8227767944336,3013
2008-07-15,79.42308044433594,83.31617736816406,79.03279113769531,81.9599380493164,72.62108612060547,2321
2008-07-16,78.847412109375,84.68217468261719,78.847412109375,79.03279113769531,70.0274658203125,917
2008-07-17,79.07182312011719,81.9599380493164,78.47663879394531,81.9599380493164,72.62108612060547,6631
2008-07-18,81.9599380493164,87.4239273071289,78.847412109375,87.4239273071289,77.46247863769531,5114
2008-07-21,84.88707733154297,85.18954467773438,84.88707733154297,85.18954467773438,75.48269653320312,158
2008-07-22,83.82354736328125,87.22879028320312,81.88188171386719,85.86278533935547,76.0792236328125,1593
2008-07-23,84.69193267822266,87.81421661376953,84.49678802490234,84.96513366699219,75.28386688232422,4330
2008-07-24,88.00936126708984,88.59478759765625,81.9599380493164,81.9599380493164,72.62108612060547,8414
2008-07-25,82.9356460571289,85.86278533935547,81.9599380493164,82.9356460571289,73.48561096191406,6359
2008-07-28,82.19410705566406,85.86278533935547,82.19410705566406,85.86278533935547,76.0792236328125,9869
2008-07-29,85.86278533935547,85.86278533935547,85.86278533935547,85.86278533935547,76.0792236328125,0
2008-07-30,85.86278533935547,85.86278533935547,85.86278533935547,85.86278533935547,76.0792236328125,0
2008-07-31,85.86278533935547,85.86278533935547,85.86278533935547,85.86278533935547,76.0792236328125,0
2008-08-01,85.86278533935547,85.86278533935547,85.86278533935547,85.86278533935547,76.0792236328125,0
2008-08-04,85.86278533935547,85.86278533935547,85.86278533935547,85.86278533935547,76.0792236328125,0
2008-08-05,85.86278533935547,85.86278533935547,85.86278533935547,85.86278533935547,76.0792236328125,0
2008-08-06,85.86278533935547,85.86278533935547,85.86278533935547,85.86278533935547,76.0792236328125,0
2008-08-07,85.86278533935547,85.86278533935547,85.86278533935547,85.86278533935547,76.0792236328125,0
2008-08-08,85.86278533935547,85.86278533935547,85.86278533935547,85.86278533935547,76.0792236328125,0
2008-08-11,85.86278533935547,85.86278533935547,85.86278533935547,85.86278533935547,76.0792236328125,0
2008-08-12,85.86278533935547,85.86278533935547,85.86278533935547,85.86278533935547,76.0792236328125,0
2008-08-13,85.86278533935547,85.86278533935547,85.86278533935547,85.86278533935547,76.0792236328125,0
2008-08-14,85.86278533935547,85.86278533935547,85.86278533935547,85.86278533935547,76.0792236328125,0
2008-08-18,83.01370239257812,84.88707733154297,82.95516204833984,83.80403137207031,74.25505065917969,6549
2008-08-19,84.86756134033203,89.54122924804688,83.91136169433594,85.60910034179688,75.85444641113281,3095
2008-08-20,88.20449829101562,88.20449829101562,81.9599380493164,81.9599380493164,72.62108612060547,17976
2008-08-21,87.81421661376953,90.35107421875,82.95516204833984,83.32593536376953,73.8314437866211,1767
2008-08-22,76.11540985107422,82.0965347290039,76.11540985107422,82.0965347290039,72.74210357666016,20
2008-08-25,85.76522064208984,85.76522064208984,81.17936706542969,82.9356460571289,73.48561096191406,12021
2008-08-26,80.39879608154297,82.92588806152344,80.39879608154297,80.98422241210938,71.75654602050781,107
2008-08-27,72.2223129272461,85.66764831542969,72.2223129272461,81.17936706542969,71.92945861816406,4775
2008-08-28,80.98422241210938,82.74050903320312,80.98422241210938,82.74050903320312,73.31270599365234,937
2008-08-29,81.96968841552734,91.46338653564453,81.96968841552734,84.73096466064453,75.07636260986328,33385
2008-09-01,83.52107238769531,86.8385009765625,83.52107238769531,83.93087768554688,74.3674545288086,512
2008-09-02,84.10650634765625,90.7413558959961,83.91136169433594,90.7413558959961,80.40190124511719,5411
2008-09-04,86.05792999267578,91.69755554199219,86.05792999267578,86.05792999267578,76.25214385986328,6010
2008-09-05,87.7947006225586,88.16547393798828,84.89683532714844,87.80445861816406,77.79965209960938,1388
2008-09-08,87.61907196044922,87.61907196044922,84.69193267822266,86.2530746459961,76.42504119873047,2249
2008-09-09,84.88707733154297,86.22380065917969,83.42350769042969,84.2040786743164,74.60950469970703,502
2008-09-10,83.91136169433594,86.8385009765625,82.16483306884766,84.88707733154297,75.21469116210938,5759
2008-09-11,85.84327697753906,85.84327697753906,83.91136169433594,83.91136169433594,74.35015869140625,2024
2008-09-12,85.47250366210938,91.69755554199219,83.15030670166016,91.69755554199219,81.2491683959961,8040
2008-09-15,84.2040786743164,85.66764831542969,81.00373840332031,82.94540405273438,73.4942626953125,7030
2008-09-16,79.22793579101562,83.91136169433594,78.54493713378906,79.99874877929688,70.88336181640625,28666
2008-09-17,78.94497680664062,82.54536437988281,78.54493713378906,80.39879608154297,71.23783111572266,2352
2008-09-18,78.05708312988281,81.16960906982422,70.34894561767578,80.00850677490234,70.89199829101562,3125
2008-09-19,78.54493713378906,81.9599380493164,78.54493713378906,79.08158111572266,70.07069396972656,1112
2008-09-22,80.78907775878906,80.78907775878906,78.05708312988281,79.22793579101562,70.20038604736328,1491
2008-09-23,78.05708312988281,80.5549087524414,78.05708312988281,78.07659149169922,69.18021392822266,4248
2008-09-24,78.05708312988281,80.00850677490234,75.52022552490234,79.61822509765625,70.54618072509766,2572
2008-09-25,75.44216918945312,81.9599380493164,75.44216918945312,77.99853515625,69.11107635498047,2060
2008-09-26,78.05708312988281,79.03279113769531,75.1689682006836,78.34979248046875,69.42229461669922,11550
2008-09-29,78.05708312988281,78.05708312988281,75.42265319824219,76.10565185546875,67.43385314941406,15368
2008-09-30,70.27088928222656,80.00850677490234,70.27088928222656,80.00850677490234,70.89199829101562,6943
2008-10-01,73.39317321777344,80.4963607788086,73.39317321777344,77.4716567993164,68.64421081542969,3525
2008-10-03,80.98422241210938,80.98422241210938,76.10565185546875,76.11540985107422,67.44252014160156,871
2008-10-06,91.31702423095703,91.31702423095703,71.22708892822266,74.20301055908203,65.74801635742188,24090
2008-10-07,74.15422821044922,76.08613586425781,72.20279693603516,72.20279693603516,63.9757194519043,9054
2008-10-08,72.2223129272461,73.27608489990234,70.64165496826172,70.83679962158203,62.76536178588867,142751
2008-10-10,72.9736099243164,72.9736099243164,60.68938064575195,60.68938064575195,53.77418518066406,17797
2008-10-13,66.73880767822266,71.22708892822266,66.36803436279297,71.22708892822266,63.11119079589844,65972
2008-10-14,73.17851257324219,73.17851257324219,69.8903579711914,71.24659729003906,63.12846755981445,268434
2008-10-15,70.27088928222656,72.20279693603516,63.42137908935547,63.42137908935547,56.19488525390625,121634
2008-10-16,63.226234436035156,65.27523040771484,59.518524169921875,63.42137908935547,56.19488525390625,57983
2008-10-17,62.44566345214844,65.17766571044922,61.66509246826172,63.42137908935547,56.19488525390625,27779
2008-10-20,63.18720626831055,65.27523040771484,61.27480697631836,65.1191177368164,57.699180603027344,2239
2008-10-21,64.9825210571289,72.19303894042969,61.27480697631836,66.93394470214844,59.30721664428711,48318
2008-10-22,63.43113327026367,70.05622863769531,63.43113327026367,69.4708023071289,61.55501174926758,1562
2008-10-23,62.44566345214844,67.32423400878906,62.44566345214844,63.616519927978516,56.36779022216797,12355
2008-10-24,60.68938064575195,63.42137908935547,60.10395050048828,60.10395050048828,53.255462646484375,7461
2008-10-27,50.73710250854492,59.518524169921875,49.761390686035156,52.68852996826172,46.68498611450195,3838
2008-10-29,52.044559478759766,61.46995162963867,52.044559478759766,58.15252685546875,51.526390075683594,527
2008-10-31,58.3476676940918,58.3476676940918,54.07404327392578,55.61566925048828,49.27859115600586,1588
2008-11-03,56.59138488769531,59.508766174316406,56.59138488769531,58.542808532714844,51.872196197509766,1199
2008-11-04,58.15252685546875,60.48448181152344,58.15252685546875,58.542808532714844,51.872196197509766,1024
2008-11-05,59.32337951660156,59.32337951660156,54.688743591308594,56.24988555908203,49.84054183959961,1219
2008-11-06,51.22496032714844,63.32380676269531,49.175960540771484,58.542808532714844,51.872196197509766,14445
2008-11-07,58.52329635620117,58.53305435180664,53.67399978637695,53.67399978637695,47.55815887451172,7394
2008-11-10,54.249671936035156,57.95738220214844,54.249671936035156,54.89364242553711,48.63883590698242,1716
2008-11-11,54.54238510131836,56.59138488769531,53.664241790771484,53.664241790771484,47.54951477050781,712
2008-11-12,51.32252883911133,55.127811431884766,51.32252883911133,51.907958984375,45.99334716796875,2116
2008-11-14,52.883670806884766,54.42530059814453,51.71281433105469,51.71281433105469,45.82044219970703,1383
2008-11-17,59.8892936706543,59.8892936706543,49.27353286743164,49.761390686035156,44.091373443603516,1660
2008-11-18,48.005104064941406,50.73710250854492,47.61481857299805,50.541961669921875,44.78300094604492,7071
2008-11-19,48.20024871826172,49.37110137939453,47.653846740722656,48.005104064941406,42.535194396972656,29091
2008-11-20,46.05367660522461,47.21477508544922,40.97996520996094,45.85853576660156,40.63322067260742,9300
2008-11-21,45.077964782714844,46.82448959350586,41.780052185058594,43.253379821777344,38.32490539550781,1568
2008-11-24,43.321678161621094,45.029178619384766,42.73625183105469,42.73625183105469,37.86670684814453,4919
2008-11-25,44.707191467285156,46.83424758911133,44.49253463745117,44.49253463745117,39.422874450683594,16644
2008-11-26,40.70676803588867,46.4342041015625,40.70676803588867,44.49253463745117,39.422874450683594,2915
2008-11-27,44.49253463745117,44.49253463745117,44.49253463745117,44.49253463745117,39.422874450683594,0
2008-11-28,44.49253463745117,44.49253463745117,42.541107177734375,44.10224914550781,39.07705307006836,1716
2008-12-01,43.321678161621094,44.42423629760742,42.541107177734375,42.541107177734375,37.69379425048828,210
2008-12-02,42.92163848876953,42.931392669677734,40.589683532714844,40.589683532714844,35.96472930908203,830
2008-12-03,40.589683532714844,41.46782302856445,39.418827056884766,41.272682189941406,36.56990432739258,1849
2008-12-04,42.931392669677734,43.03872299194336,38.30651092529297,42.73625183105469,37.86670684814453,333
2008-12-05,37.662540435791016,43.907108306884766,37.662540435791016,38.052825927734375,33.71692657470703,6303
2008-12-08,40.78482437133789,45.829261779785156,39.03829574584961,40.00425338745117,35.44599914550781,2495
2008-12-10,44.46326446533203,44.46326446533203,40.00425338745117,43.70220947265625,38.72259521484375,5175
2008-12-11,40.00425338745117,43.243621826171875,40.00425338745117,41.46782302856445,36.74280548095703,768
2008-12-12,41.662967681884766,43.321678161621094,39.24319839477539,42.67770767211914,37.8148307800293,3146
2008-12-15,45.848777770996094,45.85853576660156,42.541107177734375,43.907108306884766,38.90414810180664,2731
2008-12-16,43.12653732299805,47.80996322631836,43.12653732299805,44.687679290771484,39.59578323364258,5360
2008-12-17,46.44396209716797,46.609832763671875,39.809112548828125,41.95568084716797,37.175079345703125,1931
2008-12-18,41.56539535522461,44.4730224609375,41.56539535522461,42.931392669677734,38.03961181640625,604
2008-12-19,45.65363311767578,45.65363311767578,43.165565490722656,44.88282012939453,39.7686882019043,1327
2008-12-22,46.63910675048828,46.63910675048828,45.077964782714844,46.541534423828125,41.238399505615234,3382
2008-12-23,44.687679290771484,45.64387893676758,40.97996520996094,43.88759231567383,38.886863708496094,5493
2008-12-24,42.931392669677734,43.907108306884766,40.10182571411133,42.87285232543945,37.98773956298828,4325
2008-12-26,42.931392669677734,44.687679290771484,40.00425338745117,40.00425338745117,35.44599914550781,2674
2008-12-29,42.053253173828125,42.131309509277344,39.252952575683594,39.252952575683594,34.780303955078125,2628
2008-12-30,42.931392669677734,42.931392669677734,40.160369873046875,40.589683532714844,35.96472930908203,6492
2008-12-31,42.73625183105469,48.20024871826172,38.24797058105469,39.028541564941406,34.58147048950195,75513
2009-01-02,44.687679290771484,44.687679290771484,41.419036865234375,42.541107177734375,37.69379425048828,3571
2009-01-05,40.570167541503906,44.10224914550781,40.570167541503906,43.71196365356445,38.731239318847656,9316
2009-01-06,42.65819549560547,43.633907318115234,41.497093200683594,42.463050842285156,37.624637603759766,6338
2009-01-07,43.907108306884766,43.907108306884766,40.97996520996094,42.34596633911133,37.52089309692383,8603
2009-01-09,40.00425338745117,42.931392669677734,39.252952575683594,41.37025451660156,36.65635299682617,1998
2009-01-12,40.589683532714844,41.93616485595703,40.00425338745117,40.00425338745117,35.44599914550781,2715
2009-01-13,40.00425338745117,40.00425338745117,37.88695526123047,38.4528694152832,34.071388244628906,6810
2009-01-14,40.00425338745117,40.00425338745117,37.07711410522461,39.916439056396484,35.36819839477539,1916
2009-01-15,38.052825927734375,39.97498321533203,38.052825927734375,39.74081039428711,35.21257400512695,1014
2009-01-16,38.082096099853516,39.028541564941406,38.082096099853516,38.2869987487793,33.92441940307617,927
2009-01-19,40.00425338745117,40.00425338745117,38.24797058105469,38.65776824951172,34.2529411315918,374
2009-01-20,38.443111419677734,39.487125396728516,38.052825927734375,38.052825927734375,33.71692657470703,2823
2009-01-21,37.46739959716797,39.535911560058594,37.46739959716797,37.46739959716797,33.19820785522461,1455
2009-01-22,39.028541564941406,39.028541564941406,37.09662628173828,37.09662628173828,32.86968231201172,1106
2009-01-23,37.09662628173828,37.643028259277344,36.68682861328125,37.643028259277344,33.35382843017578,317
2009-01-27,36.10139846801758,39.028541564941406,35.90625762939453,39.028541564941406,34.58147048950195,1450
2009-01-28,37.07711410522461,37.46739959716797,36.68682861328125,37.07711410522461,32.85239028930664,491
2009-01-29,36.68682861328125,37.46739959716797,36.68682861328125,37.07711410522461,32.85239028930664,1086
2009-01-30,35.54524230957031,38.052825927734375,35.54524230957031,38.052825927734375,33.71692657470703,579
2009-02-02,37.07711410522461,40.00425338745117,36.8819694519043,38.999267578125,34.555538177490234,2849
2009-02-03,38.091854095458984,39.75056838989258,38.052825927734375,39.565181732177734,35.05696487426758,461
2009-02-04,37.311283111572266,39.418827056884766,37.311283111572266,38.4528694152832,34.071388244628906,1532
2009-02-05,37.46739959716797,39.22368240356445,37.272254943847656,38.4528694152832,34.071388244628906,1260
2009-02-06,39.028541564941406,39.028541564941406,38.062583923339844,38.07234191894531,33.734222412109375,579
2009-02-09,38.24797058105469,38.81388473510742,38.24797058105469,38.63825607299805,34.23564910888672,994
2009-02-10,38.24797058105469,40.00425338745117,36.32581329345703,37.73084259033203,33.431636810302734,65347
2009-02-11,37.07711410522461,38.023555755615234,36.501441955566406,37.07711410522461,32.85239028930664,3976
2009-02-12,36.53071212768555,38.20894241333008,36.53071212768555,36.76488494873047,32.575740814208984,1598
2009-02-13,38.833396911621094,38.833396911621094,36.569740295410156,37.46739959716797,33.19820785522461,3059
2009-02-16,37.07711410522461,37.84792709350586,36.159942626953125,36.511199951171875,32.3509635925293,691
2009-02-17,36.68682861328125,36.68682861328125,35.51597213745117,35.51597213745117,31.469139099121094,2377
2009-02-18,35.32082748413086,35.418399810791016,34.17924499511719,34.52074432373047,30.58730697631836,4278
2009-02-19,34.77442932128906,35.85747146606445,34.15972900390625,34.257301330566406,30.353883743286133,5580
2009-02-20,34.9305419921875,35.7598991394043,33.174259185791016,33.174259185791016,29.39424705505371,5452
2009-02-24,33.174259185791016,34.54025650024414,32.783973693847656,34.14021682739258,30.250137329101562,1188
2009-02-25,38.833396911621094,38.833396911621094,33.16450119018555,33.174259185791016,29.39424705505371,3110
2009-02-26,32.88154602050781,33.564544677734375,32.198543548583984,32.3936882019043,28.70261573791504,696
2009-02-27,35.028114318847656,35.20374298095703,32.58883285522461,34.07191467285156,30.189619064331055,1808
2009-03-02,33.535274505615234,33.535274505615234,32.49126052856445,32.49126052856445,28.789072036743164,635
2009-03-03,31.242345809936523,32.6864013671875,30.4422607421875,31.22283172607422,27.665172576904297,6482
2009-03-04,30.4422607421875,32.198543548583984,29.85683250427246,31.22283172607422,27.665172576904297,5360
2009-03-05,30.969146728515625,31.22283172607422,25.924707412719727,26.87114906311035,23.809341430664062,40503
2009-03-06,27.80783462524414,27.866376876831055,26.53940773010254,27.319978713989258,24.207027435302734,1988
2009-03-09,28.295690536499023,28.295690536499023,26.344263076782227,26.344263076782227,23.342491149902344,8163
2009-03-12,26.53940773010254,27.710262298583984,26.168636322021484,27.710262298583984,24.552839279174805,1665
2009-03-13,27.710262298583984,28.881120681762695,27.06629180908203,28.295690536499023,25.071563720703125,35860
2009-03-16,29.700719833374023,30.24711799621582,28.139577865600586,30.24711799621582,26.800636291503906,5083
2009-03-17,29.271404266357422,30.149547576904297,28.685977935791016,28.685977935791016,25.41737937927246,3064
2009-03-18,34.14021682739258,34.14021682739258,29.564119338989258,29.886104583740234,26.480756759643555,2541
2009-03-19,31.22283172607422,31.22283172607422,29.271404266357422,30.59837532043457,27.111867904663086,3412
2009-03-20,29.144561767578125,30.24711799621582,29.144561767578125,29.154319763183594,25.832355499267578,2562
2009-03-23,27.319978713989258,29.66168975830078,27.319978713989258,28.1981201171875,24.985109329223633,17899
2009-03-24,29.66168975830078,29.66168975830078,28.12006378173828,28.676219940185547,25.408733367919922,26918
2009-03-25,29.261648178100586,30.032461166381836,27.710262298583984,28.295690536499023,25.071563720703125,61790
2009-03-26,29.076261520385742,30.813032150268555,29.076261520385742,30.05197525024414,26.627731323242188,15511
2009-03-27,29.271404266357422,30.82278823852539,29.076261520385742,29.886104583740234,26.480756759643555,14855
2009-03-30,29.076261520385742,30.83254623413086,27.905406951904297,28.295690536499023,25.071563720703125,28604
2009-03-31,30.227603912353516,30.227603912353516,27.827348709106445,28.12006378173828,24.915945053100586,132441
2009-04-01,28.490833282470703,29.85683250427246,28.00297737121582,29.47630500793457,26.117656707763672,9541
2009-04-02,28.31520652770996,32.00340270996094,28.295690536499023,29.847076416015625,26.446176528930664,61621
2009-04-06,32.17903137207031,35.43791580200195,32.17903137207031,35.43791580200195,31.399974822998047,169081
2009-04-08,36.76488494873047,42.53135299682617,36.10139846801758,42.53135299682617,37.68516540527344,407491
2009-04-09,46.78546142578125,46.78546142578125,42.931392669677734,43.8973503112793,38.895511627197266,533804
2009-04-13,45.351165771484375,46.05367660522461,42.541107177734375,44.326663970947266,39.27589797973633,83446
2009-04-15,44.07297897338867,45.50727844238281,43.02896499633789,43.02896499633789,38.12607192993164,49240
2009-04-16,43.907108306884766,44.66816329956055,40.00425338745117,41.360496520996094,36.647708892822266,37183
2009-04-17,41.56539535522461,44.10224914550781,40.921424865722656,41.760536193847656,37.00216293334961,25079
2009-04-20,40.97996520996094,44.49253463745117,40.218910217285156,41.56539535522461,36.829261779785156,10105
2009-04-21,40.07255554199219,45.7219352722168,40.07255554199219,45.7219352722168,40.51219177246094,179176
2009-04-22,46.814735412597656,47.78068923950195,43.12653732299805,43.321678161621094,38.385433197021484,91809
2009-04-23,44.88282012939453,44.88282012939453,42.02397918701172,43.175323486328125,38.2557487487793,17300
2009-04-24,42.053253173828125,44.687679290771484,42.053253173828125,42.73625183105469,37.86670684814453,20420
2009-04-27,47.25380325317383,47.25380325317383,42.931392669677734,44.11200714111328,39.0857048034668,14568
2009-04-28,42.365478515625,43.487552642822266,41.95568084716797,41.96543884277344,37.1837272644043,8829
2009-04-29,43.907108306884766,43.907108306884766,41.497093200683594,42.01422119140625,37.22694778442383,6887
2009-04-30,42.01422119140625,42.01422119140625,42.01422119140625,42.01422119140625,37.22694778442383,0
2009-05-04,41.59466552734375,44.258365631103516,41.59466552734375,43.516822814941406,38.5583381652832,8163
2009-05-05,46.541534423828125,46.541534423828125,41.95568084716797,43.8973503112793,38.895511627197266,9695
2009-05-06,44.287635803222656,45.448734283447266,43.526580810546875,43.907108306884766,38.90414810180664,44147
2009-05-07,44.7657356262207,45.4682502746582,43.71196365356445,45.4682502746582,40.28741455078125,27523
2009-05-08,45.85853576660156,45.85853576660156,44.11200714111328,44.88282012939453,39.7686882019043,7896
2009-05-11,44.88282012939453,50.73710250854492,44.092491149902344,46.24882125854492,40.97904586791992,134701
2009-05-12,46.853763580322266,48.45393371582031,45.27310562133789,46.10246276855469,40.8493537902832,23234
2009-05-13,46.8440055847168,47.322105407714844,45.51703643798828,46.05367660522461,40.80613327026367,11022
2009-05-14,45.27310562133789,46.83424758911133,43.946136474609375,45.85853576660156,40.63322067260742,7666
2009-05-15,46.83424758911133,50.541961669921875,46.10246276855469,47.80996322631836,42.36229705810547,28471
2009-05-18,57.11827087402344,57.11827087402344,57.11827087402344,57.11827087402344,50.60997772216797,256
2009-05-19,48.005104064941406,64.00680541992188,48.005104064941406,62.64080810546875,55.503257751464844,90277
2009-05-20,59.71366882324219,67.90966033935547,58.55256652832031,65.95823669433594,58.442684173583984,45602
2009-05-21,69.861083984375,69.861083984375,60.12346649169922,60.89427947998047,53.95573425292969,24843
2009-05-22,63.42137908935547,65.15814971923828,61.89926528930664,64.20195007324219,56.88652038574219,14071
2009-05-25,64.3970947265625,68.29019165039062,64.3970947265625,66.34851837158203,58.78849411010742,15937
2009-05-26,68.2999496459961,70.25137329101562,62.474937438964844,62.474937438964844,55.356292724609375,24377
2009-05-27,64.3970947265625,68.2999496459961,64.3970947265625,68.28043365478516,60.500274658203125,46222
2009-05-28,70.25137329101562,75.01285552978516,67.43156433105469,75.01285552978516,66.46559143066406,202995
2009-05-29,82.5160903930664,82.5160903930664,80.98422241210938,82.5160903930664,73.11386108398438,22972
2009-06-01,86.64335632324219,86.64335632324219,83.91136169433594,86.05792999267578,76.25214385986328,513885
2009-06-02,86.2530746459961,86.2530746459961,82.16483306884766,84.5943603515625,74.95532989501953,84420
2009-06-03,83.91136169433594,86.2530746459961,80.66223907470703,81.9599380493164,72.62108612060547,43455
2009-06-04,80.98422241210938,83.52107238769531,78.64250946044922,82.15507507324219,72.79398345947266,27369
2009-06-05,82.9356460571289,85.35541534423828,81.97944641113281,82.05750274658203,72.7075424194336,41210
2009-06-08,87.541015625,87.541015625,82.94540405273438,82.94540405273438,73.4942626953125,103042
2009-06-09,84.9065933227539,86.74092864990234,82.54536437988281,84.69193267822266,75.04178619384766,42353
2009-06-10,85.27735900878906,86.64335632324219,81.9599380493164,84.10650634765625,74.52306365966797,47201
2009-06-11,84.10650634765625,84.10650634765625,79.61822509765625,81.56964874267578,72.27526092529297,17863
2009-06-12,81.9599380493164,82.74050903320312,79.22793579101562,81.17936706542969,71.92945861816406,8363
2009-06-15,80.78907775878906,83.891845703125,77.8619384765625,80.00850677490234,70.89199829101562,58818
2009-06-16,79.97923278808594,83.46253204345703,78.4473648071289,82.15507507324219,72.79398345947266,20933
2009-06-17,84.2918930053711,84.2918930053711,79.19866943359375,80.39879608154297,71.23783111572266,10786
2009-06-18,80.00850677490234,80.98422241210938,76.10565185546875,77.08136749267578,68.29838562011719,19478
2009-06-19,75.34459686279297,79.9889907836914,75.34459686279297,78.46688079833984,69.52603912353516,8132
2009-06-22,80.20365142822266,80.98422241210938,76.38861083984375,76.98379516601562,68.21194458007812,13636
2009-06-23,76.30079650878906,78.05708312988281,73.57855224609375,76.12516784667969,67.4511489868164,7481
2009-06-24,77.10088348388672,79.77433776855469,76.50569915771484,78.83765411376953,69.85457611083984,8588
2009-06-25,81.37450408935547,81.37450408935547,74.93479919433594,78.64250946044922,69.6816635131836,24028
2009-06-26,78.05708312988281,78.8181381225586,74.93479919433594,78.05708312988281,69.1629409790039,16265
2009-06-29,74.54450988769531,81.75503540039062,74.15422821044922,80.43782043457031,71.27239990234375,16449
2009-06-30,83.71621704101562,83.71621704101562,77.4716567993164,78.83765411376953,69.85457611083984,14230
2009-07-01,77.08136749267578,79.03279113769531,74.83722686767578,78.2522201538086,69.33582305908203,23049
2009-07-02,75.32508087158203,80.75005340576172,74.84698486328125,77.4716567993164,68.64421081542969,30562
2009-07-03,80.39879608154297,80.78907775878906,78.4473648071289,78.58396911621094,69.62979125976562,6764
2009-07-06,77.66679382324219,80.57442474365234,74.78843688964844,75.12993621826172,66.56932067871094,32432
2009-07-07,74.73965454101562,79.03279113769531,73.17851257324219,76.10565185546875,67.43385314941406,31838
2009-07-08,77.95951080322266,77.95951080322266,71.42222595214844,76.10565185546875,67.43385314941406,19595
2009-07-09,76.10565185546875,76.10565185546875,73.17851257324219,73.39317321777344,65.03044891357422,4883
2009-07-10,75.71537017822266,76.88622283935547,72.20279693603516,74.90552520751953,66.37046813964844,8685
2009-07-13,77.2765121459961,77.2765121459961,71.22708892822266,74.15422821044922,65.70478057861328,65741
2009-07-14,73.7639389038086,77.08136749267578,73.7639389038086,76.49594116210938,67.7796859741211,33831
2009-07-15,77.76436614990234,80.00850677490234,74.9445571899414,76.88622283935547,68.12549591064453,15327
2009-07-16,77.37408447265625,80.3890380859375,77.37408447265625,78.05708312988281,69.1629409790039,12647
2009-07-17,70.25137329101562,80.9451904296875,70.25137329101562,79.03279113769531,70.0274658203125,25776
2009-07-20,83.52107238769531,85.86278533935547,79.03279113769531,83.91136169433594,74.35015869140625,112312
2009-07-21,84.88707733154297,86.8385009765625,83.13079071044922,83.34545135498047,73.84870910644531,393312
2009-07-22,82.77953338623047,82.77953338623047,77.12039947509766,80.99398040771484,73.48576354980469,162870
2009-07-23,81.7647933959961,83.90160369873047,80.2231674194336,83.71621704101562,75.95565032958984,110355
2009-07-24,83.91136169433594,89.78515625,83.13079071044922,87.81421661376953,79.67375946044922,192904
2009-07-27,87.4239273071289,89.57050323486328,85.8823013305664,86.8385009765625,78.78849792480469,35681
2009-07-28,86.2530746459961,96.40049743652344,86.05792999267578,93.45384216308594,84.79058074951172,135065
2009-07-29,90.7413558959961,100.30335235595703,90.7413558959961,97.76649475097656,88.70345306396484,222847
2009-07-30,96.98592376708984,102.44992065429688,93.72704315185547,95.75652313232422,86.87980651855469,176701
2009-07-31,97.57135009765625,99.52278137207031,92.69277954101562,93.86363983154297,85.16239166259766,157464
2009-08-03,92.88792419433594,96.6346664428711,92.88792419433594,95.4247817993164,86.57882690429688,43537
2009-08-04,96.19559478759766,100.12772369384766,95.99069213867188,97.6201400756836,88.5706558227539,61703
2009-08-05,98.54706573486328,101.04489135742188,94.00023651123047,100.69363403320312,91.35923767089844,118836
2009-08-06,99.28860473632812,107.03577423095703,98.44949340820312,103.03534698486328,93.48387908935547,170623
2009-08-07,99.9130630493164,102.5279769897461,98.54706573486328,98.54706573486328,89.41166687011719,46258
2009-08-10,99.7179183959961,101.27906036376953,92.88792419433594,92.88792419433594,84.27713775634766,51434
2009-08-11,93.66849517822266,100.49848937988281,91.95124053955078,99.81549072265625,90.5625,71368
2009-08-12,99.9130630493164,104.36231994628906,97.18106842041016,103.42562866210938,93.83798217773438,59633
2009-08-13,103.2304916381836,109.90437316894531,103.2304916381836,108.95793151855469,98.85742950439453,78522
2009-08-14,107.32848358154297,112.2070541381836,107.32848358154297,109.2896728515625,99.15841674804688,76446
2009-08-17,107.52362823486328,110.13854217529297,105.39657592773438,108.30419921875,98.26429748535156,60622
2009-08-18,108.30419921875,108.30419921875,108.30419921875,108.30419921875,98.26429748535156,0
2009-08-19,108.30419921875,108.30419921875,108.30419921875,108.30419921875,98.26429748535156,0
2009-08-20,108.30419921875,108.30419921875,108.30419921875,108.30419921875,98.26429748535156,0
2009-08-21,108.30419921875,108.30419921875,108.30419921875,108.30419921875,98.26429748535156,0
2009-08-24,126.84275817871094,126.84275817871094,110.6654281616211,111.24109649658203,100.92894744873047,52018
2009-08-25,108.8896255493164,114.4511947631836,108.8896255493164,111.67041015625,101.31846618652344,50065
2009-08-26,112.21681213378906,114.15847778320312,111.23133850097656,113.1925277709961,102.69947814941406,61534
2009-08-27,113.42669677734375,114.93904876708984,113.42669677734375,114.17799377441406,103.59358978271484,18781
2009-08-28,115.13419342041016,115.13419342041016,114.15847778320312,114.15847778320312,103.57588195800781,35814
2009-08-31,114.74391174316406,116.35383605957031,111.62162780761719,115.14395141601562,104.47001647949219,40744
2009-09-01,116.88072204589844,119.01753234863281,115.32933807373047,118.64676666259766,107.64812469482422,36983
2009-09-02,119.03704833984375,119.03704833984375,117.08562469482422,117.08562469482422,106.23167419433594,24243
2009-09-03,117.69056701660156,120.01276397705078,117.12464904785156,118.06133270263672,107.11693572998047,11760
2009-09-04,118.06133270263672,119.98348999023438,118.06133270263672,119.17364501953125,108.12614440917969,9772
2009-09-07,118.2662353515625,126.84275817871094,118.2662353515625,125.37918853759766,113.75643157958984,83754
2009-09-08,126.45246887207031,126.84275817871094,120.2079086303711,120.50061798095703,109.33008575439453,28317
2009-09-09,121.58366394042969,121.58366394042969,117.67105102539062,119.03704833984375,108.00220489501953,18068
2009-09-10,120.01276397705078,122.93990325927734,120.01276397705078,122.74475860595703,111.3662109375,26847
2009-09-11,123.52532958984375,125.6718978881836,121.96418762207031,122.93990325927734,111.54327392578125,16019
2009-09-14,119.03704833984375,124.63764190673828,119.03704833984375,121.0958023071289,109.87010955810547,11740
2009-09-15,120.2079086303711,124.50104522705078,120.2079086303711,123.65217590332031,112.18951416015625,21917
2009-09-16,123.33018493652344,126.25732421875,122.25690460205078,125.8670425415039,114.19906616210938,38525
2009-09-17,126.84275817871094,132.11160278320312,124.89132690429688,126.84275817871094,115.08431243896484,33672
2009-09-18,126.64761352539062,127.23303985595703,124.89132690429688,126.64761352539062,114.90725708007812,6897
2009-09-22,126.84275817871094,130.54071044921875,125.8670425415039,126.45246887207031,114.73021697998047,7553
2009-09-23,129.9650421142578,129.9650421142578,124.89132690429688,125.12550354003906,113.52626037597656,9828
2009-09-24,124.6961898803711,126.45246887207031,123.72047424316406,123.91561889648438,112.42853546142578,49983
2009-09-25,123.56436157226562,125.47676086425781,122.35447692871094,123.33018493652344,111.8973617553711,24909
2009-09-29,125.63287353515625,128.26730346679688,122.96917724609375,124.30590057373047,112.78263092041016,12831
2009-09-30,123.94488525390625,126.64761352539062,121.1836166381836,124.89132690429688,113.31378936767578,82985
2009-10-01,122.01297760009766,126.64761352539062,113.69013977050781,121.96418762207031,110.65800476074219,11094
2009-10-05,122.35447692871094,125.8670425415039,120.0615463256836,124.28638458251953,112.76492309570312,4786
2009-10-06,121.1836166381836,122.34471893310547,119.03704833984375,122.34471893310547,111.00325012207031,10535
2009-10-07,121.11531829833984,126.25732421875,121.11531829833984,124.40347290039062,112.87116241455078,18847
2009-10-08,124.89132690429688,143.2347412109375,124.89132690429688,139.13674926757812,126.23863983154297,340530
2009-10-09,140.6198272705078,145.9472198486328,140.50274658203125,142.4541778564453,129.24856567382812,171361
2009-10-12,143.4298858642578,152.87478637695312,143.4298858642578,150.45501708984375,136.50770568847656,455917
2009-10-13,150.45501708984375,150.45501708984375,150.45501708984375,150.45501708984375,136.50770568847656,0
2009-10-14,152.2113037109375,159.2364501953125,152.2113037109375,155.9190216064453,141.4652099609375,323829
2009-10-15,156.07513427734375,156.11416625976562,150.669677734375,151.4307403564453,137.39300537109375,68918
2009-10-16,154.1237030029297,158.93397521972656,152.4064483642578,156.8947296142578,142.35044860839844,60135
2009-10-20,163.9198760986328,163.9198760986328,153.19677734375,155.5287322998047,141.111083984375,71337
2009-10-21,153.59681701660156,162.35873413085938,153.59681701660156,156.11416625976562,141.6422576904297,97272
2009-10-22,155.13844299316406,158.65101623535156,148.30845642089844,152.0161590576172,137.9241180419922,29465
2009-10-23,155.11892700195312,156.07513427734375,149.47930908203125,152.2113037109375,138.10116577148438,12877
2009-10-26,150.65016174316406,155.5287322998047,148.71824645996094,151.235595703125,137.21592712402344,10725
2009-10-27,148.91339111328125,154.16273498535156,148.69874572753906,150.2598876953125,136.3306427001953,46811
2009-10-28,149.86959838867188,150.84530639648438,146.6009521484375,147.33273315429688,133.67486572265625,13574
2009-10-29,150.84530639648438,160.79759216308594,150.27938842773438,151.63563537597656,137.57887268066406,185648
2009-10-30,159.62672424316406,160.4073028564453,150.70870971679688,152.24058532714844,138.12774658203125,73715
2009-11-03,152.24058532714844,157.0703582763672,141.86874389648438,144.54220581054688,131.1429901123047,26175
2009-11-04,147.5278778076172,150.0257110595703,142.4541778564453,146.5521697998047,132.96665954589844,38120
2009-11-05,151.235595703125,155.5287322998047,144.79588317871094,155.5287322998047,141.111083984375,41426
2009-11-06,156.3288116455078,161.50010681152344,144.4055938720703,152.03567504882812,137.9418487548828,53893
2009-11-09,155.723876953125,158.99252319335938,151.801513671875,156.11416625976562,141.6422576904297,25909
2009-11-10,157.08987426757812,158.45587158203125,150.65016174316406,152.2113037109375,138.10116577148438,35937
2009-11-11,152.4064483642578,158.08509826660156,152.2113037109375,155.4994659423828,141.08453369140625,35512
2009-11-12,153.69439697265625,155.5287322998047,152.0161590576172,154.16273498535156,139.8717041015625,9587
2009-11-13,154.16273498535156,154.16273498535156,151.49903869628906,152.99188232421875,138.80941772460938,13692
2009-11-16,156.11416625976562,157.08987426757812,154.4554443359375,156.13368225097656,141.65994262695312,39499
2009-11-17,157.87045288085938,157.87045288085938,153.18702697753906,153.18702697753906,138.98646545410156,29557
2009-11-18,155.51898193359375,156.13368225097656,153.3821563720703,154.21151733398438,139.9159698486328,46442
2009-11-19,155.9190216064453,156.06536865234375,152.4064483642578,152.65037536621094,138.49952697753906,10018
2009-11-20,154.16273498535156,154.16273498535156,150.85507202148438,151.4307403564453,137.39300537109375,9316
2009-11-23,151.63563537597656,152.69915771484375,148.71824645996094,150.2598876953125,136.3306427001953,14322
2009-11-24,164.8955841064453,164.8955841064453,150.65992736816406,151.8405303955078,137.76478576660156,12237
2009-11-25,151.62588500976562,153.18702697753906,150.2598876953125,152.23081970214844,138.11891174316406,12708
2009-11-26,153.18702697753906,154.90428161621094,151.7429656982422,153.479736328125,139.2520294189453,36399
2009-11-27,175.43328857421875,175.43328857421875,149.28416442871094,150.27938842773438,136.34832763671875,26288
2009-11-30,149.86959838867188,157.67530822753906,149.86959838867188,153.18702697753906,138.98646545410156,26324
2009-12-01,150.2598876953125,154.62132263183594,146.36679077148438,152.4064483642578,138.27821350097656,21312
2009-12-02,152.2113037109375,159.82186889648438,152.2113037109375,152.79673767089844,138.63233947753906,126533
2009-12-03,155.87998962402344,156.30931091308594,152.60159301757812,152.60159301757812,138.45529174804688,108694
2009-12-04,152.4162139892578,154.9433135986328,152.23081970214844,152.23081970214844,138.11891174316406,10305
2009-12-07,156.6995849609375,167.82272338867188,156.30931091308594,161.59767150878906,146.617431640625,249325
2009-12-08,164.8955841064453,168.9935760498047,152.60159301757812,154.14321899414062,139.85401916503906,292457
2009-12-09,156.11416625976562,157.86068725585938,152.65037536621094,153.6163330078125,139.37596130371094,74017
2009-12-10,156.8947296142578,156.9923095703125,153.57730102539062,154.61155700683594,140.27891540527344,53694
2009-12-11,154.9433135986328,156.0556182861328,152.23081970214844,152.23081970214844,138.11891174316406,21020
2009-12-14,154.9433135986328,154.9433135986328,151.4307403564453,152.60159301757812,138.45529174804688,17889
2009-12-15,153.7626953125,154.16273498535156,152.0161590576172,152.2113037109375,138.10116577148438,33770
2009-12-16,152.0161590576172,153.69439697265625,150.65992736816406,153.18702697753906,138.98646545410156,12114
2009-12-17,152.2113037109375,154.16273498535156,150.113525390625,153.73341369628906,139.482177734375,11914
2009-12-18,151.82101440429688,154.16273498535156,151.82101440429688,153.3821563720703,139.16346740722656,24868
2009-12-21,153.96759033203125,159.81211853027344,150.27938842773438,151.05996704101562,137.0565948486328,82308
2009-12-22,152.61134338378906,153.7139129638672,152.2113037109375,152.2113037109375,138.10116577148438,9300
2009-12-23,153.16751098632812,153.96759033203125,152.23081970214844,152.99188232421875,138.80941772460938,18130
2009-12-24,153.3821563720703,153.77244567871094,152.4064483642578,153.18702697753906,138.98646545410156,20928
2009-12-29,157.05084228515625,158.06558227539062,153.18702697753906,158.04608154296875,143.3950653076172,116314
2009-12-30,157.29476928710938,161.5586395263672,155.9190216064453,157.7826385498047,143.1560516357422,138329
2009-12-31,160.00726318359375,161.3830108642578,157.08987426757812,161.09030151367188,146.15708923339844,41836
2010-01-04,162.62217712402344,164.700439453125,160.0170135498047,161.77330017089844,146.7767791748047,184992
2010-01-05,165.28587341308594,167.77394104003906,161.7050018310547,165.8712921142578,150.494873046875,147871
2010-01-06,166.35916137695312,167.4129180908203,164.31991577148438,165.48101806640625,150.14077758789062,33590
2010-01-07,167.40316772460938,167.4129180908203,161.96844482421875,163.42225646972656,148.27285766601562,31991
2010-01-08,165.8712921142578,165.8712921142578,161.9781951904297,162.16358947753906,147.13088989257812,19893
2010-01-11,161.09030151367188,163.90036010742188,161.09030151367188,162.94415283203125,147.83909606933594,27344
2010-01-12,161.46107482910156,171.14015197753906,161.46107482910156,166.2420654296875,150.83126831054688,105768
2010-01-13,166.84701538085938,169.3838653564453,165.48101806640625,166.7982177734375,151.33587646484375,55057
2010-01-14,169.744873046875,170.88645935058594,166.84701538085938,167.9788360595703,152.40704345703125,101187
2010-01-15,169.37411499023438,170.55471801757812,167.0811767578125,167.81297302246094,152.25656127929688,33308
2010-01-18,168.73013305664062,172.11585998535156,166.84701538085938,171.7158203125,155.79762268066406,89657
2010-01-19,173.47210693359375,180.48748779296875,171.72557067871094,176.75050354003906,160.3655548095703,193273
2010-01-20,176.75050354003906,176.75050354003906,176.75050354003906,176.75050354003906,160.3655548095703,0
2010-01-21,176.75050354003906,176.75050354003906,176.75050354003906,176.75050354003906,160.3655548095703,0
2010-01-22,176.75050354003906,176.75050354003906,176.75050354003906,176.75050354003906,160.3655548095703,0
2010-01-25,176.75050354003906,176.75050354003906,176.75050354003906,176.75050354003906,160.3655548095703,0
2010-01-27,176.75050354003906,176.75050354003906,176.75050354003906,176.75050354003906,160.3655548095703,0
2010-01-28,176.75050354003906,176.75050354003906,176.75050354003906,176.75050354003906,160.3655548095703,0
2010-01-29,176.75050354003906,176.75050354003906,176.75050354003906,176.75050354003906,160.3655548095703,0
2010-02-01,176.75050354003906,176.75050354003906,176.75050354003906,176.75050354003906,160.3655548095703,0
2010-02-02,176.75050354003906,176.75050354003906,176.75050354003906,176.75050354003906,160.3655548095703,0
2010-02-03,171.2377166748047,169.82293701171875,179.0922088623047,182.9462890625,165.9870147705078,333918
2010-02-04,171.2377166748047,169.82293701171875,179.0922088623047,182.9462890625,165.9870147705078,0
2010-02-05,166.21279907226562,170.74986267089844,164.8955841064453,167.18850708007812,151.69000244140625,68836
2010-02-08,160.9927215576172,173.8721466064453,160.9927215576172,165.33465576171875,150.0079803466797,37880
2010-02-09,168.31057739257812,171.82315063476562,164.45651245117188,170.89622497558594,155.0540008544922,144693
2010-02-10,175.48207092285156,175.48207092285156,167.82272338867188,171.7743682861328,155.85072326660156,37752
2010-02-11,172.7500762939453,174.65272521972656,170.603515625,171.5304412841797,155.62940979003906,21138
2010-02-15,173.6282196044922,173.6282196044922,168.89601135253906,172.554931640625,156.55892944335938,24796
2010-02-16,172.554931640625,174.65272521972656,169.09115600585938,174.26243591308594,158.10813903808594,464280
2010-02-17,174.65272521972656,182.4584197998047,173.677001953125,178.2140655517578,161.6934814453125,71260
2010-02-18,176.1162872314453,180.5070037841797,175.77479553222656,179.33615112304688,162.71153259277344,38015
2010-02-19,170.89622497558594,179.4824981689453,170.89622497558594,177.43350219726562,160.9852294921875,24517
2010-02-22,177.48228454589844,180.2142791748047,174.0185089111328,177.043212890625,160.63116455078125,21919
2010-02-23,179.53128051757812,179.53128051757812,163.9198760986328,176.40899658203125,160.05572509765625,36219
2010-02-24,175.62843322753906,187.3369903564453,175.62843322753906,179.580078125,162.93284606933594,100647
2010-02-25,183.38536071777344,195.82569885253906,181.531494140625,185.8246307373047,168.5985107421875,697305
2010-02-26,185.77584838867188,192.7034149169922,184.40985107421875,189.8738555908203,172.27239990234375,749388
2010-03-02,191.9228515625,204.3144073486328,191.7277069091797,202.1678466796875,183.4267120361328,195213
2010-03-03,206.1682586669922,216.02296447753906,182.4584197998047,187.77606201171875,170.36903381347656,911349
2010-03-04,187.82484436035156,196.02084350585938,180.6045684814453,184.1171417236328,167.04934692382812,484954
2010-03-05,187.2394256591797,197.87469482421875,184.40985107421875,196.02084350585938,177.8495330810547,379740
2010-03-08,196.99655151367188,198.06983947753906,190.36170959472656,193.48399353027344,175.5478515625,90088
2010-03-09,191.43499755859375,194.65484619140625,190.26412963867188,191.9716339111328,174.17567443847656,57108
2010-03-10,194.1182098388672,196.6062774658203,191.7277069091797,194.89877319335938,176.83148193359375,75003
2010-03-11,194.1669921875,199.7285614013672,193.67913818359375,194.55728149414062,176.52162170410156,63714
2010-03-12,194.996337890625,195.0939178466797,191.23985290527344,193.38641357421875,175.45932006835938,35218
2010-03-15,195.1427001953125,199.7285614013672,192.41070556640625,193.33763122558594,175.41505432128906,47565
2010-03-16,192.21556091308594,202.9484100341797,191.23985290527344,201.77755737304688,183.0725860595703,135231
2010-03-17,201.77755737304688,204.80226135253906,199.14312744140625,200.99697875976562,182.36439514160156,65672
2010-03-18,200.99697875976562,212.75433349609375,200.99697875976562,207.2903289794922,188.0742950439453,169638
2010-03-19,209.6808319091797,211.3395538330078,201.9727020263672,208.75390625,189.4022216796875,395971
2010-03-22,212.21768188476562,221.48696899414062,204.1192626953125,208.85147094726562,189.49078369140625,249137
2010-03-23,211.72982788085938,212.9006805419922,202.2166290283203,204.99740600585938,185.99395751953125,89493
2010-03-25,207.6318359375,210.998046875,203.43626403808594,205.1925506591797,186.1710205078125,71490
2010-03-26,207.8269805908203,209.77841186523438,202.021484375,204.50955200195312,185.5513458251953,98114
2010-03-29,207.72940063476562,233.7809600830078,205.87554931640625,217.9256134033203,197.7237091064453,1143814
2010-03-30,219.7794647216797,224.4141082763672,204.89984130859375,217.38897705078125,197.23684692382812,275584
2010-03-31,224.4141082763672,224.4141082763672,212.70555114746094,216.90110778808594,196.79420471191406,115188
2010-04-01,217.6816864013672,220.51126098632812,214.80332946777344,216.5596160888672,196.48435974121094,60137
2010-04-05,219.53553771972656,221.4381866455078,216.6083984375,217.8280487060547,197.63519287109375,110759
2010-04-06,219.53553771972656,219.53553771972656,211.24197387695312,213.63247680664062,193.82855224609375,125136
2010-04-07,216.51083374023438,216.51083374023438,212.21768188476562,213.2909698486328,193.51870727539062,45447
2010-04-08,213.2909698486328,214.5106201171875,205.87554931640625,208.4123992919922,189.0924072265625,93951
2010-04-09,209.77841186523438,213.5836944580078,209.14419555664062,210.55897521972656,191.03997802734375,67464
2010-04-12,210.0711212158203,211.72982788085938,205.48526000976562,207.24154663085938,188.03005981445312,100280
2010-04-13,207.5830535888672,210.55897521972656,205.87554931640625,207.09519958496094,187.89730834960938,145911
2010-04-15,208.8026885986328,210.55897521972656,204.89984130859375,205.48526000976562,186.4365692138672,45783
2010-04-16,204.99740600585938,209.77841186523438,202.9971923828125,205.77798461914062,186.70217895507812,58362
2010-04-19,209.58326721191406,218.55982971191406,204.89984130859375,208.50997924804688,189.180908203125,241890
2010-04-20,210.16868591308594,214.65696716308594,208.8026885986328,211.72982788085938,192.10227966308594,99115
2010-04-21,213.48611450195312,214.65696716308594,210.9492645263672,213.0470428466797,193.29737854003906,63215
2010-04-22,212.1201171875,217.09625244140625,208.8026885986328,210.8029022216797,191.2612762451172,77905
2010-04-23,211.72982788085938,215.92539978027344,210.8516845703125,212.99826049804688,193.25314331054688,35889
2010-04-26,214.94969177246094,223.6823272705078,213.1934051513672,221.68211364746094,201.1319580078125,294249
2010-04-27,221.48696899414062,233.19552612304688,219.53553771972656,227.9754638671875,206.84193420410156,508391
2010-04-28,224.4141082763672,224.4141082763672,217.5841064453125,219.73068237304688,199.36146545410156,133294
2010-04-29,222.75540161132812,224.4141082763672,218.55982971191406,219.8282470703125,199.44998168945312,116058
2010-04-30,221.87725830078125,231.0001678466797,221.48696899414062,223.58474731445312,202.85824584960938,212929
2010-05-03,221.87725830078125,227.53639221191406,219.58432006835938,220.75518798828125,200.2909698486328,45901
2010-05-04,221.58453369140625,224.36532592773438,217.14503479003906,218.6573944091797,198.38763427734375,61616
2010-05-05,211.72982788085938,230.0732421875,201.63119506835938,218.16954040527344,197.9450225830078,331456
2010-05-06,215.6326904296875,223.82867431640625,215.6326904296875,217.63290405273438,197.45816040039062,86968
2010-05-07,215.04725646972656,219.24282836914062,207.4854736328125,208.9002685546875,189.53506469726562,75313
2010-05-10,212.21768188476562,222.2675323486328,209.77841186523438,217.5353240966797,197.36962890625,122936
2010-05-11,216.4620361328125,218.55982971191406,213.82762145996094,214.99847412109375,195.06793212890625,32825
2010-05-12,216.99868774414062,219.48675537109375,215.6326904296875,218.6573944091797,198.38763427734375,44429
2010-05-13,220.0233917236328,228.80482482910156,218.0719757080078,220.60882568359375,200.15818786621094,234178
2010-05-14,224.12139892578125,224.12139892578125,219.34039306640625,220.75518798828125,200.2909698486328,45487
2010-05-17,216.6083984375,220.75518798828125,207.4854736328125,219.1940460205078,198.87457275390625,72651
2010-05-18,218.26712036132812,226.36553955078125,216.6083984375,221.73089599609375,201.17623901367188,72917
2010-05-19,218.9501190185547,223.6823272705078,214.7057647705078,217.9256134033203,197.7237091064453,72766
2010-05-20,220.85275268554688,224.31654357910156,216.7547607421875,219.1940460205078,198.87457275390625,35981
2010-05-21,215.24240112304688,220.51126098632812,211.72982788085938,217.38897705078125,197.23684692382812,37810
2010-05-24,218.55982971191406,223.63352966308594,215.3399658203125,217.29139709472656,197.14830017089844,14458
2010-05-25,214.07154846191406,214.75454711914062,204.2168426513672,206.99761962890625,187.8087615966797,42806
2010-05-26,210.55897521972656,210.9492645263672,187.2882080078125,202.70448303222656,183.9136199951172,405586
2010-05-27,205.48526000976562,205.48526000976562,195.72813415527344,197.82591247558594,179.48727416992188,153158
2010-05-28,199.33827209472656,206.8512725830078,197.09413146972656,198.75283813476562,180.32826232910156,83550
2010-05-31,199.9237060546875,202.85084533691406,197.87469482421875,200.11883544921875,181.56764221191406,46375
2010-06-01,200.41156005859375,202.36297607421875,194.1669921875,200.11883544921875,181.56764221191406,63929
2010-06-02,200.11883544921875,201.43605041503906,197.24049377441406,197.97227478027344,179.62008666992188,19743
2010-06-03,199.04556274414062,201.9727020263672,199.04556274414062,200.26519775390625,181.700439453125,30788
2010-06-04,200.8506317138672,201.72877502441406,198.06983947753906,198.99676513671875,180.5496063232422,43169
2010-06-07,195.1427001953125,198.02105712890625,190.36170959472656,194.3621368408203,176.34458923339844,66618
2010-06-08,194.89877319335938,199.53341674804688,191.630126953125,196.75262451171875,178.5134735107422,32660
2010-06-09,204.89984130859375,212.70555114746094,197.09413146972656,198.6064910888672,180.19549560546875,132626
2010-06-10,198.06983947753906,202.36297607421875,197.63076782226562,198.75283813476562,180.32826232910156,23138
2010-06-11,200.60670471191406,204.89984130859375,198.16741943359375,203.77777099609375,184.88739013671875,113978
2010-06-14,202.11904907226562,204.89984130859375,201.0457763671875,204.02169799804688,185.1087188720703,27590
2010-06-15,205.68040466308594,209.63204956054688,204.89984130859375,207.97332763671875,188.69400024414062,74274
2010-06-16,209.77841186523438,228.36575317382812,207.4366912841797,224.5604705810547,203.7435302734375,285089
2010-06-17,225.3898162841797,226.8046112060547,217.5841064453125,219.34039306640625,199.00732421875,65716
2010-06-18,219.43797302246094,219.53553771972656,215.14483642578125,216.36447143554688,196.30731201171875,27249
2010-06-21,218.55982971191406,222.95053100585938,210.41261291503906,213.5836944580078,193.7843017578125,34637
2010-06-22,214.65696716308594,217.09625244140625,208.8026885986328,209.8271942138672,190.3760223388672,61374
2010-06-23,210.75411987304688,227.34124755859375,210.16868591308594,218.55982971191406,198.29913330078125,194022
2010-06-24,220.46246337890625,227.34124755859375,219.53553771972656,221.2918243408203,200.77789306640625,157003
2010-06-25,221.48696899414062,225.5849609375,211.48590087890625,214.1691131591797,194.31541442871094,69357
2010-06-28,216.6083984375,220.60882568359375,214.94969177246094,218.0719757080078,197.85650634765625,44071
2010-06-29,217.5841064453125,220.46246337890625,215.3399658203125,216.8035430908203,196.70570373535156,25095
2010-06-30,212.21768188476562,218.9501190185547,212.21768188476562,217.29139709472656,197.14830017089844,61552
2010-07-01,215.19361877441406,219.53553771972656,210.8029022216797,212.0713348388672,192.41213989257812,42035
2010-07-02,214.60818481445312,218.41346740722656,210.70533752441406,215.97418212890625,195.95315551757812,50665
2010-07-05,214.80332946777344,218.9501190185547,214.65696716308594,215.6814727783203,195.68760681152344,55095
2010-07-06,217.9256134033203,220.51126098632812,214.65696716308594,219.14524841308594,198.83029174804688,38705
2010-07-07,222.46267700195312,222.46267700195312,217.24261474609375,218.02317810058594,197.812255859375,77383
2010-07-08,219.53553771972656,222.3163299560547,218.31590270996094,220.56004333496094,200.1139373779297,34167
2010-07-09,217.24261474609375,222.46267700195312,217.24261474609375,220.65760803222656,200.20245361328125,19794
2010-07-12,219.53553771972656,238.95223999023438,218.26712036132812,235.68359375,213.83551025390625,273400
2010-07-13,237.2935333251953,241.87937927246094,235.4884490966797,236.7568817138672,214.80931091308594,186312
2010-07-14,238.0740966796875,239.0010223388672,227.8778839111328,229.97567749023438,208.65670776367188,61842
2010-07-15,228.31695556640625,235.68359375,227.34124755859375,229.19509887695312,207.94850158691406,41006
2010-07-16,230.2683868408203,234.95181274414062,224.4141082763672,229.48782348632812,208.21409606933594,64290
2010-07-19,228.31695556640625,239.0498046875,228.31695556640625,233.2443084716797,213.8040313720703,106408
2010-07-20,234.17124938964844,237.098388671875,233.19552612304688,235.29331970214844,215.6822509765625,36248
2010-07-21,237.19595336914062,240.02552795410156,234.26881408691406,236.26902770996094,216.57662963867188,54553
2010-07-22,240.4158172607422,247.83123779296875,239.0498046875,245.9773712158203,225.475830078125,160245
2010-07-23,248.5142364501953,257.9786682128906,243.92837524414062,251.29501342773438,230.3502655029297,167010
2010-07-26,257.58837890625,257.58837890625,250.7583770751953,254.02700805664062,232.85452270507812,43288
2010-07-27,253.68551635742188,255.29544067382812,244.6113739013672,248.46543884277344,227.7565155029297,53053
2010-07-28,250.7583770751953,257.58837890625,245.8798065185547,249.73387145996094,228.9192352294922,154781
2010-07-29,250.85594177246094,251.7340850830078,243.92837524414062,246.36766052246094,225.83358764648438,69920
2010-07-30,247.78244018554688,248.85572814941406,239.0498046875,241.4890899658203,221.3616180419922,79542
2010-08-02,241.97694396972656,248.2215118408203,241.97694396972656,243.6356658935547,223.3292694091797,36995
2010-08-03,245.8798065185547,247.83123779296875,243.92837524414062,246.56280517578125,226.01248168945312,34856
2010-08-04,248.319091796875,260.5155029296875,247.34336853027344,257.3444519042969,235.89547729492188,125354
2010-08-05,258.5640869140625,262.41815185546875,253.8806610107422,255.2466583251953,233.9725341796875,72641
2010-08-06,255.73451232910156,259.4422302246094,252.7097930908203,255.0027313232422,233.74896240234375,25175
2010-08-09,256.6126403808594,261.0521545410156,254.66122436523438,255.68572998046875,234.37501525878906,97984
2010-08-10,259.4422302246094,259.4422302246094,250.80715942382812,251.4901580810547,230.52914428710938,33379
2010-08-11,248.80694580078125,252.4658660888672,243.92837524414062,245.9285888671875,225.43112182617188,31848
2010-08-12,245.8798065185547,246.61158752441406,241.97694396972656,243.34295654296875,223.0609893798828,21589
2010-08-13,246.074951171875,246.074951171875,241.5378875732422,242.26966857910156,222.0771484375,24263
2010-08-16,243.44052124023438,245.63587951660156,240.02552795410156,240.95245361328125,220.86972045898438,40843
2010-08-17,243.05023193359375,244.9040985107422,237.24473571777344,241.34274291992188,221.2274627685547,49133
2010-08-18,239.0498046875,245.7822265625,239.0498046875,242.5623779296875,222.34547424316406,30701
2010-08-19,242.95266723632812,247.44094848632812,242.12330627441406,243.92837524414062,223.5976104736328,80027
2010-08-20,246.75794982910156,261.1985168457031,241.09881591796875,258.0274353027344,236.52154541015625,168549
2010-08-23,260.7594299316406,269.6872253417969,257.63714599609375,266.46734619140625,244.25802612304688,132358
2010-08-24,266.46734619140625,282.9569091796875,265.6867980957031,280.51763916015625,257.13726806640625,682731
2010-08-25,287.8354797363281,298.9586181640625,281.2494201660156,284.9083557128906,261.1620178222656,474528
2010-08-26,284.4692687988281,292.71405029296875,274.3706359863281,284.03021240234375,260.3570861816406,335734
2010-08-27,281.0054931640625,285.83526611328125,268.4675598144531,271.68743896484375,249.04306030273438,57687
2010-08-30,276.8099365234375,291.6407775878906,270.5165710449219,286.2255554199219,262.369384765625,148124
2010-08-31,285.29864501953125,286.2255554199219,275.3463439941406,282.9569091796875,259.3731994628906,173622
2010-09-01,283.44476318359375,300.519775390625,280.02978515625,286.0791931152344,262.23529052734375,335986
2010-09-02,289.00634765625,299.44647216796875,287.4451904296875,295.9826965332031,271.3133239746094,255267
2010-09-03,297.5926208496094,303.6420593261719,294.66546630859375,299.9831237792969,274.9803771972656,175743
2010-09-06,300.6173400878906,302.47119140625,294.66546630859375,295.2021179199219,270.59783935546875,75090
2010-09-07,297.5438232421875,299.7879638671875,294.7142639160156,297.34869384765625,272.56549072265625,179077
2010-09-08,295.0557556152344,311.9844055175781,295.0557556152344,304.6665344238281,279.2734375,209896
2010-09-09,307.15460205078125,308.3254699707031,298.0804748535156,299.5440368652344,274.577880859375,192124
2010-09-13,303.8371887207031,311.25262451171875,299.2025451660156,305.3007507324219,279.8547668457031,168414
2010-09-14,306.3740539550781,308.1303405761719,300.519775390625,303.93475341796875,278.6026611328125,158287
2010-09-15,302.95904541015625,306.3740539550781,294.7142639160156,302.6175537109375,277.39520263671875,169791
2010-09-16,298.6658935546875,301.98333740234375,294.8606262207031,297.1047668457031,272.3418884277344,169833
2010-09-17,297.34869384765625,299.0074157714844,284.4205017089844,290.4211120605469,266.21533203125,148210
2010-09-20,294.4703369140625,299.8367614746094,291.73834228515625,297.34869384765625,272.56549072265625,125202
2010-09-21,298.32440185546875,301.00762939453125,290.76263427734375,299.2513427734375,274.3095397949219,78251
2010-09-22,301.4954833984375,302.3736267089844,288.8111877441406,290.90899658203125,266.6624755859375,107161
2010-09-23,290.76263427734375,298.61712646484375,286.81097412109375,287.7379150390625,263.7557373046875,116306
2010-09-24,287.8354797363281,298.47076416015625,275.1512145996094,293.4458312988281,268.9879455566406,66112
2010-09-27,293.68975830078125,297.5438232421875,292.71405029296875,295.2996826171875,270.68719482421875,287152
2010-09-28,297.690185546875,299.0561828613281,290.76263427734375,293.2994689941406,268.85369873046875,51153
2010-09-29,293.68975830078125,296.51934814453125,292.665283203125,294.81182861328125,270.2401123046875,64887
2010-09-30,291.88470458984375,296.568115234375,284.9083557128906,294.7142639160156,270.1506042480469,111882
2010-10-01,292.71405029296875,302.4223937988281,292.71405029296875,295.10455322265625,270.5083923339844,67776
2010-10-04,295.93389892578125,298.5683288574219,289.5429992675781,295.93389892578125,271.2685852050781,96632
2010-10-05,294.7142639160156,317.1069030761719,294.66546630859375,310.3744812011719,284.505615234375,163317
2010-10-06,314.17974853515625,321.88787841796875,314.1309509277344,318.6192626953125,292.0632019042969,442704
2010-10-07,319.0583190917969,337.4992980957031,318.0826110839844,324.619873046875,297.56365966796875,173261
2010-10-08,322.2781677246094,325.1565246582031,314.9115295410156,319.3510437011719,292.7339782714844,62286
2010-10-11,324.91259765625,329.5960388183594,317.1069030761719,321.0097351074219,294.2544860839844,56820
2010-10-12,321.0097351074219,329.2545166015625,318.3265380859375,321.5951843261719,294.7910461425781,57291
2010-10-13,325.7907409667969,325.83953857421875,317.4483947753906,319.009521484375,292.42095947265625,17367
2010-10-14,323.8880920410156,323.8880920410156,310.2768859863281,312.6186218261719,286.56268310546875,15220
2010-10-15,311.25262451171875,313.20404052734375,306.61798095703125,310.1793212890625,284.32666015625,19930
2010-10-18,311.25262451171875,321.9854736328125,306.2276916503906,307.1058349609375,281.50946044921875,20213
2010-10-19,311.0574645996094,314.17974853515625,306.3740539550781,309.4475402832031,283.6559143066406,9014
2010-10-20,306.3740539550781,309.3011779785156,302.5687561035156,302.95904541015625,277.708251953125,8038
2010-10-21,307.30096435546875,314.17974853515625,303.5444641113281,313.49676513671875,287.36767578125,17518
2010-10-22,313.7894592285156,327.8397521972656,310.2768859863281,319.79010009765625,293.13641357421875,62370
2010-10-25,321.7903137207031,325.40045166015625,314.2773132324219,316.6678161621094,290.2744140625,12403
2010-10-26,313.20404052734375,318.8631896972656,305.008056640625,306.32525634765625,280.79388427734375,25189
2010-10-27,311.155029296875,312.1307678222656,275.1512145996094,278.322265625,255.12484741210938,187605
2010-10-28,279.39556884765625,284.8107604980469,269.3945007324219,273.0534362792969,250.29518127441406,219579
2010-10-29,273.1997985839844,279.9322204589844,258.5640869140625,263.10113525390625,241.17234802246094,205949
2010-11-01,265.0037841796875,270.9556579589844,249.88023376464844,257.6859436035156,236.20851135253906,140462
2010-11-02,263.24749755859375,268.9066467285156,256.1247863769531,265.34527587890625,243.22946166992188,279112
2010-11-03,267.3454895019531,273.004638671875,265.5404357910156,269.2481384277344,246.80703735351562,33723
2010-11-04,272.9070739746094,289.78692626953125,271.2971496582031,280.81036376953125,257.40557861328125,104325
2010-11-08,279.0540771484375,282.9569091796875,273.1997985839844,275.7854309082031,252.79946899414062,20336
2010-11-09,275.1999816894531,279.8834228515625,268.4187927246094,272.22406005859375,249.5349578857422,17945
2010-11-10,272.22406005859375,275.9805603027344,267.3454895019531,268.32122802734375,245.95736694335938,138328
2010-11-11,268.32122802734375,272.80950927734375,266.3697814941406,268.4675598144531,246.0915069580078,169819
2010-11-12,269.29693603515625,274.1755065917969,264.4671630859375,266.8088684082031,244.57106018066406,17754
2010-11-15,260.8082275390625,268.2236328125,260.6130676269531,261.8815002441406,240.05438232421875,30816
2010-11-16,263.4426574707031,266.3697814941406,255.63693237304688,258.4665222167969,236.9240264892578,203118
2010-11-18,258.5640869140625,263.24749755859375,257.10052490234375,258.5640869140625,237.0134735107422,124838
2010-11-19,266.2234191894531,266.2234191894531,254.75880432128906,259.1495056152344,237.55010986328125,55023
2010-11-22,271.7362060546875,271.7362060546875,257.0029296875,261.00335693359375,239.2494354248047,143871
2010-11-23,258.125,261.9302978515625,245.39195251464844,251.8804473876953,230.88690185546875,19974
2010-11-24,253.68551635742188,257.3444519042969,237.78138732910156,243.7332305908203,223.41873168945312,18145
2010-11-25,253.39279174804688,253.39279174804688,239.68402099609375,241.92816162109375,221.7641143798828,16730
2010-11-26,243.92837524414062,243.92837524414062,229.2926788330078,234.5127410888672,214.96673583984375,28300
2010-11-29,239.0010223388672,239.0010223388672,226.8533935546875,233.2443084716797,213.8040313720703,42957
2010-11-30,234.17124938964844,239.0498046875,229.2926788330078,233.9273223876953,214.4301300048828,170082
2010-12-01,231.68316650390625,245.8798065185547,231.68316650390625,241.2451629638672,221.13803100585938,23468
2010-12-02,242.95266723632812,256.66143798828125,242.02574157714844,252.8561553955078,231.7812957763672,120664
2010-12-03,253.68551635742188,253.68551635742188,243.92837524414062,248.56301879882812,227.84596252441406,24809
2010-12-06,248.56301879882812,257.0029296875,240.6597442626953,246.2700958251953,225.74415588378906,29021
2010-12-07,239.63523864746094,247.63609313964844,237.098388671875,242.07452392578125,221.8982696533203,27977
2010-12-08,247.53851318359375,247.53851318359375,226.5118865966797,229.43902587890625,210.31590270996094,40274
2010-12-09,233.3906707763672,234.17124938964844,212.70555114746094,216.5596160888672,198.5099639892578,32546
2010-12-10,219.53553771972656,226.02403259277344,215.6326904296875,221.82846069335938,203.33966064453125,180614
2010-12-13,224.02381896972656,236.12266540527344,222.3651123046875,234.07366943359375,214.56427001953125,145746
2010-12-14,241.00123596191406,241.00123596191406,235.6348114013672,238.4156036376953,218.5443115234375,20278
2010-12-15,239.0498046875,241.3915252685547,220.60882568359375,230.1220245361328,210.94195556640625,397620
2010-12-16,231.04896545410156,232.85403442382812,220.51126098632812,224.755615234375,206.02285766601562,67515
2010-12-20,227.73153686523438,234.17124938964844,222.5602569580078,225.29225158691406,206.51475524902344,52770
2010-12-21,227.14610290527344,232.70767211914062,223.4384002685547,225.34103393554688,206.55946350097656,71926
2010-12-22,226.7558135986328,230.2683868408203,225.877685546875,229.0975341796875,210.0028839111328,441766
2010-12-23,230.2683868408203,230.60989379882812,221.0478973388672,226.6582489013672,207.76690673828125,72887
2010-12-24,227.34124755859375,228.80482482910156,221.48696899414062,223.5359649658203,204.90484619140625,71942
2010-12-27,225.29225158691406,230.2196044921875,223.77989196777344,226.31674194335938,207.45387268066406,49699
2010-12-28,227.34124755859375,231.1465301513672,224.90196228027344,226.02403259277344,207.18556213378906,189598
2010-12-29,227.6339569091797,233.19552612304688,224.5116729736328,228.21939086914062,209.1979217529297,114582
2010-12-30,228.31695556640625,232.02467346191406,226.95095825195312,228.0242462158203,209.01905822753906,27602
2010-12-31,230.2683868408203,238.90345764160156,227.34124755859375,235.14695739746094,215.548095703125,173368
2011-01-03,237.48866271972656,243.7332305908203,236.1714630126953,237.927734375,218.0970916748047,50715
2011-01-04,235.14695739746094,240.4158172607422,233.29310607910156,235.68359375,216.0399932861328,50152
2011-01-05,225.6337432861328,239.92794799804688,225.6337432861328,234.3663787841797,214.83258056640625,32305
2011-01-06,236.12266540527344,236.51295471191406,231.43923950195312,232.36618041992188,212.99908447265625,15092
2011-01-07,234.17124938964844,262.4669494628906,222.95053100585938,227.09732055664062,208.16940307617188,53414
2011-01-10,225.48739624023438,225.48739624023438,212.70555114746094,215.5839080810547,197.61557006835938,84878
2011-01-11,215.5839080810547,219.34039306640625,207.19276428222656,208.31483459472656,190.9523468017578,33194
2011-01-12,210.75411987304688,213.3885498046875,204.89984130859375,211.82740783691406,194.17218017578125,62076
2011-01-13,214.3642578125,218.55982971191406,211.68104553222656,214.4130401611328,196.5423126220703,67365
2011-01-14,215.09603881835938,215.09603881835938,209.8271942138672,211.38833618164062,193.7696990966797,83904
2011-01-17,212.1688995361328,212.70555114746094,202.50933837890625,207.87576293945312,190.54991149902344,22863
2011-01-18,209.6808319091797,209.77841186523438,205.87554931640625,207.7781982421875,190.46043395996094,24747
2011-01-19,208.8026885986328,210.70533752441406,200.99697875976562,203.1923370361328,186.2567901611328,55064
2011-01-20,202.36297607421875,233.97610473632812,200.16763305664062,215.24240112304688,197.30252075195312,382883
2011-01-21,215.6326904296875,223.3408203125,208.9002685546875,212.36404418945312,194.66404724121094,112800
2011-01-24,209.19297790527344,219.34039306640625,209.19297790527344,212.2664794921875,194.5746307373047,41428
2011-01-25,214.4130401611328,221.2918243408203,212.70555114746094,214.60818481445312,196.72117614746094,59663
2011-01-27,216.6083984375,226.36553955078125,201.9727020263672,215.09603881835938,197.16835021972656,258337
2011-01-28,214.60818481445312,216.6083984375,210.998046875,212.65675354003906,194.93238830566406,53735
2011-01-31,211.48590087890625,213.68125915527344,203.53384399414062,212.3152618408203,194.61936950683594,26674
2011-02-01,212.55918884277344,217.5841064453125,210.31504821777344,212.65675354003906,194.93238830566406,20193
2011-02-02,216.12054443359375,216.12054443359375,206.02191162109375,207.2903289794922,190.01324462890625,16135
2011-02-03,207.33912658691406,214.3642578125,207.33912658691406,210.90048217773438,193.32247924804688,26694
2011-02-04,213.0470428466797,214.65696716308594,206.8512725830078,213.5836944580078,195.78207397460938,26405
2011-02-07,213.4373321533203,214.65696716308594,202.9484100341797,204.75347900390625,187.68780517578125,20996
2011-02-08,206.3146209716797,209.6808319091797,202.9484100341797,204.55833435058594,187.50892639160156,29508
2011-02-09,205.29013061523438,207.8269805908203,198.16741943359375,201.63119506835938,184.8257598876953,25820
2011-02-10,200.99697875976562,201.48483276367188,183.43414306640625,198.5576934814453,182.00845336914062,51416
2011-02-11,197.09413146972656,202.9484100341797,194.2157745361328,201.24090576171875,184.46804809570312,33746
2011-02-14,202.9484100341797,209.77841186523438,202.2166290283203,204.99740600585938,187.9114227294922,18603
2011-02-15,205.48526000976562,209.63204956054688,199.04556274414062,201.9727020263672,185.13880920410156,27766
2011-02-16,202.9484100341797,206.60733032226562,201.9727020263672,202.2166290283203,185.3623809814453,9080
2011-02-17,200.99697875976562,213.48611450195312,200.99697875976562,212.3152618408203,194.61936950683594,27777
2011-02-18,212.75433349609375,219.53553771972656,208.9002685546875,218.21832275390625,200.0304412841797,338742
2011-02-21,211.72982788085938,227.53639221191406,211.68104553222656,225.14588928222656,206.38059997558594,180787
2011-02-22,215.73025512695312,225.24346923828125,214.75454711914062,219.68190002441406,201.37200927734375,21380
2011-02-23,220.36489868164062,224.2677459716797,215.24240112304688,222.70660400390625,204.1446075439453,11366
2011-02-24,223.1456756591797,223.1456756591797,214.75454711914062,220.0233917236328,201.68502807617188,18765
2011-02-25,215.2911834716797,221.34060668945312,214.75454711914062,217.04747009277344,198.9571533203125,13519
2011-02-28,217.04747009277344,221.48696899414062,214.26669311523438,214.65696716308594,196.76588439941406,15998
2011-03-01,217.38897705078125,222.80418395996094,216.02296447753906,221.1942596435547,202.75833129882812,31618
2011-03-03,222.5602569580078,231.24411010742188,222.46267700195312,226.17039489746094,207.31968688964844,76304
2011-03-04,228.9999542236328,234.17124938964844,222.95053100585938,224.5604705810547,205.84397888183594,48082
2011-03-07,219.53553771972656,226.36553955078125,219.53553771972656,221.1454620361328,202.71360778808594,8213
2011-03-08,219.53553771972656,224.36532592773438,219.53553771972656,220.75518798828125,202.3558349609375,4702
2011-03-09,221.48696899414062,223.4384002685547,220.0233917236328,221.77967834472656,203.29495239257812,9547
2011-03-10,220.9503173828125,222.46267700195312,216.8035430908203,217.8768310546875,199.71737670898438,12714
2011-03-11,216.6083984375,224.4141082763672,215.6326904296875,222.0236053466797,203.51852416992188,19175
2011-03-14,222.3163299560547,223.63352966308594,217.97439575195312,221.1454620361328,202.71360778808594,4308
2011-03-15,216.99868774414062,231.24411010742188,216.6083984375,225.24346923828125,206.47003173828125,31719
2011-03-16,225.48739624023438,226.6582489013672,221.97482299804688,224.21896362304688,205.53091430664062,28186
2011-03-17,222.85296630859375,223.92625427246094,218.60861206054688,220.0721893310547,201.72976684570312,12151
2011-03-18,222.21875,225.877685546875,220.0721893310547,223.1456756591797,204.5470733642578,18590
2011-03-21,220.51126098632812,224.36532592773438,220.51126098632812,222.46267700195312,203.92100524902344,33160
2011-03-22,220.51126098632812,230.2683868408203,220.51126098632812,226.999755859375,208.07994079589844,33120
2011-03-23,227.14610290527344,234.17124938964844,224.462890625,229.2926788330078,210.18177795410156,64328
2011-03-24,231.0001678466797,236.12266540527344,229.82931518554688,234.95181274414062,215.36923217773438,45440
2011-03-25,234.17124938964844,243.7332305908203,234.17124938964844,241.83059692382812,221.67466735839844,58340
2011-03-28,244.17230224609375,247.83123779296875,240.1230926513672,241.92816162109375,221.7641143798828,84880
2011-03-29,241.92816162109375,248.75816345214844,240.07431030273438,242.80630493164062,222.56906127929688,17867
2011-03-30,243.8795928955078,247.73365783691406,241.4890899658203,244.952880859375,224.53671264648438,24223
2011-03-31,243.09902954101562,246.8555145263672,219.53553771972656,228.80482482910156,209.73455810546875,44454
2011-04-01,236.12266540527344,241.97694396972656,232.3173828125,239.73280334472656,219.75172424316406,23640
2011-04-04,241.83059692382812,247.73365783691406,238.0740966796875,245.53829956054688,225.0733642578125,55653
2011-04-05,244.9040985107422,265.3940734863281,244.9040985107422,253.53915405273438,232.40736389160156,90564
2011-04-06,253.7830810546875,265.1989440917969,253.7830810546875,257.8810729980469,236.3873748779297,105932
2011-04-07,258.4665222167969,262.4669494628906,257.58837890625,258.71044921875,237.1476593017578,104440
2011-04-08,260.1252136230469,272.7119140625,260.1252136230469,263.68658447265625,241.70904541015625,142313
2011-04-11,265.3940734863281,288.8111877441406,265.3940734863281,274.41943359375,251.54730224609375,522756
2011-04-13,273.9803466796875,273.9803466796875,264.95501708984375,267.4918518066406,245.19712829589844,58110
2011-04-15,269.5896301269531,277.15142822265625,267.5406494140625,273.29736328125,250.5187530517578,104338
2011-04-18,275.4439392089844,277.98077392578125,265.3940734863281,266.46734619140625,244.25802612304688,44628
2011-04-19,265.150146484375,267.3454895019531,260.5155029296875,263.24749755859375,241.3065185546875,21847
2011-04-20,272.0289306640625,272.0289306640625,259.9300842285156,262.1742248535156,240.3227081298828,219643
2011-04-21,264.22320556640625,265.1013488769531,260.5155029296875,264.1256408691406,242.1114501953125,13775
2011-04-25,261.4912109375,270.27264404296875,260.6130676269531,269.0530090332031,246.628173828125,35375
2011-04-26,268.1260681152344,269.29693603515625,263.68658447265625,265.5404357910156,243.4083251953125,36334
2011-04-27,267.3454895019531,273.1997985839844,264.4183654785156,265.49163818359375,243.3636016845703,131480
2011-04-28,265.49163818359375,268.3699951171875,264.9062194824219,265.34527587890625,243.22946166992188,91795
2011-04-29,264.4183654785156,265.34527587890625,260.5155029296875,263.19873046875,241.2618408203125,63807
2011-05-02,260.5155029296875,262.3693542480469,251.7340850830078,254.36851501464844,233.16757202148438,9071
2011-05-03,253.68551635742188,253.68551635742188,244.41622924804688,248.95330810546875,228.2037353515625,22723
2011-05-04,248.1239471435547,250.17294311523438,243.92837524414062,246.904296875,226.32550048828125,11712
2011-05-05,249.2460174560547,250.70957946777344,243.6356658935547,244.46502685546875,224.0895538330078,24742
2011-05-06,246.31887817382812,251.05108642578125,241.00123596191406,241.97694396972656,221.808837890625,57785
2011-05-09,243.92837524414062,244.9040985107422,241.09881591796875,243.5380859375,223.2398681640625,146807
2011-05-10,245.24559020996094,246.36766052246094,237.098388671875,243.8795928955078,223.5528564453125,41624
2011-05-11,240.02552795410156,242.95266723632812,234.22003173828125,237.04959106445312,217.2921600341797,49328
2011-05-12,237.04959106445312,237.098388671875,232.5125274658203,234.41517639160156,214.87730407714844,21593
2011-05-13,234.26881408691406,235.24452209472656,232.21981811523438,233.5858154296875,214.11708068847656,30463
2011-05-16,230.2683868408203,234.12245178222656,227.53639221191406,231.488037109375,212.1941375732422,7019
2011-05-17,233.09796142578125,238.70831298828125,231.24411010742188,234.5615234375,215.01144409179688,56326
2011-05-18,235.14695739746094,235.73239135742188,231.24411010742188,234.17124938964844,214.65370178222656,117330
2011-05-19,243.6844482421875,243.6844482421875,224.36532592773438,226.31674194335938,207.45387268066406,26981
2011-05-20,226.36553955078125,231.24411010742188,225.43861389160156,226.60946655273438,207.72216796875,28358
2011-05-23,227.09732055664062,242.6599578857422,222.4138946533203,230.90260314941406,211.65748596191406,298002
2011-05-24,242.95266723632812,275.1512145996094,231.24411010742188,233.29310607910156,213.8487548828125,172263
2011-05-25,238.0740966796875,243.8795928955078,230.4147491455078,240.56216430664062,220.51197814941406,65188
2011-05-26,243.19659423828125,243.19659423828125,235.09817504882812,239.87916564941406,219.88587951660156,40984
2011-05-27,236.12266540527344,242.46481323242188,235.19573974609375,240.3670196533203,220.33306884765625,43887
2011-05-30,241.97694396972656,242.85508728027344,236.26902770996094,237.0008087158203,217.24742126464844,28878
2011-05-31,237.098388671875,243.05023193359375,234.41517639160156,239.5376739501953,219.57284545898438,44424
2011-06-01,240.3182373046875,252.90493774414062,239.0498046875,247.68487548828125,227.04103088378906,109678
2011-06-02,243.4893035888672,251.4901580810547,241.34274291992188,243.92837524414062,223.5976104736328,62541
2011-06-03,244.9040985107422,248.61180114746094,243.09902954101562,244.7577362060547,224.3578338623047,33293
2011-06-06,237.58624267578125,247.78244018554688,237.58624267578125,246.2700958251953,225.74415588378906,22746
2011-06-07,243.92837524414062,246.2700958251953,239.58645629882812,244.46502685546875,224.0895538330078,115451
2011-06-08,243.92837524414062,245.8798065185547,242.22088623046875,245.48951721191406,225.0286407470703,24368
2011-06-09,242.95266723632812,252.7097930908203,242.95266723632812,250.90472412109375,229.9925079345703,49683
2011-06-10,248.80694580078125,257.8810729980469,248.80694580078125,254.75880432128906,233.5253143310547,73583
2011-06-13,254.66122436523438,257.63714599609375,252.807373046875,255.73451232910156,234.41973876953125,25957
2011-06-14,258.4665222167969,261.4912109375,253.929443359375,259.539794921875,237.9078369140625,36006
2011-06-15,259.539794921875,261.4912109375,256.36871337890625,256.95416259765625,235.53770446777344,17064
2011-06-16,250.07537841796875,255.53936767578125,245.68466186523438,249.92901611328125,229.09811401367188,9823
2011-06-17,253.24644470214844,257.5395812988281,248.85572814941406,251.19744873046875,230.2608184814453,34106
2011-06-20,251.3437957763672,256.4175109863281,234.17124938964844,248.07516479492188,227.39878845214844,93947
2011-06-21,245.8798065185547,253.5879364013672,241.97694396972656,244.51380920410156,224.13424682617188,13378
2011-06-22,244.66015625,248.66058349609375,241.00123596191406,241.5378875732422,221.40638732910156,12953
2011-06-23,241.4403076171875,243.00144958496094,234.41517639160156,236.56173706054688,216.84495544433594,19159
2011-06-24,225.9264678955078,242.7575225830078,225.9264678955078,237.8789520263672,218.05238342285156,47087
2011-06-27,236.46417236328125,243.830810546875,235.29331970214844,242.85508728027344,222.61376953125,74102
2011-06-28,243.7332305908203,250.27052307128906,238.0740966796875,247.53851318359375,226.90684509277344,155733
2011-06-29,244.22108459472656,247.83123779296875,238.0740966796875,240.6597442626953,220.6013946533203,160620
2011-06-30,241.3915252685547,241.97694396972656,231.3416748046875,234.7566680908203,215.19032287597656,256684
2011-07-01,236.85446166992188,245.8798065185547,234.95181274414062,239.44009399414062,219.4833984375,76670
2011-07-04,241.68423461914062,259.539794921875,239.342529296875,253.10008239746094,232.00486755371094,220165
2011-07-05,252.7097930908203,256.80780029296875,249.0996551513672,255.44180297851562,234.15142822265625,44542
2011-07-06,256.36871337890625,258.5152893066406,250.85594177246094,255.2466583251953,233.9725341796875,112832
2011-07-07,256.8565673828125,256.8565673828125,248.2215118408203,251.97801208496094,230.97633361816406,118875
2011-07-08,250.27052307128906,253.39279174804688,246.56280517578125,247.83123779296875,227.17518615722656,46514
2011-07-11,251.97801208496094,256.6126403808594,249.83145141601562,251.92922973632812,230.93162536621094,45178
2011-07-12,250.563232421875,252.6610107421875,245.8798065185547,246.51402282714844,225.9677276611328,29627
2011-07-13,248.1727294921875,255.63693237304688,245.24559020996094,253.05130004882812,231.96014404296875,100150
2011-07-14,252.56344604492188,266.3697814941406,249.19723510742188,257.8810729980469,236.3873748779297,394939
2011-07-15,254.17337036132812,263.4426574707031,254.17337036132812,259.05194091796875,237.46066284179688,78909
2011-07-18,259.05194091796875,263.24749755859375,255.29544067382812,256.80780029296875,235.403564453125,42250
2011-07-19,256.80780029296875,259.539794921875,246.8555145263672,249.441162109375,228.6509246826172,64138
2011-07-20,249.78265380859375,249.78265380859375,239.29373168945312,240.1230926513672,222.54690551757812,131920
2011-07-21,241.00123596191406,241.2451629638672,232.36618041992188,233.29310607910156,216.21685791015625,113695
2011-07-22,233.68338012695312,239.0498046875,226.8533935546875,232.3173828125,215.3125457763672,104994
2011-07-25,232.95159912109375,233.9273223876953,224.99954223632812,225.3898162841797,208.89205932617188,103156
2011-07-26,227.6339569091797,233.6345977783203,224.90196228027344,228.21939086914062,211.5145263671875,129031
2011-07-27,227.34124755859375,233.97610473632812,227.34124755859375,232.07345581054688,215.0864715576172,64902
2011-07-28,231.0001678466797,232.21981811523438,210.0223388671875,211.43711853027344,195.96067810058594,538336
2011-07-29,216.12054443359375,216.12054443359375,205.48526000976562,212.99826049804688,197.40753173828125,147586
2011-08-01,226.36553955078125,228.31695556640625,197.09413146972656,200.9481964111328,186.239501953125,183044
2011-08-02,199.8261260986328,207.6318359375,196.3623504638672,203.24111938476562,188.3645782470703,85952
2011-08-03,200.9481964111328,201.9727020263672,196.2647705078125,199.38705444335938,184.7926025390625,60233
2011-08-04,209.48568725585938,209.48568725585938,200.11883544921875,205.3876953125,190.35401916503906,102148
2011-08-05,209.48568725585938,209.48568725585938,190.26412963867188,205.48526000976562,190.4444580078125,51085
2011-08-08,200.02127075195312,203.97291564941406,196.11842346191406,201.6799774169922,186.91770935058594,61819
2011-08-09,194.89877319335938,202.85084533691406,194.89877319335938,200.11883544921875,185.47084045410156,106078
2011-08-10,200.99697875976562,204.265625,190.36170959472656,194.65484619140625,180.40679931640625,315349
2011-08-11,194.1182098388672,199.04556274414062,194.1182098388672,197.6795654296875,183.21011352539062,24299
2011-08-12,198.5576934814453,201.9727020263672,197.6795654296875,199.9237060546875,185.2899932861328,114770
2011-08-16,200.02127075195312,202.8020477294922,198.5576934814453,201.53363037109375,186.78207397460938,102161
2011-08-17,202.8020477294922,202.8020477294922,195.38662719726562,198.02105712890625,183.526611328125,39123
2011-08-18,199.8261260986328,199.8261260986328,184.45863342285156,187.87364196777344,174.12196350097656,486495
2011-08-19,176.1162872314453,185.3855743408203,175.62843322753906,178.65313720703125,165.5763397216797,225444
2011-08-22,178.06771850585938,178.70193481445312,172.79885864257812,174.31121826171875,161.55226135253906,309653
2011-08-23,175.48207092285156,177.3847198486328,170.74986267089844,173.9697265625,161.2357635498047,152397
2011-08-24,174.45758056640625,176.60414123535156,160.0170135498047,166.1640167236328,154.00137329101562,709755
2011-08-25,168.1642303466797,170.4571533203125,156.21173095703125,163.33444213867188,151.37892150878906,498777
2011-08-26,164.16380310058594,166.84701538085938,158.1143798828125,160.84637451171875,149.072998046875,272914
2011-08-29,162.3099365234375,172.21343994140625,162.3099365234375,170.4571533203125,157.9802703857422,568596
2011-08-30,172.21343994140625,198.89920043945312,171.72557067871094,185.3855743408203,171.8159942626953,785455
2011-09-02,192.21556091308594,192.8985595703125,175.7259979248047,176.94564819335938,163.9938507080078,667007
2011-09-05,175.62843322753906,179.33615112304688,168.1154327392578,169.188720703125,156.80470275878906,378026
2011-09-06,169.82293701171875,174.11607360839844,169.1399383544922,171.14015197753906,158.61329650878906,402123
2011-09-07,172.40858459472656,175.43328857421875,171.5304412841797,173.57943725585938,160.87405395507812,746584
2011-09-08,174.45758056640625,177.28713989257812,174.45758056640625,175.18936157226562,162.36611938476562,259522
2011-09-09,175.48207092285156,176.94564819335938,170.74986267089844,172.6525115966797,160.01495361328125,270619
2011-09-12,171.09136962890625,173.53065490722656,168.94479370117188,171.18893432617188,158.65850830078125,59137
2011-09-13,172.5061492919922,175.43328857421875,171.7743682861328,173.677001953125,160.96446228027344,254783
2011-09-14,173.9697265625,175.091796875,170.1644287109375,170.89622497558594,158.38722229003906,143082
2011-09-15,173.04278564453125,173.677001953125,171.2377166748047,172.84765625,160.19580078125,38839
2011-09-16,174.16485595703125,174.16485595703125,170.1156463623047,171.2377166748047,158.70370483398438,54582
2011-09-19,170.06686401367188,176.1162872314453,170.06686401367188,174.40878295898438,161.64266967773438,76404
2011-09-20,174.65272521972656,175.1405792236328,171.92071533203125,173.7257843017578,161.0096893310547,50708
2011-09-21,174.50636291503906,182.9462890625,172.21343994140625,177.92135620117188,164.89813232421875,351541
2011-09-22,175.33572387695312,186.26370239257812,173.7745819091797,175.77479553222656,162.90869140625,477194
2011-09-23,175.62843322753906,180.7021484375,171.72557067871094,176.36021423339844,163.4512481689453,152180
2011-09-26,175.62843322753906,179.33615112304688,167.72515869140625,170.94500732421875,158.4324188232422,337966
2011-09-27,173.33551025390625,176.79928588867188,172.21343994140625,173.23793029785156,160.55752563476562,132723
2011-09-28,173.677001953125,179.04342651367188,171.72557067871094,176.31143188476562,163.4060516357422,204549
2011-09-29,176.0675048828125,176.1162872314453,172.94522094726562,174.6039276123047,161.82354736328125,25472
2011-09-30,174.45758056640625,183.43414306640625,174.16485595703125,180.11671447753906,166.9328155517578,197521
2011-10-03,175.28692626953125,177.043212890625,172.7012939453125,175.62843322753906,162.77304077148438,290036
2011-10-04,176.60414123535156,179.4824981689453,172.11585998535156,174.11607360839844,161.3713836669922,160088
2011-10-05,175.48207092285156,178.5067901611328,173.7745819091797,175.62843322753906,162.77304077148438,53706
2011-10-07,178.65313720703125,180.5070037841797,176.60414123535156,179.04342651367188,165.9380645751953,43038
2011-10-10,179.87278747558594,194.84999084472656,179.87278747558594,193.044921875,178.9147186279297,349797
2011-10-11,195.1427001953125,204.36318969726562,191.8740692138672,195.58177185058594,181.26588439941406,557371
2011-10-12,198.75283813476562,202.70448303222656,192.752197265625,193.8254852294922,179.63812255859375,58422
2011-10-13,195.04513549804688,196.50869750976562,183.14141845703125,188.3614959716797,174.57408142089844,132909
2011-10-14,189.14205932617188,193.8254852294922,188.5078582763672,189.77627563476562,175.8853302001953,77062
2011-10-17,190.31292724609375,193.874267578125,190.26412963867188,193.2400665283203,179.09556579589844,81593
2011-10-18,191.53256225585938,193.58155822753906,190.36170959472656,191.67892456054688,177.64866638183594,58571
2011-10-19,192.21556091308594,197.533203125,192.21556091308594,194.75241088867188,180.49722290039062,89649
2011-10-20,193.9718475341797,194.45970153808594,191.33741760253906,192.9473419189453,178.8242645263672,23199
2011-10-21,192.26434326171875,195.1427001953125,191.43499755859375,192.50827026367188,178.41734313964844,14225
2011-10-24,194.50848388671875,200.26519775390625,187.2882080078125,189.4835662841797,175.61404418945312,67481
2011-10-25,190.11778259277344,193.8254852294922,186.41006469726562,189.385986328125,175.52359008789062,25632
2011-10-28,195.1427001953125,200.02127075195312,192.41070556640625,194.1669921875,179.95465087890625,45581
2011-10-31,195.82569885253906,197.6795654296875,189.385986328125,190.11778259277344,176.20179748535156,57453
2011-11-01,190.7519989013672,194.1669921875,189.28842163085938,190.7032012939453,176.74440002441406,286993
2011-11-02,191.8252716064453,196.6062774658203,188.31271362304688,194.70362854003906,180.45201110839844,229445
2011-11-03,195.1427001953125,198.06983947753906,189.97142028808594,191.7277069091797,177.6939239501953,59661
2011-11-04,191.7277069091797,194.70362854003906,188.4102783203125,189.5811309814453,175.7044677734375,26904
2011-11-08,191.23985290527344,193.0937042236328,187.58091735839844,191.09349060058594,177.10610961914062,41101
2011-11-09,189.4835662841797,192.55706787109375,187.82484436035156,188.5078582763672,174.70973205566406,21108
2011-11-11,188.263916015625,190.9959259033203,185.3855743408203,188.01998901367188,174.25758361816406,36288
2011-11-14,188.89813232421875,189.77627563476562,181.6778564453125,182.7511444091797,169.37442016601562,31444
2011-11-15,182.9462890625,184.1171417236328,170.89622497558594,174.799072265625,162.00439453125,496242
2011-11-16,174.65272521972656,178.94586181640625,169.77415466308594,175.48207092285156,162.6374053955078,28806
2011-11-17,173.18914794921875,175.38450622558594,169.77415466308594,174.40878295898438,161.64266967773438,109724
2011-11-18,173.677001953125,177.3847198486328,171.33529663085938,174.45758056640625,161.68788146972656,24934
2011-11-21,173.43307495117188,177.043212890625,170.99378967285156,175.67721557617188,162.81825256347656,30154
2011-11-22,177.0919952392578,177.0919952392578,172.7012939453125,174.55514526367188,161.7783203125,19452
2011-11-23,173.4818572998047,175.48207092285156,170.84744262695312,171.7743682861328,159.20108032226562,25150
2011-11-24,170.2620086669922,175.62843322753906,167.82272338867188,173.14036560058594,160.46707153320312,17838
2011-11-25,172.7012939453125,180.3606414794922,171.72557067871094,177.1407928466797,164.17469787597656,26712
2011-11-28,179.3849334716797,181.38514709472656,177.57986450195312,180.94607543945312,167.701416015625,11375
2011-11-29,179.53128051757812,181.19000244140625,177.57986450195312,179.580078125,166.43540954589844,9544
2011-11-30,178.06771850585938,180.45822143554688,174.16485595703125,175.62843322753906,162.77304077148438,12899
2011-12-01,177.57986450195312,181.4827117919922,175.7259979248047,176.60414123535156,163.67733764648438,17686
2011-12-02,177.43350219726562,178.99464416503906,173.8721466064453,175.1405792236328,162.32090759277344,33483
2011-12-05,175.57965087890625,177.3847198486328,171.72557067871094,172.8964385986328,160.2410125732422,32517
2011-12-07,173.53065490722656,176.2138671875,173.53065490722656,175.62843322753906,162.77304077148438,294325
2011-12-08,175.62843322753906,177.3847198486328,172.7012939453125,173.57943725585938,160.87405395507812,9768
2011-12-09,171.432861328125,172.6525115966797,167.82272338867188,170.01808166503906,157.5733642578125,7524
2011-12-12,171.4816436767578,172.6037139892578,162.456298828125,163.48080444335938,151.51455688476562,22803
2011-12-13,162.2611541748047,167.53001403808594,159.1388702392578,163.4320068359375,151.4693603515625,14693
2011-12-14,163.9198760986328,163.9198760986328,159.52915954589844,159.96823120117188,148.2591094970703,53777
2011-12-15,159.0413055419922,160.9927215576172,156.21173095703125,158.0167999267578,146.45053100585938,20859
2011-12-16,160.0170135498047,164.8955841064453,154.01637268066406,155.13844299316406,143.78286743164062,58071
2011-12-19,157.08987426757812,165.57858276367188,149.38174438476562,151.3819580078125,140.3013458251953,20323
2011-12-20,152.2113037109375,152.2113037109375,143.4298858642578,146.11309814453125,135.4181365966797,30897
2011-12-21,147.33273315429688,150.1623077392578,139.28311157226562,140.84423828125,130.53494262695312,74182
2011-12-22,142.35659790039062,144.01531982421875,130.8431854248047,131.72132873535156,122.07978057861328,138665
2011-12-23,132.2091827392578,137.38046264648438,128.794189453125,134.3069610595703,124.4761734008789,166946
2011-12-26,134.98995971679688,138.30738830566406,134.64846801757812,135.3802490234375,125.47088623046875,50808
2011-12-27,135.96568298339844,137.33168029785156,134.2581787109375,136.6974639892578,126.69169616699219,18149
2011-12-28,136.6974639892578,140.35638427734375,135.62417602539062,137.770751953125,127.68640899658203,39824
2011-12-29,137.5756072998047,143.52745056152344,135.7217559814453,140.11245727539062,129.85671997070312,108431
2011-12-30,140.60031127929688,152.2113037109375,140.60031127929688,148.45480346679688,137.58843994140625,76378
2012-01-02,151.235595703125,152.69915771484375,146.45460510253906,149.08901977539062,138.1762237548828,35751
2012-01-03,149.47930908203125,155.96780395507812,149.43052673339844,154.30909729003906,143.0142059326172,34449
2012-01-04,160.9927215576172,160.9927215576172,149.28416442871094,150.50381469726562,139.48744201660156,114940
2012-01-05,151.235595703125,152.99188232421875,146.35702514648438,148.0157470703125,137.1815185546875,165161
2012-01-06,143.381103515625,147.62545776367188,143.381103515625,145.91795349121094,135.23728942871094,100305
2012-01-09,149.9671630859375,153.77244567871094,148.8938751220703,152.94309997558594,141.74819946289062,19687
2012-01-10,156.06536865234375,157.08987426757812,151.91859436035156,156.35809326171875,144.91322326660156,19131
2012-01-11,160.70001220703125,160.70001220703125,154.30909729003906,154.99209594726562,143.647216796875,14614
2012-01-12,154.16273498535156,162.89537048339844,153.18702697753906,157.7728729248047,146.2244415283203,55183
2012-01-13,161.6757354736328,162.35873413085938,157.87045288085938,159.2364501953125,147.58090209960938,24153
2012-01-16,159.2364501953125,161.09030151367188,158.35830688476562,160.212158203125,148.4851837158203,9418
2012-01-17,157.57772827148438,164.40773010253906,157.57772827148438,163.6271514892578,151.65020751953125,57213
2012-01-18,162.94415283203125,165.38343811035156,158.21194458007812,162.55386352539062,150.65545654296875,21248
2012-01-19,162.99293518066406,167.62757873535156,162.99293518066406,165.9200897216797,153.77532958984375,41527
2012-01-20,174.36000061035156,199.09434509277344,159.0413055419922,160.65122985839844,148.89212036132812,44741
2012-01-23,160.65122985839844,163.9198760986328,159.1388702392578,160.79759216308594,149.0277557373047,418445
2012-01-24,165.7737274169922,165.7737274169922,160.11459350585938,160.45608520507812,148.7112579345703,194642
2012-01-25,161.96844482421875,165.18829345703125,160.9927215576172,163.18807983398438,151.24327087402344,278036
2012-01-27,164.8955841064453,165.8712921142578,163.28565979003906,165.09072875976562,153.0066375732422,33964
2012-01-30,165.09072875976562,172.7012939453125,162.2611541748047,167.62757873535156,155.35781860351562,61868
2012-01-31,168.0178680419922,170.6522979736328,165.9688720703125,169.67657470703125,157.2568359375,44584
2012-02-01,170.99378967285156,177.57986450195312,170.99378967285156,174.7502899169922,161.9591827392578,99866
2012-02-02,176.45779418945312,179.72642517089844,169.87171936035156,171.04257202148438,158.52285766601562,63864
2012-02-03,171.5304412841797,173.38429260253906,168.55450439453125,170.1156463623047,157.6637725830078,55286
2012-02-06,172.45736694335938,174.65272521972656,165.57858276367188,166.60308837890625,154.40830993652344,487140
2012-02-07,167.82272338867188,168.70086669921875,162.94415283203125,165.23707580566406,153.14230346679688,75420
2012-02-08,167.77394104003906,169.188720703125,163.96865844726562,166.60308837890625,154.40830993652344,93954
2012-02-09,166.84701538085938,170.4571533203125,165.09072875976562,166.26158142089844,154.09181213378906,68905
2012-02-10,167.82272338867188,170.310791015625,166.40794372558594,168.0178680419922,155.7195587158203,47891
2012-02-13,166.944580078125,180.5070037841797,166.944580078125,173.53065490722656,160.82884216308594,151799
2012-02-14,174.8966522216797,178.06771850585938,173.677001953125,177.57986450195312,164.58163452148438,83180
2012-02-15,179.53128051757812,188.80056762695312,179.53128051757812,187.4345703125,173.71499633789062,265270
2012-02-16,187.0930633544922,188.65420532226562,182.9462890625,183.62928771972656,170.18824768066406,57866
2012-02-17,185.28799438476562,189.6787109375,185.28799438476562,187.04428100585938,173.35328674316406,88482
2012-02-21,185.48313903808594,186.75157165527344,168.79843139648438,174.0185089111328,161.2809600830078,867864
2012-02-22,174.40878295898438,180.5070037841797,169.77415466308594,170.74986267089844,158.25157165527344,222575
2012-02-23,168.70086669921875,176.2138671875,168.70086669921875,175.77479553222656,162.90869140625,178489
2012-02-24,176.40899658203125,177.57986450195312,172.7012939453125,174.0185089111328,161.2809600830078,115811
2012-02-27,174.9942169189453,178.75071716308594,171.432861328125,172.6037139892578,159.96974182128906,330240
2012-02-28,173.4818572998047,178.94586181640625,173.4818572998047,175.77479553222656,162.90869140625,60377
2012-02-29,177.92135620117188,185.1904296875,176.0187225341797,181.04364013671875,167.79188537597656,150770
2012-03-01,173.677001953125,190.9959259033203,173.677001953125,184.65377807617188,171.1377716064453,300745
2012-03-02,186.70277404785156,189.09327697753906,183.53170776367188,184.60499572753906,171.09255981445312,84600
2012-03-05,182.16571044921875,190.21534729003906,169.72537231445312,185.48313903808594,171.90643310546875,329087
2012-03-06,184.40985107421875,188.31271362304688,182.4584197998047,185.0928497314453,171.544677734375,57396
2012-03-07,185.0928497314453,187.141845703125,183.7268524169922,184.45863342285156,170.9569091796875,38266
2012-03-09,184.40985107421875,190.26412963867188,179.580078125,182.50721740722656,169.14833068847656,79972
2012-03-12,183.23899841308594,186.3612823486328,183.23899841308594,185.28799438476562,171.72557067871094,63556
2012-03-13,185.3855743408203,191.14227294921875,183.53170776367188,184.65377807617188,171.1377716064453,247864
2012-03-14,187.04428100585938,187.77606201171875,181.4827117919922,182.9462890625,169.55523681640625,58764
2012-03-15,180.5070037841797,182.4584197998047,178.79949951171875,180.45822143554688,167.2493133544922,85920
2012-03-16,180.06793212890625,182.16571044921875,175.77479553222656,176.9944305419922,164.03904724121094,57290
2012-03-19,177.43350219726562,180.94607543945312,177.43350219726562,178.70193481445312,165.62158203125,44854
2012-03-20,179.33615112304688,180.5070037841797,178.06771850585938,179.87278747558594,166.70672607421875,62843
2012-03-21,180.31185913085938,183.43414306640625,179.04342651367188,181.14122009277344,167.88229370117188,69187
2012-03-22,180.5070037841797,183.09263610839844,177.77500915527344,179.0922088623047,165.98329162597656,52476
2012-03-23,179.53128051757812,183.62928771972656,176.79928588867188,181.3363494873047,168.06317138671875,28677
2012-03-26,182.16571044921875,188.31271362304688,174.70150756835938,176.2626495361328,163.36085510253906,43296
2012-03-27,177.87257385253906,180.16549682617188,176.60414123535156,177.77500915527344,164.76248168945312,28645
2012-03-28,177.3847198486328,213.2909698486328,176.60414123535156,191.09349060058594,177.10610961914062,169121
2012-03-29,189.28842163085938,191.23985290527344,181.19000244140625,188.70298767089844,174.8905792236328,469196
2012-03-30,189.28842163085938,195.1427001953125,182.26329040527344,191.19107055664062,177.196533203125,121271
2012-04-02,193.19126892089844,198.06983947753906,190.26412963867188,192.60585021972656,178.5077667236328,90990
2012-04-03,193.0937042236328,196.0696258544922,192.7034149169922,193.38641357421875,179.23121643066406,54798
2012-04-04,192.80099487304688,200.02127075195312,192.21556091308594,196.6062774658203,182.21536254882812,79825
2012-04-09,194.84999084472656,196.6062774658203,193.19126892089844,194.2157745361328,179.99984741210938,20768
2012-04-10,195.1427001953125,196.11842346191406,192.21556091308594,194.996337890625,180.7233123779297,400107
2012-04-11,191.9716339111328,194.9475555419922,188.65420532226562,189.5323486328125,175.65924072265625,58178
2012-04-12,191.53256225585938,194.1669921875,190.41049194335938,191.9716339111328,177.9199676513672,46351
2012-04-13,192.26434326171875,194.89877319335938,188.7517852783203,189.5323486328125,175.65924072265625,37832
2012-04-16,188.7517852783203,192.1179962158203,188.31271362304688,190.7519989013672,176.7896270751953,15618
2012-04-17,189.8738555908203,195.1427001953125,189.8738555908203,193.53277587890625,179.36685180664062,125665
2012-04-18,194.9475555419922,195.1427001953125,191.28863525390625,192.02041625976562,177.96519470214844,22678
2012-04-19,192.9473419189453,196.99655151367188,189.28842163085938,196.3135528564453,181.944091796875,61471
2012-04-20,197.09413146972656,204.60711669921875,197.09413146972656,203.3386993408203,188.45504760742188,93224
2012-04-23,202.9484100341797,209.29054260253906,202.9484100341797,202.9971923828125,188.13848876953125,129916
2012-04-24,203.9241180419922,204.2168426513672,194.1669921875,201.19212341308594,186.46554565429688,29315
2012-04-25,202.70448303222656,204.89984130859375,198.4601287841797,201.58241271972656,186.82728576660156,30201
2012-04-26,200.16763305664062,202.9484100341797,193.874267578125,195.2890625,180.9945831298828,21265
2012-04-27,192.36192321777344,198.21620178222656,192.36192321777344,196.0696258544922,181.71804809570312,12171
2012-04-30,197.09413146972656,197.09413146972656,191.23985290527344,192.31312561035156,178.23646545410156,16612
2012-05-02,193.92306518554688,194.0694122314453,187.6297149658203,190.94712829589844,176.970458984375,8923
2012-05-03,189.77627563476562,194.0694122314453,185.48313903808594,192.7034149169922,178.5981903076172,19888
2012-05-04,191.9716339111328,191.9716339111328,181.14122009277344,182.89749145507812,169.5100555419922,50178
2012-05-07,180.31185913085938,194.1669921875,178.06771850585938,191.53256225585938,177.51303100585938,26450
2012-05-08,191.7277069091797,193.8254852294922,186.70277404785156,188.99571228027344,175.16188049316406,13589
2012-05-09,187.3369903564453,193.19126892089844,185.48313903808594,192.31312561035156,178.23646545410156,22085
2012-05-10,192.9961395263672,198.5089111328125,190.26412963867188,194.26455688476562,180.04505920410156,47876
2012-05-11,192.21556091308594,196.99655151367188,192.21556091308594,195.53298950195312,181.2206573486328,27772
2012-05-14,195.77691650390625,209.19297790527344,193.33763122558594,202.60691833496094,187.7768096923828,102367
2012-05-15,202.60691833496094,210.9492645263672,201.6799774169922,209.9247589111328,194.55899047851562,291859
2012-05-16,206.8512725830078,218.55982971191406,206.8512725830078,213.1934051513672,197.58840942382812,345612
2012-05-17,214.5106201171875,221.2918243408203,212.65675354003906,214.12033081054688,198.44747924804688,149148
2012-05-18,211.38833618164062,218.9501190185547,208.8026885986328,217.34017944335938,201.43165588378906,199899
2012-05-21,215.14483642578125,220.51126098632812,215.14483642578125,219.29161071777344,203.240234375,83124
2012-05-22,220.51126098632812,228.0242462158203,218.46224975585938,224.4141082763672,207.98779296875,652468
2012-05-23,222.90174865722656,226.36553955078125,216.7059783935547,219.48675537109375,203.4210968017578,129568
2012-05-24,220.41368103027344,220.41368103027344,210.90048217773438,212.4616241455078,196.9102020263672,60291
2012-05-25,207.6318359375,217.38897705078125,205.87554931640625,214.60818481445312,198.89962768554688,77118
2012-05-28,219.24282836914062,219.24282836914062,207.14398193359375,209.77841186523438,194.42335510253906,280785
2012-05-29,211.68104553222656,211.68104553222656,189.385986328125,191.23985290527344,177.2417449951172,645328
2012-05-30,194.84999084472656,194.84999084472656,178.60435485839844,182.26329040527344,168.92225646972656,365055
2012-05-31,180.5070037841797,182.21449279785156,175.7259979248047,177.67742919921875,164.6720733642578,292231
2012-06-01,178.06771850585938,180.01914978027344,176.65292358398438,178.3604278564453,165.30506896972656,118728
2012-06-04,175.62843322753906,179.53128051757812,168.84722900390625,170.3595733642578,157.8898468017578,273766
2012-06-05,172.45736694335938,178.4580078125,170.74986267089844,172.31100463867188,159.69845581054688,114069
2012-06-06,178.3604278564453,178.3604278564453,170.21322631835938,171.72557067871094,159.1558837890625,151431
2012-06-07,174.0185089111328,178.55557250976562,173.09158325195312,176.70172119140625,163.76776123046875,127407
2012-06-08,177.57986450195312,183.23899841308594,175.7259979248047,181.8730010986328,168.56053161621094,68305
2012-06-11,183.43414306640625,194.84999084472656,180.16549682617188,181.8730010986328,168.56053161621094,313622
2012-06-12,181.531494140625,190.94712829589844,181.531494140625,187.3369903564453,173.6245880126953,470570
2012-06-13,188.31271362304688,190.16656494140625,185.87342834472656,186.65399169921875,172.9915771484375,32523
2012-06-14,186.3612823486328,189.28842163085938,181.531494140625,182.653564453125,169.2839813232422,34634
2012-06-15,184.40985107421875,185.14163208007812,181.4827117919922,182.50721740722656,169.14833068847656,28541
2012-06-18,182.7511444091797,186.1661376953125,180.65335083007812,181.8730010986328,168.56053161621094,19949
2012-06-19,180.94607543945312,183.9219970703125,180.5070037841797,182.26329040527344,168.92225646972656,23344
2012-06-20,182.55599975585938,185.58070373535156,182.55599975585938,184.55621337890625,171.04733276367188,18100
2012-06-21,184.40985107421875,188.65420532226562,182.70236206054688,185.62950134277344,172.04208374023438,60985
2012-06-22,183.82443237304688,187.72727966308594,183.7268524169922,186.70277404785156,173.03677368164062,37607
2012-06-25,187.82484436035156,188.31271362304688,185.1904296875,185.53192138671875,171.9516143798828,14771
2012-06-26,184.1171417236328,188.11756896972656,184.068359375,186.99549865722656,173.30807495117188,37178
2012-06-27,188.31271362304688,192.50827026367188,187.97120666503906,190.9959259033203,177.01568603515625,79060
2012-06-28,191.9716339111328,196.6062774658203,191.9716339111328,193.72792053222656,179.54771423339844,155831
2012-06-29,195.82569885253906,196.6062774658203,191.09349060058594,193.28884887695312,179.14077758789062,51545
2012-07-02,192.31312561035156,198.5576934814453,192.31312561035156,193.33763122558594,179.18600463867188,47025
2012-07-03,194.84999084472656,197.09413146972656,191.5813446044922,192.41070556640625,178.326904296875,23557
2012-07-04,193.58155822753906,194.41091918945312,186.60520935058594,188.4102783203125,174.6193084716797,73143
2012-07-05,187.38577270507812,196.11842346191406,187.3369903564453,194.9475555419922,180.67808532714844,244665
2012-07-06,192.21556091308594,196.11842346191406,191.23985290527344,194.89877319335938,180.63282775878906,38793
2012-07-09,194.1669921875,198.06983947753906,192.26434326171875,195.53298950195312,181.2206573486328,31913
2012-07-10,195.1427001953125,199.28948974609375,194.2157745361328,195.72813415527344,181.4015350341797,22204
2012-07-11,196.4599151611328,197.04534912109375,190.31292724609375,191.630126953125,177.6034698486328,44696
2012-07-12,192.80099487304688,195.0939178466797,190.508056640625,193.2400665283203,179.09556579589844,21376
2012-07-13,194.0206298828125,196.55747985839844,193.58155822753906,194.70362854003906,180.45201110839844,36381
2012-07-16,195.0939178466797,196.85020446777344,190.89834594726562,192.36192321777344,178.2816925048828,34645
2012-07-17,192.31312561035156,195.63055419921875,190.4592742919922,192.06919860839844,178.0104217529297,75221
2012-07-18,190.26412963867188,192.60585021972656,190.26412963867188,190.9959259033203,179.5699005126953,12100
2012-07-19,192.9473419189453,193.67913818359375,192.7034149169922,192.80099487304688,181.26698303222656,10520
2012-07-20,193.19126892089844,193.28884887695312,186.75157165527344,187.9224395751953,176.68028259277344,23447
2012-07-23,185.43435668945312,190.16656494140625,179.6288604736328,181.3851318359375,170.5340576171875,40280
2012-07-24,182.4584197998047,185.0928497314453,175.67721557617188,177.72621154785156,167.09402465820312,80097
2012-07-25,177.77500915527344,180.5070037841797,175.77479553222656,179.1897735595703,168.47003173828125,24349
2012-07-26,179.97035217285156,185.72706604003906,167.9202880859375,168.60330200195312,158.51687622070312,288085
2012-07-27,169.77415466308594,172.6525115966797,161.1878662109375,164.8468017578125,154.98513793945312,157795
2012-07-30,165.8712921142578,170.1156463623047,161.4805908203125,168.89602661132812,158.79209899902344,160293
2012-07-31,168.35935974121094,173.677001953125,168.35935974121094,173.09156799316406,162.73663330078125,92669
2012-08-01,173.677001953125,176.50657653808594,171.2377166748047,175.7747802734375,165.25933837890625,42896
2012-08-02,175.82357788085938,178.3116455078125,175.82357788085938,177.3359375,166.72711181640625,33916
2012-08-03,176.40899658203125,176.65292358398438,171.72557067871094,176.1162872314453,165.58041381835938,24135
2012-08-06,178.06771850585938,181.38514709472656,174.50636291503906,176.60414123535156,166.03909301757812,34723
2012-08-07,177.3359375,178.55557250976562,175.7259979248047,176.31143188476562,165.76390075683594,12994
2012-08-08,176.89686584472656,178.01893615722656,172.99400329589844,173.28672790527344,162.92013549804688,31225
2012-08-09,173.38429260253906,175.1405792236328,169.3838653564453,172.6525115966797,162.3238525390625,44863
2012-08-10,172.6037139892578,172.99400329589844,165.9688720703125,168.1642303466797,158.1040802001953,72019
2012-08-13,169.3350830078125,172.6525115966797,166.944580078125,170.99378967285156,160.76437377929688,20176
2012-08-14,172.11585998535156,174.45758056640625,170.84744262695312,172.16464233398438,161.86517333984375,11104
2012-08-16,173.38429260253906,175.28692626953125,170.06686401367188,172.7988739013672,162.46148681640625,22837
2012-08-17,172.84765625,175.62843322753906,172.6525115966797,173.43307495117188,163.0576934814453,26214
2012-08-21,173.677001953125,175.57965087890625,170.99378967285156,173.4818572998047,163.1035614013672,24729
2012-08-22,173.677001953125,175.43328857421875,171.72557067871094,173.7257843017578,163.3329315185547,14103
2012-08-23,174.45758056640625,174.65272521972656,172.99400329589844,173.4818572998047,163.1035614013672,16784
2012-08-24,172.5061492919922,175.28692626953125,171.2377166748047,172.16464233398438,161.86517333984375,10645
2012-08-27,173.14036560058594,174.11607360839844,170.84744262695312,172.0670928955078,161.77346801757812,17848
2012-08-28,172.3597869873047,172.3597869873047,166.45672607421875,169.82293701171875,159.66355895996094,22717
2012-08-29,170.55471801757812,170.603515625,166.84701538085938,167.62757873535156,157.5995330810547,7476
2012-08-30,167.62757873535156,167.77394104003906,162.06600952148438,166.50550842285156,156.54457092285156,22389
2012-08-31,162.94415283203125,168.79843139648438,162.06600952148438,166.35916137695312,156.40696716308594,37668
2012-09-03,169.3838653564453,169.3838653564453,163.5295867919922,166.1640167236328,156.22352600097656,254331
2012-09-04,166.84701538085938,169.77415466308594,165.9200897216797,167.7251434326172,157.69125366210938,10689
2012-09-05,169.72537231445312,169.72537231445312,166.0176544189453,168.79843139648438,158.70034790039062,152846
2012-09-06,168.79843139648438,169.2863006591797,164.06622314453125,165.8712921142578,155.94830322265625,123141
2012-09-07,168.066650390625,168.79843139648438,163.13929748535156,165.72494506835938,155.8107147216797,50848
2012-09-10,168.31057739257812,168.50572204589844,164.7980194091797,167.9690704345703,157.9205780029297,75340
2012-09-11,165.6761474609375,169.77415466308594,165.18829345703125,168.4081573486328,158.33340454101562,58112
2012-09-12,167.82272338867188,174.21365356445312,167.82272338867188,171.432861328125,161.17715454101562,56750
2012-09-13,171.7743682861328,173.28671264648438,169.2863006591797,170.35958862304688,160.16812133789062,28248
2012-09-14,170.99378967285156,180.26307678222656,170.99378967285156,175.38450622558594,164.89242553710938,389788
2012-09-17,180.5070037841797,188.263916015625,180.5070037841797,185.483154296875,174.38693237304688,209760
2012-09-18,188.01998901367188,191.14227294921875,183.28778076171875,184.36106872558594,173.3319549560547,247975
2012-09-20,181.92178344726562,183.43414306640625,179.580078125,181.3851318359375,170.5340576171875,67576
2012-09-21,183.19021606445312,185.14163208007812,179.67764282226562,181.77542114257812,170.9010009765625,47154
2012-09-24,182.21449279785156,190.55685424804688,182.21449279785156,188.70298767089844,177.41412353515625,90722
2012-09-25,189.09327697753906,197.87469482421875,188.31271362304688,196.55747985839844,184.79876708984375,174679
2012-09-26,197.1916961669922,207.8269805908203,191.7277069091797,194.0694122314453,182.45953369140625,181631
2012-09-27,194.89877319335938,196.11842346191406,190.7519989013672,191.7277069091797,180.25791931152344,58482
2012-09-28,192.8985595703125,199.04556274414062,192.45948791503906,193.58155822753906,182.00083923339844,132902
2012-10-01,194.0206298828125,203.24111938476562,192.41070556640625,196.99655151367188,185.2115478515625,239457
2012-10-03,196.99655151367188,202.11904907226562,196.2159881591797,200.21641540527344,188.23880004882812,120049
2012-10-04,201.38726806640625,202.55812072753906,196.11842346191406,196.99655151367188,185.2115478515625,103059
2012-10-05,198.7040557861328,199.04556274414062,192.7034149169922,195.97207641601562,184.2483673095703,39430
2012-10-08,197.09413146972656,206.60733032226562,196.94776916503906,204.4607696533203,192.22923278808594,252404
2012-10-09,205.72918701171875,219.43797302246094,205.72918701171875,216.6083984375,203.65017700195312,692684
2012-10-10,216.6083984375,222.85296630859375,208.46119689941406,214.7057647705078,201.861328125,244368
2012-10-11,215.486328125,217.29139709472656,209.0954132080078,215.8278350830078,202.91629028320312,79064
2012-10-12,216.4132537841797,222.4138946533203,212.70555114746094,220.51126098632812,207.3195343017578,173465
2012-10-15,217.24261474609375,222.46267700195312,217.24261474609375,222.07240295410156,208.78726196289062,101338
2012-10-16,222.3651123046875,228.07302856445312,215.73025512695312,218.41348266601562,205.3472442626953,178337
2012-10-17,218.55982971191406,223.19447326660156,217.7792510986328,220.51126098632812,207.3195343017578,76704
2012-10-18,220.65760803222656,226.8533935546875,220.51126098632812,225.78009033203125,212.2731475830078,134216
2012-10-19,225.7801055908203,227.34124755859375,220.41368103027344,222.3163299560547,209.01661682128906,125821
2012-10-22,222.3163299560547,227.53639221191406,216.6083984375,220.3649139404297,207.18194580078125,44884
2012-10-23,220.51126098632812,222.2675323486328,218.12075805664062,219.19403076171875,206.08111572265625,25723
2012-10-25,218.60861206054688,220.3161163330078,206.6561279296875,209.48568725585938,196.9535675048828,431176
2012-10-29,192.1179962158203,195.0939178466797,190.508056640625,192.36190795898438,180.85414123535156,96797
2012-10-30,191.33741760253906,192.45948791503906,188.556640625,191.33743286132812,179.89096069335938,57413
2012-10-31,191.43499755859375,199.87490844726562,187.6297149658203,194.9475555419922,183.28514099121094,115801
2012-11-01,195.1914825439453,197.77713012695312,190.80078125,191.7277069091797,180.25791931152344,44582
2012-11-02,189.28842163085938,193.92306518554688,188.89813232421875,190.9959259033203,179.5699005126953,37950
2012-11-05,190.9959259033203,195.0939178466797,188.89813232421875,189.3372039794922,178.01040649414062,36679
2012-11-06,189.28842163085938,192.21556091308594,188.4590606689453,191.23985290527344,179.7992401123047,62679
2012-11-07,191.67892456054688,194.60606384277344,190.7519989013672,192.6058349609375,181.08351135253906,18584
2012-11-08,190.94712829589844,194.75241088867188,187.4345703125,190.36170959472656,178.9736328125,105095
2012-11-09,192.45948791503906,199.4358367919922,190.36170959472656,191.23985290527344,179.7992401123047,282655
2012-11-12,191.9716339111328,193.48399353027344,190.26412963867188,191.7277069091797,180.25791931152344,27772
2012-11-15,190.16656494140625,199.04556274414062,188.556640625,195.38662719726562,183.69793701171875,41249
2012-11-16,196.02084350585938,199.48463439941406,192.7034149169922,197.09413146972656,185.30328369140625,65206
2012-11-19,197.09413146972656,200.02127075195312,195.1427001953125,196.80142211914062,185.02810668945312,70721
2012-11-20,198.06983947753906,198.06983947753906,193.19126892089844,196.2159881591797,184.47767639160156,223406
2012-11-21,197.09413146972656,198.06983947753906,193.53277587890625,194.50848388671875,182.872314453125,24246
2012-11-22,195.82569885253906,196.11842346191406,193.28884887695312,194.89877319335938,183.23924255371094,26892
2012-11-23,195.1427001953125,197.4844207763672,193.92306518554688,195.63055419921875,183.92726135253906,21302
2012-11-26,196.50869750976562,199.7285614013672,195.1427001953125,195.67935180664062,183.97315979003906,27624
2012-11-27,194.1669921875,203.72897338867188,194.1669921875,198.8504180908203,186.95449829101562,68081
2012-11-29,198.89920043945312,201.9239044189453,198.21620178222656,200.50912475585938,188.51400756835938,25421
2012-11-30,201.48483276367188,204.60711669921875,200.02127075195312,202.36297607421875,190.25694274902344,60792
2012-12-03,202.41177368164062,206.7049102783203,198.06983947753906,199.7285614013672,187.78012084960938,75824
2012-12-04,199.7285614013672,205.48526000976562,197.3868408203125,202.89962768554688,190.76148986816406,48879
2012-12-05,203.72897338867188,205.87554931640625,201.14334106445312,203.97291564941406,191.77053833007812,48628
2012-12-06,204.65591430664062,205.14376831054688,200.16763305664062,201.8751220703125,189.79827880859375,22662
2012-12-07,202.60691833496094,205.3389129638672,199.24069213867188,200.41156005859375,188.42225646972656,22347
2012-12-10,200.36276245117188,204.70469665527344,198.6064910888672,200.07005310058594,188.10118103027344,16342
2012-12-11,201.72877502441406,211.72982788085938,200.8506317138672,209.87599182128906,197.3205108642578,124862
2012-12-12,211.43711853027344,214.60818481445312,208.16847229003906,209.33934020996094,196.81594848632812,112854
2012-12-13,209.29054260253906,210.0711212158203,205.1925506591797,207.2903289794922,194.88954162597656,54096
2012-12-14,204.2168426513672,206.8512725830078,201.48483276367188,204.2168426513672,191.9998779296875,29000
2012-12-17,204.85105895996094,208.8026885986328,204.1192626953125,207.09519958496094,194.70606994628906,33053
2012-12-18,207.38790893554688,210.75411987304688,204.4119873046875,205.2413330078125,192.9630889892578,88961
2012-12-19,205.82676696777344,208.11968994140625,201.24090576171875,202.41177368164062,190.30279541015625,60097
2012-12-20,202.75326538085938,211.72982788085938,198.3137664794922,199.8261260986328,187.8718719482422,34285
2012-12-21,199.04556274414062,202.41177368164062,199.04556274414062,200.8506317138672,188.8350830078125,17464
2012-12-24,199.04556274414062,202.46055603027344,199.04556274414062,201.58241271972656,189.5230712890625,19246
2012-12-26,198.06983947753906,202.75326538085938,197.4844207763672,201.63119506835938,189.56890869140625,25819
2012-12-27,202.60691833496094,202.9971923828125,200.65548706054688,202.55812072753906,190.44039916992188,24992
2012-12-28,203.3386993408203,206.7049102783203,199.38705444335938,202.8020477294922,190.6697540283203,45133
2012-12-31,202.9484100341797,207.04640197753906,199.9237060546875,204.50955200195312,192.2751007080078,596131
2013-01-01,204.60711669921875,210.60775756835938,204.02169799804688,207.7781982421875,195.34820556640625,156320
2013-01-02,208.8026885986328,209.77841186523438,206.75369262695312,207.14398193359375,194.7519073486328,27218
2013-01-03,207.33912658691406,208.8026885986328,203.38748168945312,203.87533569335938,191.67881774902344,26011
2013-01-04,203.48504638671875,213.4373321533203,201.77755737304688,212.2664794921875,199.56797790527344,114563
2013-01-07,212.55918884277344,214.1691131591797,206.6561279296875,209.38812255859375,196.86181640625,40066
2013-01-08,209.38812255859375,212.55918884277344,208.7051239013672,209.19297790527344,196.6783447265625,37242
2013-01-09,209.14419555664062,209.7296142578125,203.1923370361328,203.9241180419922,191.72470092773438,31872
2013-01-10,205.2413330078125,205.2413330078125,201.38726806640625,203.82655334472656,191.63294982910156,118557
2013-01-11,203.82655334472656,204.60711669921875,202.55812072753906,203.0459747314453,190.8990936279297,65482
2013-01-14,203.43626403808594,203.48504638671875,195.1427001953125,196.80142211914062,185.02810668945312,66785
2013-01-15,197.82591247558594,201.9727020263672,197.82591247558594,200.4115447998047,188.4222412109375,58800
2013-01-16,200.99697875976562,202.9971923828125,198.06983947753906,200.02127075195312,188.0552978515625,38460
2013-01-17,199.87490844726562,201.0457763671875,199.04556274414062,199.9724884033203,188.00946044921875,57978
2013-01-18,199.09434509277344,200.02127075195312,192.45948791503906,194.1669921875,182.55125427246094,44468
2013-01-21,194.1669921875,197.09413146972656,188.80056762695312,189.82505798339844,178.46908569335938,53923
2013-01-22,192.02041625976562,194.9475555419922,190.26412963867188,193.38641357421875,181.81739807128906,46191
2013-01-23,193.53277587890625,193.67913818359375,187.3369903564453,187.77606201171875,176.5426483154297,30266
2013-01-24,188.94691467285156,189.28842163085938,180.7021484375,184.40985107421875,173.37782287597656,98211
2013-01-25,180.5070037841797,183.82443237304688,178.55557250976562,180.84849548339844,170.02955627441406,130014
2013-01-28,182.40963745117188,184.01956176757812,180.01914978027344,181.6290740966797,170.76341247558594,72286
2013-01-29,178.94586181640625,182.9462890625,178.89707946777344,180.409423828125,169.61672973632812,68564
2013-01-30,181.8730010986328,188.31271362304688,181.4827117919922,185.92221069335938,174.7997283935547,30204
2013-01-31,188.2151336669922,196.0696258544922,185.3855743408203,191.8740692138672,180.3955078125,90807
2013-02-01,194.0694122314453,194.0694122314453,185.77584838867188,188.65420532226562,177.36827087402344,13555
2013-02-04,188.4590606689453,192.55706787109375,183.62928771972656,184.897705078125,173.8365020751953,16961
2013-02-05,184.8489227294922,193.33763122558594,177.2383575439453,178.70193481445312,168.01138305664062,48280
2013-02-06,180.01914978027344,198.8504180908203,169.0423583984375,190.4104766845703,179.0194854736328,1261290
2013-02-07,189.6299285888672,190.26412963867188,181.77542114257812,186.3125,175.16665649414062,186632
2013-02-08,185.8246307373047,194.1669921875,183.9707794189453,192.41070556640625,180.90005493164062,194360
2013-02-11,176.75050354003906,194.84999084472656,166.84701538085938,185.48313903808594,174.3869171142578,49027
2013-02-12,185.53192138671875,188.7517852783203,185.43435668945312,187.67849731445312,176.45094299316406,16979
2013-02-13,188.70298767089844,193.19126892089844,185.72706604003906,191.9716339111328,180.4872283935547,62261
2013-02-14,191.9716339111328,193.19126892089844,180.7021484375,183.9219970703125,172.91915893554688,34019
2013-02-15,183.43414306640625,186.65399169921875,177.67742919921875,181.09242248535156,170.2588653564453,22007
2013-02-18,180.5557861328125,184.16592407226562,178.60435485839844,179.97035217285156,169.20391845703125,12519
2013-02-19,180.3606414794922,181.97056579589844,179.53128051757812,180.45822143554688,169.66259765625,16165
2013-02-20,180.65335083007812,182.36085510253906,179.53128051757812,180.2142791748047,169.43324279785156,17145
2013-02-21,185.3855743408203,185.3855743408203,177.57986450195312,178.2140655517578,167.5526885986328,15698
2013-02-22,178.55557250976562,179.4337158203125,176.60414123535156,177.3847198486328,166.77294921875,14564
2013-02-25,179.3849334716797,180.79971313476562,173.677001953125,177.77500915527344,167.13987731933594,29801
2013-02-26,176.9944305419922,177.57986450195312,171.5304412841797,172.6037139892578,162.27798461914062,24188
2013-02-27,173.38429260253906,178.5067901611328,173.38429260253906,176.36021423339844,165.80972290039062,15480
2013-02-28,177.3359375,180.16549682617188,173.09158325195312,176.1162872314453,165.58041381835938,17233
2013-03-01,174.70150756835938,187.3369903564453,174.6039276123047,185.48313903808594,174.3869171142578,62138
2013-03-04,184.7025604248047,214.3642578125,177.3847198486328,179.287353515625,168.561767578125,26749
2013-03-05,180.2142791748047,187.3369903564453,172.7012939453125,183.43414306640625,172.46051025390625,113839
2013-03-06,180.7021484375,186.26370239257812,178.65313720703125,179.87278747558594,169.1121826171875,86533
2013-03-07,179.4337158203125,180.409423828125,177.87257385253906,179.3849334716797,168.65350341796875,14322
2013-03-08,179.82400512695312,181.38514709472656,176.65292358398438,179.04342651367188,168.33242797851562,64522
2013-03-11,179.04342651367188,179.53128051757812,174.0185089111328,175.8723602294922,165.35110473632812,50051
2013-03-12,176.36021423339844,176.94564819335938,171.04257202148438,171.92071533203125,161.63584899902344,131343
2013-03-13,171.4816436767578,172.99400329589844,169.96929931640625,171.09136962890625,160.85609436035156,31264
2013-03-14,171.96951293945312,172.6037139892578,166.45672607421875,169.92050170898438,159.75527954101562,50363
2013-03-15,171.14015197753906,171.92071533203125,168.9935760498047,170.70108032226562,160.4891815185547,39316
2013-03-18,169.188720703125,177.0919952392578,168.50572204589844,175.48207092285156,164.98414611816406,139963
2013-03-19,174.31121826171875,177.43350219726562,170.3595733642578,173.28671264648438,162.9201202392578,73107
2013-03-20,172.554931640625,172.7500762939453,169.09115600585938,171.432861328125,161.17715454101562,30982
2013-03-21,172.7012939453125,173.677001953125,169.72537231445312,171.14015197753906,160.9019775390625,74891
2013-03-22,167.96908569335938,172.554931640625,167.96908569335938,170.79864501953125,160.58090209960938,34437
2013-03-25,171.72557067871094,172.40858459472656,169.77415466308594,170.74986267089844,160.53501892089844,36996
2013-03-26,169.77415466308594,175.57965087890625,168.84722900390625,170.5059356689453,160.30567932128906,84448
2013-03-28,169.77415466308594,180.01914978027344,163.9198760986328,170.3595733642578,160.16810607910156,63554
2013-04-01,170.3595733642578,171.67678833007812,168.066650390625,168.4081573486328,158.33340454101562,26778
2013-04-02,169.5302276611328,173.09158325195312,168.79843139648438,170.89622497558594,160.67262268066406,42709
2013-04-03,171.14015197753906,172.6037139892578,166.11521911621094,169.57901000976562,159.43421936035156,171742
2013-04-04,167.82272338867188,169.48143005371094,163.9198760986328,164.26136779785156,154.43470764160156,132004
2013-04-05,163.9198760986328,168.79843139648438,162.94415283203125,163.96865844726562,154.1595001220703,109456
2013-04-08,163.9198760986328,165.8712921142578,162.94415283203125,165.7737274169922,155.8565673828125,37185
2013-04-09,165.8712921142578,166.35916137695312,160.9927215576172,161.1878662109375,151.5450897216797,73151
2013-04-10,160.50486755371094,163.578369140625,156.45565795898438,158.9437255859375,149.43516540527344,40596
2013-04-11,160.9927215576172,161.72451782226562,157.48016357421875,159.0413055419922,149.5269317626953,13963
2013-04-12,159.18765258789062,160.0170135498047,155.723876953125,159.1388702392578,149.61863708496094,29095
2013-04-15,159.4315948486328,164.40773010253906,159.4315948486328,162.94415283203125,153.19627380371094,26239
2013-04-16,161.5293731689453,165.7737274169922,160.0657958984375,164.5540771484375,154.7099151611328,22276
2013-04-17,164.40773010253906,166.70065307617188,162.3099365234375,163.48080444335938,153.70082092285156,19274
2013-04-18,162.94415283203125,165.28587341308594,162.2611541748047,163.23687744140625,153.4715118408203,9877
2013-04-22,164.8468017578125,165.8712921142578,162.11480712890625,164.700439453125,154.8474884033203,19981
2013-04-23,163.9198760986328,172.7012939453125,163.48080444335938,168.9935760498047,158.88380432128906,160067
2013-04-25,169.2375030517578,179.4824981689453,169.2375030517578,175.9699249267578,165.4427947998047,112357
2013-04-26,172.31100463867188,177.53106689453125,167.82272338867188,168.74964904785156,158.65447998046875,38465
2013-04-29,169.57901000976562,176.36021423339844,169.57901000976562,170.84744262695312,160.62677001953125,12502
2013-04-30,171.5792236328125,174.11607360839844,170.74986267089844,171.92071533203125,161.63584899902344,15630
2013-05-02,172.554931640625,173.18914794921875,170.2620086669922,171.87191772460938,161.58993530273438,13781
2013-05-03,172.554931640625,174.8966522216797,171.82315063476562,173.53065490722656,163.14947509765625,21506
2013-05-06,172.6525115966797,175.62843322753906,172.21343994140625,174.6039276123047,164.15853881835938,24426
2013-05-07,172.79885864257812,182.8487091064453,172.79885864257812,176.75050354003906,166.17669677734375,182090
2013-05-08,178.2628631591797,178.2628631591797,172.26222229003906,172.31100463867188,162.00277709960938,29826
2013-05-09,173.04278564453125,174.55514526367188,170.5059356689453,171.7743682861328,161.4982452392578,51670
2013-05-10,172.31100463867188,173.57943725585938,170.94500732421875,171.87193298339844,161.58995056152344,27246
2013-05-13,172.40858459472656,172.7012939453125,166.45672607421875,168.0178680419922,157.96646118164062,24882
2013-05-14,168.84722900390625,171.67678833007812,166.8957977294922,169.2863006591797,159.15899658203125,22897
2013-05-15,168.79843139648438,172.84765625,168.79843139648438,170.3595733642578,160.16810607910156,29426
2013-05-16,169.77415466308594,172.7012939453125,168.94479370117188,171.09136962890625,160.85609436035156,30239
2013-05-17,171.72557067871094,175.18936157226562,168.89601135253906,174.21365356445312,163.7915802001953,51243
2013-05-20,172.21343994140625,176.50657653808594,170.74986267089844,172.31101989746094,162.00279235839844,21962
2013-05-21,170.89622497558594,171.72557067871094,167.1397247314453,168.31057739257812,158.24166870117188,41637
2013-05-22,168.9935760498047,170.1156463623047,165.9200897216797,167.8715057373047,157.82887268066406,18654
2013-05-23,168.31057739257812,168.31057739257812,163.23687744140625,165.0419464111328,155.16856384277344,23008
2013-05-24,165.9688720703125,168.35935974121094,164.16380310058594,166.50550842285156,156.54457092285156,12896
2013-05-27,166.45672607421875,173.28671264648438,160.1633758544922,165.09072875976562,155.21441650390625,594574
2013-05-28,163.9198760986328,163.9198760986328,158.69979858398438,159.1388702392578,149.61863708496094,168655
2013-05-29,160.5536651611328,160.9927215576172,158.06558227539062,160.212158203125,150.62771606445312,52834
2013-05-30,160.0170135498047,161.1390838623047,157.6265106201172,160.60244750976562,150.9946746826172,521098
2013-05-31,160.9927215576172,161.04151916503906,158.21194458007812,158.79737854003906,149.29759216308594,28656
2013-06-03,158.1631622314453,160.9927215576172,157.33380126953125,160.50486755371094,150.90293884277344,23669
2013-06-04,159.52915954589844,161.1878662109375,158.65101623535156,159.090087890625,149.5727996826172,114744
2013-06-05,158.45587158203125,166.84701538085938,158.45587158203125,164.6516571044922,154.8016357421875,156073
2013-06-06,165.48101806640625,169.2863006591797,162.99293518066406,167.53001403808594,157.50779724121094,50258
2013-06-07,171.72557067871094,171.72557067871094,166.8957977294922,167.33486938476562,157.32432556152344,32597
2013-06-10,167.0909423828125,169.62779235839844,164.99314880371094,166.65187072753906,156.6822052001953,25767
2013-06-11,166.84701538085938,168.31057739257812,163.9198760986328,164.8468017578125,154.98513793945312,46519
2013-06-12,164.700439453125,165.7737274169922,160.11459350585938,163.23687744140625,153.4715118408203,19243
2013-06-13,161.96844482421875,165.9200897216797,159.38279724121094,162.01722717285156,152.32481384277344,18796
2013-06-14,161.334228515625,164.8468017578125,161.334228515625,163.23687744140625,153.4715118408203,10698
2013-06-17,162.35873413085938,163.7247314453125,159.67552185058594,160.60244750976562,150.9946746826172,28999
2013-06-18,161.4805908203125,161.4805908203125,159.2364501953125,159.52915954589844,149.98558044433594,111877
2013-06-19,159.18765258789062,164.99314880371094,159.18765258789062,163.6271514892578,153.8384246826172,161346
2013-06-20,161.96844482421875,163.13929748535156,160.0170135498047,161.3830108642578,151.72853088378906,29707
2013-06-21,160.1633758544922,169.57901000976562,160.1633758544922,168.1642303466797,158.1040802001953,60817
2013-06-24,168.79843139648438,171.6280059814453,162.99293518066406,169.38388061523438,159.25076293945312,30291
2013-06-25,169.5302276611328,172.554931640625,167.96908569335938,170.65228271484375,160.44326782226562,47807
2013-06-26,172.5061492919922,172.7012939453125,165.28587341308594,168.60330200195312,158.51687622070312,19693
2013-06-27,168.65208435058594,170.70108032226562,164.99314880371094,167.0909423828125,157.09500122070312,12699
2013-06-28,167.33486938476562,169.72537231445312,167.0421600341797,168.2130126953125,158.14996337890625,15461
2013-07-01,167.38365173339844,170.5059356689453,167.33486938476562,170.01808166503906,159.8470458984375,16851
2013-07-02,168.60330200195312,171.5792236328125,168.60330200195312,170.4083709716797,160.21397399902344,15425
2013-07-03,168.35935974121094,171.96951293945312,168.31057739257812,170.99378967285156,160.76437377929688,16327
2013-07-04,171.72557067871094,174.65272521972656,169.1399383544922,173.23793029785156,162.87425231933594,30511
2013-07-05,174.55514526367188,174.55514526367188,164.01744079589844,173.28672790527344,162.92013549804688,83455
2013-07-08,170.94500732421875,172.21343994140625,169.82293701171875,171.3840789794922,161.13131713867188,9558
2013-07-09,172.7012939453125,188.65420532226562,170.01808166503906,181.4827117919922,170.6257781982422,253443
2013-07-10,182.55599975585938,186.26370239257812,182.55599975585938,184.45863342285156,173.4237060546875,77700
2013-07-11,184.40985107421875,185.1904296875,182.50721740722656,183.9219970703125,172.91915893554688,20931
2013-07-12,180.5070037841797,189.28842163085938,180.5070037841797,187.87364196777344,176.63441467285156,118788
2013-07-15,188.31271362304688,192.21556091308594,183.43414306640625,184.897705078125,173.8365020751953,66741
2013-07-16,182.4584197998047,184.16592407226562,176.2138671875,179.4824981689453,168.74525451660156,166373
2013-07-17,177.87257385253906,180.5070037841797,171.2377166748047,176.40899658203125,165.8555908203125,180188
2013-07-18,174.26243591308594,179.04342651367188,173.28671264648438,178.3116455078125,167.64443969726562,129630
2013-07-19,185.0928497314453,185.0928497314453,173.677001953125,176.45779418945312,165.9014892578125,262747
2013-07-22,176.89686584472656,178.3116455078125,171.7743682861328,173.0428009033203,162.6907958984375,16887
2013-07-23,174.40878295898438,175.1405792236328,170.74986267089844,171.5304412841797,161.26889038085938,129282
2013-07-24,171.6280059814453,177.043212890625,170.74986267089844,173.09158325195312,162.7366485595703,98486
2013-07-25,173.14036560058594,179.77520751953125,173.14036560058594,176.50656127929688,165.9473419189453,168652
2013-07-26,176.65292358398438,177.57986450195312,173.28671264648438,175.43328857421875,164.9382781982422,97768
2013-07-29,173.677001953125,175.57965087890625,167.18850708007812,169.48143005371094,161.13487243652344,129931
2013-07-30,168.79843139648438,169.77415466308594,166.21279907226562,166.50550842285156,158.3054962158203,16685
2013-07-31,164.8955841064453,167.48121643066406,157.08987426757812,160.65121459960938,152.739501953125,57446
2013-08-01,161.4805908203125,164.8468017578125,158.06558227539062,159.3828125,151.5335693359375,28393
2013-08-02,159.090087890625,170.1156463623047,158.06558227539062,168.60330200195312,160.2999725341797,106407
2013-08-05,170.99378967285156,174.65272521972656,170.74986267089844,173.7257843017578,165.17018127441406,91309
2013-08-06,175.48207092285156,178.4580078125,151.47952270507812,157.08987426757812,149.35354614257812,481261
2013-08-07,156.01658630371094,157.08987426757812,146.35702514648438,155.18724060058594,147.54461669921875,146172
2013-08-08,155.13844299316406,160.0170135498047,152.5040283203125,154.21151733398438,146.61695861816406,15757
2013-08-12,156.11416625976562,159.82186889648438,152.74795532226562,156.35809326171875,148.65782165527344,24598
2013-08-13,156.60202026367188,159.52915954589844,155.6750946044922,158.1631622314453,150.3739776611328,14692
2013-08-14,157.1874542236328,162.6026611328125,157.1874542236328,161.57815551757812,153.6208038330078,18916
2013-08-16,162.70022583007812,162.70022583007812,153.4309539794922,157.968017578125,150.18844604492188,31463
2013-08-19,156.11416625976562,159.82186889648438,154.16273498535156,157.08987426757812,149.35354614257812,40030
2013-08-20,156.11416625976562,158.55345153808594,152.69915771484375,157.28501892089844,149.5391082763672,105103
2013-08-21,157.23623657226562,161.96844482421875,156.21173095703125,157.6265106201172,149.86376953125,71509
2013-08-22,155.13844299316406,157.08987426757812,152.3088836669922,155.33358764648438,147.6837615966797,18878
2013-08-23,155.13844299316406,156.60202026367188,153.6748809814453,155.18724060058594,147.54461669921875,19293
2013-08-26,153.77244567871094,156.60202026367188,153.6748809814453,154.4066619873047,146.802490234375,9900
2013-08-27,154.16273498535156,155.62631225585938,152.69915771484375,153.57730102539062,146.01397705078125,15410
2013-08-28,152.2113037109375,153.3821563720703,148.7963104248047,151.91859436035156,144.4369354248047,44800
2013-08-29,151.235595703125,153.87002563476562,151.235595703125,153.04067993164062,145.50376892089844,17910
2013-08-30,151.86981201171875,154.16273498535156,151.86981201171875,153.08944702148438,145.55014038085938,21925
2013-09-02,152.2113037109375,155.13844299316406,151.3819580078125,154.11395263671875,146.52418518066406,21735
2013-09-03,154.89451599121094,154.9433135986328,147.57667541503906,150.40623474121094,142.99908447265625,118277
2013-09-04,150.2598876953125,152.99188232421875,148.21087646484375,149.23538208007812,141.88587951660156,74397
2013-09-05,150.65016174316406,153.08944702148438,149.82081604003906,150.3086700439453,142.90631103515625,118122
2013-09-06,150.35745239257812,153.6748809814453,150.3086700439453,152.26010131835938,144.7616424560547,69555
2013-09-10,153.18702697753906,158.06558227539062,153.18702697753906,157.13865661621094,149.39993286132812,18553
2013-09-11,154.16273498535156,165.8712921142578,154.16273498535156,164.45651245117188,156.3573760986328,38725
2013-09-12,163.48080444335938,165.7737274169922,160.9927215576172,161.72451782226562,153.7599334716797,14010
2013-09-13,160.0170135498047,162.94415283203125,158.45587158203125,160.45608520507812,152.5540008544922,10977
2013-09-16,161.96844482421875,163.9198760986328,156.45565795898438,160.0170135498047,152.1365509033203,14527
2013-09-17,160.0657958984375,160.70001220703125,157.57772827148438,158.60223388671875,150.79144287109375,9474
2013-09-18,159.090087890625,162.4075164794922,158.06558227539062,161.1878662109375,153.249755859375,9504
2013-09-19,162.94415283203125,166.21279907226562,160.1633758544922,162.16358947753906,154.17739868164062,17294
2013-09-20,161.96844482421875,161.96844482421875,155.47994995117188,158.3095245361328,150.51315307617188,20629
2013-09-23,157.08987426757812,159.91944885253906,155.82144165039062,158.1143798828125,150.32760620117188,10324
2013-09-24,156.16294860839844,162.94415283203125,156.16294860839844,161.91966247558594,153.94549560546875,17098
2013-09-25,164.8955841064453,164.8955841064453,157.968017578125,160.5536651611328,152.6467742919922,39387
2013-09-26,160.9927215576172,162.456298828125,156.6508026123047,158.60223388671875,150.79144287109375,13559
2013-09-27,159.4315948486328,161.334228515625,158.26072692871094,158.69979858398438,150.8842010498047,4700
2013-09-30,159.0413055419922,160.9927215576172,157.43138122558594,158.06558227539062,150.2812042236328,8127
2013-10-01,158.84616088867188,161.62693786621094,157.6265106201172,158.99252319335938,151.16250610351562,9643
2013-10-03,159.87066650390625,160.9927215576172,157.1874542236328,158.0167999267578,150.23484802246094,94314
2013-10-04,161.1390838623047,167.0909423828125,156.21173095703125,157.08987426757812,149.35354614257812,253951
2013-10-07,156.11416625976562,158.55345153808594,156.11416625976562,157.28501892089844,149.5391082763672,48435
2013-10-08,158.40708923339844,158.7485809326172,152.3088836669922,154.6505889892578,147.03440856933594,90131
2013-10-09,154.2602996826172,156.01658630371094,152.69915771484375,153.4309539794922,145.8748321533203,52684
2013-10-10,152.357666015625,158.84616088867188,152.357666015625,155.7726593017578,148.1011962890625,249199
2013-10-11,157.7728729248047,158.7485809326172,155.6750946044922,156.16294860839844,148.47227478027344,64123
2013-10-14,156.8947296142578,157.87045288085938,156.16294860839844,157.28501892089844,149.5391082763672,27249
2013-10-15,157.1874542236328,160.50486755371094,157.1874542236328,159.1388702392578,151.3016357421875,508828
2013-10-17,159.18765258789062,160.3585205078125,158.45587158203125,158.65101623535156,150.8378143310547,40660
2013-10-18,157.28501892089844,160.50486755371094,157.28501892089844,158.7485809326172,150.93057250976562,28100
2013-10-21,158.06558227539062,158.7485809326172,157.08987426757812,157.52894592285156,149.77102661132812,33442
2013-10-22,157.7728729248047,163.23687744140625,157.33380126953125,160.50486755371094,152.60040283203125,145020
2013-10-23,163.4320068359375,163.4320068359375,159.0413055419922,159.87066650390625,151.99740600585938,89506
2013-10-24,159.87066650390625,164.700439453125,159.0413055419922,161.04151916503906,153.110595703125,362812
2013-10-25,159.62672424316406,161.62693786621094,157.6265106201172,158.89495849609375,151.06976318359375,27597
2013-10-28,157.33380126953125,159.67552185058594,156.5044403076172,157.6265106201172,149.86376953125,21238
2013-10-29,159.2852325439453,159.2852325439453,156.5044403076172,157.43138122558594,149.67825317382812,585307
2013-10-30,157.67530822753906,161.96844482421875,157.33380126953125,161.6757354736328,153.71356201171875,282241
2013-10-31,162.6514434814453,162.6514434814453,158.1631622314453,160.9927215576172,153.064208984375,70196
2013-11-01,161.96844482421875,161.96844482421875,159.1388702392578,161.334228515625,153.38890075683594,167223
2013-11-05,170.70108032226562,170.70108032226562,166.06643676757812,168.60330200195312,160.2999725341797,148411
2013-11-06,167.82272338867188,170.5059356689453,165.48101806640625,167.8715057373047,159.60421752929688,254420
2013-11-07,173.677001953125,178.94586181640625,167.38365173339844,169.77415466308594,161.4131622314453,433719
2013-11-08,170.5059356689453,172.21343994140625,162.55386352539062,170.310791015625,161.92337036132812,77609
2013-11-11,172.79885864257812,173.57943725585938,162.6514434814453,164.06622314453125,155.98634338378906,92587
2013-11-12,163.4320068359375,168.2130126953125,154.16273498535156,155.33358764648438,147.6837615966797,422644
2013-11-13,154.2602996826172,158.99252319335938,151.72344970703125,156.6508026123047,148.9361114501953,395501
2013-11-14,157.08987426757812,158.9437255859375,156.30931091308594,157.38258361816406,149.63186645507812,42956
2013-11-18,158.9437255859375,160.50486755371094,158.1631622314453,159.48037719726562,151.6263427734375,125351
2013-11-19,159.72430419921875,161.62693786621094,155.3823699951172,155.723876953125,148.05484008789062,117842
2013-11-20,158.06558227539062,159.2364501953125,155.62631225585938,157.9192352294922,150.14205932617188,378491
2013-11-21,156.6995849609375,158.3095245361328,155.62631225585938,156.55323791503906,148.84336853027344,217789
2013-11-22,155.6750946044922,158.06558227539062,155.6750946044922,156.845947265625,149.12164306640625,44545
2013-11-25,157.72409057617188,159.33401489257812,156.6508026123047,158.21194458007812,150.42037963867188,42625
2013-11-26,157.6265106201172,159.0413055419922,156.21173095703125,157.48016357421875,149.72462463378906,29828
2013-11-27,159.48037719726562,160.0170135498047,156.8947296142578,158.65101623535156,150.8378143310547,51640
2013-11-28,159.090087890625,162.7978057861328,158.40708923339844,161.3830108642578,153.4352569580078,76400
2013-11-29,160.0170135498047,164.40773010253906,159.82186889648438,163.77352905273438,155.70803833007812,59794
2013-12-02,163.7735137939453,169.57901000976562,163.09051513671875,167.9202880859375,159.6505889892578,123074
2013-12-03,168.70086669921875,168.70086669921875,165.9200897216797,167.48121643066406,159.233154296875,27627
2013-12-04,165.8712921142578,176.79928588867188,164.7980194091797,172.01829528808594,163.54678344726562,132387
2013-12-05,173.92092895507812,175.62843322753906,170.74986267089844,172.7500762939453,164.24252319335938,534960
2013-12-06,170.89622497558594,174.65272521972656,170.74986267089844,173.677001953125,165.12380981445312,102189
2013-12-09,174.65272521972656,176.50657653808594,171.09136962890625,174.31121826171875,165.726806640625,56081
2013-12-10,175.62843322753906,180.26307678222656,172.84765625,176.75050354003906,168.04592895507812,179643
2013-12-11,176.50657653808594,180.5070037841797,175.1405792236328,177.82379150390625,169.06639099121094,249559
2013-12-12,177.67742919921875,180.5070037841797,174.9454345703125,177.72621154785156,168.97360229492188,185482
2013-12-13,175.62843322753906,176.79928588867188,173.92092895507812,175.57965087890625,166.93276977539062,36402
2013-12-16,173.677001953125,175.48207092285156,172.01829528808594,172.7500762939453,164.24252319335938,21052
2013-12-17,172.7012939453125,176.1162872314453,170.79864501953125,171.3840789794922,162.9438018798828,30157
2013-12-18,171.3840789794922,174.16485595703125,170.01808166503906,172.5061492919922,164.0106201171875,19862
2013-12-19,172.99400329589844,180.5070037841797,172.7012939453125,179.18978881835938,170.3651123046875,79060
2013-12-20,176.8480682373047,189.19085693359375,176.8480682373047,187.6297149658203,178.38938903808594,208385
2013-12-23,188.31271362304688,195.1427001953125,186.84913635253906,189.8738555908203,180.5229949951172,184385
2013-12-24,190.11778259277344,192.8985595703125,187.3369903564453,191.5813446044922,182.1464080810547,96073
2013-12-26,191.23985290527344,209.5344696044922,191.23985290527344,200.02127075195312,190.17068481445312,356222
2013-12-27,200.02127075195312,215.6326904296875,200.02127075195312,213.63247680664062,203.11155700683594,542907
2013-12-30,216.12054443359375,222.90174865722656,211.9737548828125,214.90089416503906,204.3175048828125,698843
2013-12-31,214.94969177246094,219.73068237304688,214.60818481445312,218.46224975585938,207.70347595214844,111811
2014-01-01,219.24282836914062,223.3408203125,217.5841064453125,221.92604064941406,210.9967041015625,91603
2014-01-02,221.2918243408203,230.1708221435547,211.72982788085938,213.48611450195312,202.972412109375,260779
2014-01-03,209.8271942138672,225.3898162841797,209.7296142578125,224.02381896972656,212.99114990234375,200245
2014-01-06,222.46267700195312,223.92625427246094,213.0470428466797,215.87661743164062,205.2451934814453,77636
2014-01-07,217.29139709472656,221.48696899414062,215.6326904296875,219.53553771972656,208.7239227294922,125587
2014-01-08,217.14503479003906,222.4138946533203,217.14503479003906,219.53553771972656,208.7239227294922,77496
2014-01-09,219.53553771972656,222.46267700195312,215.92539978027344,217.6816864013672,206.96136474609375,61641
2014-01-10,216.7547607421875,220.51126098632812,214.65696716308594,215.73025512695312,205.1060333251953,94155
2014-01-13,214.65696716308594,219.48675537109375,214.07154846191406,215.6326904296875,205.01329040527344,18140
2014-01-14,215.6326904296875,216.36447143554688,210.75411987304688,211.8761749267578,201.44174194335938,42338
2014-01-15,210.41261291503906,212.21768188476562,202.75326538085938,205.63162231445312,195.50474548339844,69892
2014-01-16,206.8512725830078,208.6075439453125,200.50912475585938,201.6799774169922,191.74769592285156,32151
2014-01-17,200.07005310058594,202.9484100341797,193.2400665283203,194.996337890625,185.39320373535156,45417
2014-01-20,194.996337890625,209.6808319091797,194.996337890625,208.99783325195312,198.70516967773438,63319
2014-01-21,211.38833618164062,212.75433349609375,205.3876953125,206.7049102783203,196.52517700195312,54391
2014-01-22,206.75369262695312,215.5351104736328,206.26583862304688,211.9737548828125,201.53451538085938,56724
2014-01-23,212.41282653808594,215.6326904296875,202.36297607421875,204.265625,194.2060089111328,92720
2014-01-24,204.60711669921875,207.4366912841797,200.9481964111328,203.9241180419922,193.88131713867188,149228
2014-01-27,200.02127075195312,206.6561279296875,197.14291381835938,199.6309814453125,189.79962158203125,37325
2014-01-28,200.50912475585938,202.8020477294922,198.7040557861328,200.89939880371094,191.0055389404297,35300
2014-01-29,199.04556274414062,204.3144073486328,198.80162048339844,199.9724884033203,190.12429809570312,21072
2014-01-30,198.36256408691406,198.6064910888672,190.508056640625,197.09413146972656,187.38768005371094,19206
2014-01-31,198.4601287841797,205.77798461914062,197.87469482421875,204.60711669921875,194.53067016601562,28095
2014-02-03,204.85105895996094,204.85105895996094,200.02127075195312,203.68019104003906,193.6494140625,15923
2014-02-04,200.99697875976562,209.48568725585938,199.53341674804688,208.65634155273438,198.38050842285156,117219
2014-02-05,206.8512725830078,211.72982788085938,204.99740600585938,209.38812255859375,199.0762481689453,42587
2014-02-06,210.26626586914062,212.75433349609375,204.89984130859375,207.09519958496094,196.896240234375,29144
2014-02-07,206.8512725830078,210.16868591308594,202.9484100341797,203.38748168945312,193.37110900878906,16983
2014-02-10,201.0945587158203,206.41220092773438,201.0945587158203,204.2168426513672,194.1596221923828,32709
2014-02-11,207.33912658691406,227.34124755859375,206.509765625,223.19447326660156,212.20265197753906,1344711
2014-02-12,225.5361785888672,231.73196411132812,223.77989196777344,228.26817321777344,217.0264892578125,782851
2014-02-13,227.53639221191406,227.53639221191406,217.09625244140625,219.7794647216797,208.95584106445312,163553
2014-02-14,217.09625244140625,226.26795959472656,216.6083984375,223.4871826171875,212.48094177246094,163262
2014-02-17,223.4384002685547,224.36532592773438,217.19383239746094,222.3163299560547,211.3677520751953,50488
2014-02-18,222.3651123046875,225.3898162841797,217.5841064453125,224.462890625,213.40858459472656,47374
2014-02-19,224.4141082763672,229.78053283691406,224.4141082763672,226.8533935546875,215.68138122558594,108509
2014-02-20,226.26795959472656,228.26817321777344,221.63333129882812,223.04811096191406,212.06349182128906,27131
2014-02-21,222.2675323486328,231.24411010742188,221.73089599609375,222.85296630859375,211.87794494628906,23106
2014-02-24,222.46267700195312,227.14610290527344,222.46267700195312,226.26795959472656,215.1248016357422,60285
2014-02-25,224.99954223632812,244.36744689941406,223.5359649658203,241.73301696777344,229.8282012939453,380337
2014-02-26,244.9040985107422,251.5389404296875,239.0498046875,240.4158172607422,228.57586669921875,299586
2014-02-28,240.90367126464844,245.8798065185547,237.63502502441406,238.95223999023438,227.1844024658203,65333
2014-03-03,241.97694396972656,247.34336853027344,238.56195068359375,241.4890899658203,229.59629821777344,142783
2014-03-04,244.31866455078125,259.4909973144531,242.7575225830078,255.0027313232422,242.44442749023438,668742
2014-03-05,256.51507568359375,261.4912109375,253.929443359375,255.44180297851562,242.8618927001953,201796
2014-03-06,257.3444519042969,263.9305114746094,254.9051513671875,256.0760192871094,243.46487426757812,237956
2014-03-07,257.9786682128906,259.4909973144531,245.9285888671875,247.92881774902344,235.71888732910156,134506
2014-03-10,248.80694580078125,252.51466369628906,246.8555145263672,248.46543884277344,236.22909545898438,96600
2014-03-11,248.80694580078125,253.24644470214844,245.8798065185547,246.904296875,234.7448272705078,84027
2014-03-12,245.58709716796875,251.24623107910156,244.9040985107422,248.70938110351562,236.4610137939453,114575
2014-03-13,245.63587951660156,258.3689270019531,245.48951721191406,256.51507568359375,243.88230895996094,253747
2014-03-14,252.7585906982422,257.7347106933594,249.05087280273438,253.10008239746094,240.63546752929688,87271
2014-03-18,253.68551635742188,257.0517272949219,248.1727294921875,251.00230407714844,238.6409912109375,57868
2014-03-19,251.7340850830078,255.1002960205078,248.07516479492188,253.78309631347656,241.28488159179688,63760
2014-03-20,253.7830810546875,255.63693237304688,251.8804473876953,253.8806610107422,241.37762451171875,55324
2014-03-21,254.80758666992188,263.4426574707031,254.80758666992188,258.8567810058594,246.10867309570312,264753
2014-03-24,269.29693603515625,278.90771484375,263.7353515625,277.2001953125,263.54876708984375,360736
2014-03-25,277.1026306152344,280.4200744628906,269.638427734375,278.5174255371094,264.8011169433594,325754
2014-03-26,279.9322204589844,279.9322204589844,273.4437255859375,276.2732849121094,262.66748046875,149428
2014-03-27,276.4196472167969,277.78564453125,269.97991943359375,273.004638671875,259.55975341796875,78297
2014-03-28,273.1997985839844,283.73748779296875,271.54107666015625,281.0542907714844,267.2130126953125,286703
2014-03-31,278.614990234375,311.740478515625,273.1997985839844,283.5423583984375,269.57855224609375,307325
2014-04-01,281.0054931640625,285.7377014160156,273.5900573730469,275.9805908203125,262.3891906738281,74020
2014-04-02,282.9569091796875,282.9569091796875,274.0291442871094,275.1512145996094,261.60064697265625,38137
2014-04-03,277.0538635253906,278.0783386230469,265.5892028808594,268.2724304199219,255.06063842773438,53359
2014-04-04,272.9558410644531,272.9558410644531,261.8327331542969,264.028076171875,251.02528381347656,37351
2014-04-07,268.02850341796875,269.29693603515625,257.10052490234375,259.1495056152344,246.38699340820312,45523
2014-04-09,259.539794921875,275.54150390625,256.2223815917969,272.37042236328125,258.9568176269531,573779
2014-04-10,273.004638671875,276.4196472167969,266.8088684082031,270.27264404296875,256.96234130859375,115220
2014-04-11,268.80908203125,279.2004089355469,266.7113037109375,270.6629333496094,257.3334045410156,185595
2014-04-15,269.29693603515625,275.73663330078125,268.4675598144531,270.6141662597656,257.2870178222656,149698
2014-04-16,271.9801330566406,272.8582763671875,263.3450622558594,267.68701171875,254.50404357910156,49696
2014-04-17,266.3697814941406,271.24835205078125,264.4183654785156,270.4189758300781,257.1014404296875,38733
2014-04-21,271.24835205078125,271.24835205078125,267.3454895019531,268.02850341796875,254.82870483398438,37156
2014-04-22,268.2724304199219,277.1026306152344,268.2724304199219,272.9558410644531,259.5133972167969,88466
2014-04-23,271.24835205078125,275.6390686035156,268.32122802734375,274.76092529296875,261.2295837402344,52141
2014-04-24,274.76092529296875,274.76092529296875,274.76092529296875,274.76092529296875,261.2295837402344,0
2014-04-25,276.1269226074219,300.7637023925781,276.078125,298.2268371582031,283.53985595703125,717223
2014-04-28,302.47119140625,308.374267578125,293.9336853027344,295.9826965332031,281.40625,231693
2014-04-29,299.5440368652344,304.422607421875,289.8844909667969,292.12860107421875,277.7419128417969,101198
2014-04-30,292.71405029296875,295.446044921875,278.0783386230469,286.8110046386719,272.68621826171875,108227
2014-05-02,290.46990966796875,290.46990966796875,279.0540771484375,280.7615661621094,266.9346923828125,34437
2014-05-05,281.0054931640625,297.5926208496094,281.0054931640625,287.4451904296875,273.2891540527344,137403
2014-05-06,285.3962097167969,307.252197265625,284.17657470703125,298.9586181640625,284.235595703125,299333
2014-05-07,299.6416320800781,309.7402648925781,297.153564453125,306.8131103515625,291.7032470703125,459878
2014-05-08,310.2768859863281,321.88787841796875,306.666748046875,315.9848327636719,300.42327880859375,320690
2014-05-09,316.9117431640625,320.0340270996094,314.7651672363281,317.887451171875,302.23223876953125,230583
2014-05-12,319.93646240234375,321.4000244140625,313.20404052734375,314.521240234375,299.03179931640625,307407
2014-05-13,315.15545654296875,319.0583190917969,305.3983154296875,311.3501892089844,296.0168762207031,99502
2014-05-14,312.0331726074219,318.5704650878906,309.3011779785156,315.74090576171875,300.19140625,41805
2014-05-15,316.13116455078125,318.1313781738281,308.8133239746094,310.81353759765625,295.5066833496094,72356
2014-05-16,313.2528381347656,315.15545654296875,292.71405029296875,303.4468994140625,288.5028076171875,135015
2014-05-19,305.3983154296875,319.2046813964844,300.71490478515625,317.7898864746094,302.1394958496094,295669
2014-05-20,318.0826110839844,318.96075439453125,310.95989990234375,315.8384704589844,300.28411865234375,54191
2014-05-21,314.2773132324219,324.9613952636719,314.2773132324219,322.32696533203125,306.453125,54067
2014-05-22,326.52252197265625,365.892578125,322.961181640625,358.9649963378906,341.2868347167969,390284
2014-05-23,359.8431396484375,360.81884765625,341.8900146484375,356.67205810546875,339.1068115234375,205647
2014-05-26,357.1599426269531,370.86871337890625,357.11114501953125,367.9903564453125,349.8676452636719,130061
2014-05-27,368.9172668457031,371.2590026855469,361.0140075683594,365.9901428222656,347.9659423828125,79939
2014-05-28,365.892578125,373.5519104003906,356.13543701171875,360.81884765625,343.04931640625,153521
2014-05-29,360.81884765625,366.52679443359375,294.2264099121094,311.8380432128906,296.4807434082031,1328004
2014-05-30,314.17974853515625,316.13116455078125,290.76263427734375,293.6409912109375,279.1798400878906,512268
2014-06-02,295.2021179199219,305.3983154296875,291.73834228515625,303.885986328125,288.9202575683594,214390
2014-06-03,306.8619079589844,306.8619079589844,292.7628479003906,293.49462890625,279.0406799316406,164649
2014-06-04,296.51934814453125,305.3983154296875,294.66546630859375,301.4466857910156,286.6011657714844,230604
2014-06-05,306.32525634765625,316.42388916015625,305.49591064453125,312.277099609375,296.898193359375,380396
2014-06-06,315.643310546875,320.0340270996094,308.6669616699219,312.5210266113281,297.13006591796875,879128
2014-06-09,318.0826110839844,321.35125732421875,316.13116455078125,319.009521484375,303.2990417480469,738402
2014-06-10,324.7662353515625,324.7662353515625,308.374267578125,315.00909423828125,299.4956359863281,479706
2014-06-11,315.00909423828125,370.6735534667969,315.00909423828125,336.3284606933594,319.7650451660156,1018916
2014-06-12,334.5721740722656,346.86614990234375,326.03466796875,333.4501037597656,317.0284423828125,464767
2014-06-13,335.5966491699219,339.5483093261719,312.7161865234375,324.6686706542969,308.6794738769531,150056
2014-06-16,320.0340270996094,338.5726013183594,317.9362487792969,328.0348815917969,311.8798828125,398979
2014-06-17,329.7911682128906,338.7677307128906,323.30267333984375,331.7913818359375,315.4513854980469,412855
2014-06-18,332.2304382324219,338.670166015625,329.3033142089844,335.1575927734375,318.6518249511719,149451
2014-06-19,331.98651123046875,336.76751708984375,324.91259765625,329.74237060546875,313.5032958984375,156665
2014-06-20,326.4737548828125,330.7181091308594,325.9858703613281,328.571533203125,312.3901062011719,43689
2014-06-23,327.0591735839844,333.69403076171875,318.18017578125,322.6196594238281,306.7313537597656,272051
2014-06-24,321.9854736328125,331.2547302246094,321.9854736328125,325.4492492675781,309.4216003417969,76558
2014-06-25,326.4249572753906,330.2790222167969,323.9368896484375,328.8642272949219,312.66839599609375,197125
2014-06-26,329.7911682128906,341.4997253417969,329.1569519042969,334.2794494628906,317.8169250488281,223758
2014-06-27,333.7427978515625,339.49951171875,326.864013671875,328.3276062011719,312.1582336425781,119973
2014-06-30,331.4010925292969,336.62115478515625,318.4241027832031,332.57196044921875,316.19354248046875,146131
2014-07-01,330.7668762207031,346.18316650390625,330.7668762207031,336.0357360839844,319.48675537109375,145606
2014-07-02,334.66973876953125,347.15887451171875,334.66973876953125,342.1339416503906,325.2846374511719,128977
2014-07-03,344.91473388671875,367.843994140625,341.5972900390625,363.355712890625,345.4612731933594,292552
2014-07-04,366.8682861328125,367.35614013671875,353.257080078125,359.8919372558594,342.1680908203125,144897
2014-07-07,357.11114501953125,361.0140075683594,343.451171875,347.4515686035156,330.3403625488281,82297
2014-07-08,350.5738525390625,350.5738525390625,332.3280334472656,336.5235900878906,319.95062255859375,112002
2014-07-09,331.7425842285156,335.49908447265625,322.2781677246094,331.64501953125,315.312255859375,101701
2014-07-10,335.64544677734375,346.3782958984375,297.20233154296875,333.7427978515625,317.30670166015625,248421
2014-07-11,336.62115478515625,336.7187194824219,308.5205993652344,310.32568359375,295.0428466796875,153234
2014-07-14,316.13116455078125,320.717041015625,308.42303466796875,313.7894592285156,298.3360290527344,58126
2014-07-15,314.17974853515625,323.8880920410156,312.56982421875,317.7411193847656,302.0931091308594,130885
2014-07-16,319.594970703125,326.81524658203125,318.2777404785156,322.5220947265625,306.6385803222656,37695
2014-07-17,319.3998107910156,336.62115478515625,319.3998107910156,329.7911682128906,313.54974365234375,99375
2014-07-18,332.71832275390625,334.0843200683594,324.91259765625,326.327392578125,310.2565002441406,68669
2014-07-21,329.7911682128906,334.66973876953125,323.0587463378906,324.8638000488281,308.864990234375,61537
2014-07-22,323.1075439453125,339.9385986328125,323.1075439453125,332.2304382324219,315.86883544921875,804347
2014-07-23,334.66973876953125,336.426025390625,325.5956115722656,328.08367919921875,313.3065185546875,280399
2014-07-24,328.8154602050781,330.2790222167969,320.61944580078125,322.9123840332031,308.3681335449219,142932
2014-07-25,323.00994873046875,326.327392578125,312.22833251953125,315.106689453125,300.9140319824219,49652
2014-07-28,315.30181884765625,337.59686279296875,315.30181884765625,327.93731689453125,313.166748046875,153958
2014-07-30,331.1083679199219,337.4505310058594,324.1808166503906,325.8883056640625,311.2099914550781,53675
2014-07-31,329.3033142089844,334.66973876953125,277.1026306152344,279.7858581542969,267.1840515136719,1752527
2014-08-01,279.54193115234375,287.7867126464844,265.9794921875,268.0773010253906,256.0028991699219,913455
2014-08-04,272.22406005859375,273.1997985839844,264.36956787109375,267.58941650390625,255.53697204589844,178746
2014-08-05,267.3454895019531,271.24835205078125,263.83294677734375,265.78436279296875,253.81321716308594,255489
2014-08-06,266.8088684082031,275.1512145996094,265.6867980957031,268.80908203125,256.7016906738281,431702
2014-08-07,268.32122802734375,273.1997985839844,264.4183654785156,265.8331604003906,253.85977172851562,124711
2014-08-08,263.1499328613281,266.3697814941406,255.9784393310547,263.39385986328125,251.5303497314453,167104
2014-08-11,263.8817138671875,268.32122802734375,262.4669494628906,265.44287109375,253.4871063232422,134448
2014-08-12,265.78436279296875,267.9309387207031,264.6134948730469,265.8331604003906,253.85977172851562,58595
2014-08-13,265.44287109375,267.73577880859375,262.56451416015625,265.78436279296875,253.81321716308594,110784
2014-08-14,265.0037841796875,267.1503601074219,263.54022216796875,265.49163818359375,253.53367614746094,49248
2014-08-18,268.1260681152344,273.1997985839844,265.78436279296875,270.2238464355469,258.0527038574219,197920
2014-08-19,269.29693603515625,272.9070739746094,268.32122802734375,270.8580627441406,258.6583557128906,85680
2014-08-20,271.3459167480469,279.8346252441406,269.44329833984375,277.492919921875,264.994384765625,403561
2014-08-21,279.2004089355469,287.7379150390625,279.2004089355469,284.71319580078125,271.88946533203125,395090
2014-08-22,285.3962097167969,293.9336853027344,285.3962097167969,286.76220703125,273.84619140625,426000
2014-08-25,288.22576904296875,291.4944152832031,283.9326171875,284.2741394042969,271.4701843261719,105620
2014-08-26,282.9569091796875,286.27435302734375,274.2730712890625,276.9075012207031,264.43536376953125,134457
2014-08-27,276.3220520019531,281.0054931640625,274.1755065917969,275.73663330078125,263.31719970703125,79174
2014-08-28,277.83441162109375,282.9569091796875,275.6878662109375,277.2489929199219,264.76141357421875,154151
2014-09-01,290.76263427734375,295.0557556152344,281.981201171875,284.0789794921875,271.2838439941406,402438
2014-09-02,286.5670471191406,291.29925537109375,283.103271484375,286.2255554199219,273.3337097167969,458947
2014-09-03,287.2988586425781,289.49420166015625,280.37127685546875,282.76177978515625,270.02593994140625,705543
2014-09-04,281.981201171875,286.6158447265625,277.492919921875,283.6886901855469,270.9111328125,114395
2014-09-05,283.9814147949219,286.5670471191406,278.27349853515625,281.1030578613281,268.44195556640625,99885
2014-09-08,282.8593444824219,289.5917663574219,277.1026306152344,279.4443359375,266.8579406738281,426334
2014-09-09,280.9566955566406,280.9566955566406,274.1755065917969,274.90728759765625,262.5252380371094,135661
2014-09-10,275.4439392089844,277.5904846191406,271.4922790527344,272.5655822753906,260.2890319824219,155759
2014-09-11,273.1997985839844,278.6637878417969,271.9313659667969,272.6143493652344,260.3355407714844,229017
2014-09-12,272.7607116699219,276.1269226074219,270.27264404296875,270.8092956542969,258.6117858886719,190547
2014-09-15,281.0054931640625,288.8111877441406,273.1997985839844,274.8097229003906,262.43206787109375,1214086
2014-09-16,277.1026306152344,281.981201171875,267.3454895019531,268.85784912109375,256.7482604980469,454967
2014-09-17,268.9066467285156,273.1510009765625,261.7351379394531,265.3940734863281,253.44052124023438,252880
2014-09-18,264.1256408691406,271.24835205078125,264.1256408691406,269.3945007324219,257.2607421875,177717
2014-09-19,270.27264404296875,279.9322204589844,269.7847900390625,277.4441223144531,264.94781494140625,402434
2014-09-22,279.0540771484375,282.1763610839844,275.9317932128906,278.95648193359375,266.3919982910156,793087
2014-09-23,281.0054931640625,281.5909118652344,269.29693603515625,270.6629333496094,258.4720764160156,208430
2014-09-24,277.98077392578125,280.02978515625,268.71148681640625,271.1507873535156,258.93792724609375,447586
2014-09-25,271.7850036621094,275.54150390625,264.1744384765625,266.5161437988281,254.5120391845703,192381
2014-09-26,264.1744384765625,266.8576354980469,256.2711486816406,265.3940734863281,253.44052124023438,181401
2014-09-29,264.6134948730469,268.32122802734375,262.5157165527344,265.49163818359375,253.53367614746094,148467
2014-09-30,263.0035705566406,268.32122802734375,259.539794921875,261.00335693359375,249.24755859375,154355
2014-10-01,260.0764465332031,270.0287170410156,260.0764465332031,266.7113037109375,254.6984100341797,154059
2014-10-07,264.9062194824219,271.882568359375,264.4671630859375,265.3940734863281,253.44052124023438,176937
2014-10-08,263.0523681640625,268.1260681152344,261.4912109375,263.2962951660156,251.43719482421875,406497
2014-10-09,263.6377868652344,271.1995849609375,262.6620788574219,270.56536865234375,258.37890625,166760
2014-10-10,267.8333740234375,276.4684143066406,265.6867980957031,271.0044250488281,258.79815673828125,261018
2014-10-13,268.3699951171875,280.4200744628906,268.32122802734375,278.12713623046875,265.6000671386719,355315
2014-10-14,277.6880798339844,285.3962097167969,275.88299560546875,277.492919921875,264.994384765625,237439
2014-10-15,277.492919921875,277.492919921875,277.492919921875,277.492919921875,264.994384765625,0
2014-10-16,275.88299560546875,277.1026306152344,258.5640869140625,260.32037353515625,248.59535217285156,178984
2014-10-17,262.2229919433594,273.1997985839844,257.58837890625,270.9068603515625,258.7049865722656,254327
2014-10-20,273.6876525878906,277.2489929199219,270.8092956542969,272.7607116699219,260.4753723144531,95145
2014-10-21,275.1512145996094,276.02935791015625,268.80908203125,271.39471435546875,259.1708679199219,62649
2014-10-22,273.7364196777344,275.88299560546875,270.8580627441406,271.9801330566406,259.72991943359375,61426
2014-10-27,276.1269226074219,278.0783386230469,270.27264404296875,277.5904846191406,265.0875549316406,151331
2014-10-28,275.4927062988281,279.8346252441406,274.41943359375,277.5904846191406,265.0875549316406,77580
2014-10-29,278.0295715332031,280.4200744628906,273.1997985839844,274.3706359863281,262.01275634765625,59217
2014-10-30,274.2730712890625,277.0538635253906,272.3216552734375,275.54150390625,263.13092041015625,36532
2014-10-31,275.7854309082031,280.51763916015625,273.49249267578125,276.85870361328125,264.3887634277344,145824
2014-11-03,276.370849609375,279.737060546875,274.46820068359375,276.5660095214844,264.1092224121094,45956
2014-11-05,277.0538635253906,281.0054931640625,277.0538635253906,279.2004089355469,266.6249694824219,78929
2014-11-07,279.9809875488281,288.66485595703125,278.4686279296875,286.81097412109375,273.89276123046875,527723
2014-11-10,289.49420166015625,289.49420166015625,278.6637878417969,279.8834228515625,267.2771911621094,164325
2014-11-11,281.93243408203125,281.93243408203125,267.7845764160156,269.5408630371094,257.4005126953125,202006
2014-11-12,272.22406005859375,275.3951416015625,267.8333740234375,270.0287170410156,257.8663635253906,219364
2014-11-13,272.22406005859375,282.810546875,226.95095825195312,237.7325897216797,227.02490234375,4288128
2014-11-14,241.97694396972656,242.95266723632812,226.36553955078125,227.6339569091797,217.38113403320312,1059499
2014-11-17,228.31695556640625,232.1222381591797,224.4141082763672,226.07281494140625,215.89028930664062,398896
2014-11-18,227.34124755859375,232.3173828125,225.6337432861328,230.1708221435547,219.80372619628906,1195611
2014-11-19,232.1222381591797,235.00059509277344,229.39024353027344,230.31716918945312,219.9434814453125,516714
2014-11-20,228.36575317382812,231.2928924560547,222.46267700195312,223.2920379638672,213.23477172851562,321404
2014-11-21,224.12139892578125,224.12139892578125,208.8026885986328,210.70533752441406,201.21498107910156,1415195
2014-11-24,212.21768188476562,217.09625244140625,210.26626586914062,212.60797119140625,203.0319366455078,690432
2014-11-25,213.68125915527344,216.02296447753906,196.11842346191406,198.16741943359375,189.24179077148438,683181
2014-11-26,198.94798278808594,205.77798461914062,198.94798278808594,203.24111938476562,194.08697509765625,395727
2014-11-27,204.1192626953125,206.7049102783203,198.80162048339844,199.09434509277344,190.12698364257812,351414
2014-11-28,199.04556274414062,203.82655334472656,195.1914825439453,198.21620178222656,189.2883758544922,350100
2014-12-01,198.06983947753906,201.8751220703125,196.50869750976562,196.94776916503906,188.0770721435547,236957
2014-12-02,195.63055419921875,206.60733032226562,194.1669921875,204.4607696533203,195.25169372558594,576340
2014-12-03,209.29054260253906,225.14588928222656,209.29054260253906,214.99847412109375,205.3147430419922,2296103
2014-12-04,216.7059783935547,220.51126098632812,211.72982788085938,212.4616241455078,202.89215087890625,651948
2014-12-05,213.68125915527344,216.4132537841797,210.26626586914062,211.0468292236328,201.54110717773438,237134
2014-12-08,210.0223388671875,215.5351104736328,208.31483459472656,208.75390625,199.3514404296875,230414
2014-12-09,207.38790893554688,208.7051239013672,202.9971923828125,203.9241180419922,194.73919677734375,193050
2014-12-10,203.38748168945312,214.46182250976562,203.2899169921875,212.51040649414062,202.93875122070312,329082
2014-12-11,212.70555114746094,218.36468505859375,209.0954132080078,215.2911834716797,205.5942840576172,350953
2014-12-12,216.51083374023438,222.3651123046875,212.9006805419922,214.65696716308594,204.98861694335938,504075
2014-12-15,212.51040649414062,220.51126098632812,209.29054260253906,216.99868774414062,207.22488403320312,304406
2014-12-16,216.31568908691406,217.6816864013672,206.3634033203125,207.6318359375,198.2799072265625,218577
2014-12-17,206.8512725830078,209.48568725585938,199.6309814453125,201.8263397216797,192.73590087890625,168262
2014-12-18,204.85105895996094,212.0713348388672,204.85105895996094,210.75411987304688,201.26158142089844,207407
2014-12-19,212.70555114746094,227.73153686523438,208.9490509033203,223.4384002685547,213.37452697753906,723224
2014-12-22,227.34124755859375,230.2683868408203,220.80397033691406,222.85296630859375,212.81546020507812,378135
2014-12-23,224.31654357910156,224.31654357910156,215.2911834716797,216.8035430908203,207.03851318359375,133684
2014-12-24,217.5353240966797,217.5353240966797,212.21768188476562,212.94947814941406,203.35806274414062,70598
2014-12-26,211.72982788085938,218.36468505859375,211.72982788085938,214.46182250976562,204.8022918701172,77675
2014-12-29,214.80332946777344,218.31590270996094,212.70555114746094,213.77882385253906,204.15003967285156,101788
2014-12-30,212.70555114746094,218.0719757080078,212.70555114746094,214.46182250976562,204.8022918701172,121817
2014-12-31,213.87640380859375,217.5841064453125,213.87640380859375,214.99847412109375,205.3147430419922,129994
2015-01-01,214.65696716308594,229.2926788330078,214.5106201171875,227.14610290527344,216.9152374267578,535875
2015-01-02,228.121826171875,235.00059509277344,224.6092529296875,232.6588897705078,222.1797332763672,654529
2015-01-05,230.365966796875,243.44052124023438,228.65846252441406,239.5376739501953,228.74867248535156,1123421
2015-01-06,236.12266540527344,237.927734375,224.2677459716797,226.02403259277344,215.84368896484375,398303
2015-01-07,225.3898162841797,229.0487518310547,221.97482299804688,224.462890625,214.35287475585938,144955
2015-01-08,226.07281494140625,233.00038146972656,226.07281494140625,230.80503845214844,220.4093780517578,259245
2015-01-09,233.09796142578125,233.19552612304688,225.24346923828125,231.1465301513672,220.73550415039062,171244
2015-01-12,228.85360717773438,235.976318359375,228.85360717773438,233.82974243164062,223.29783630371094,158440
2015-01-13,233.19552612304688,234.6591033935547,228.51210021972656,231.3416748046875,220.92184448242188,113443
2015-01-14,230.31716918945312,233.19552612304688,225.48739624023438,228.26817321777344,217.98678588867188,156160
2015-01-15,228.51210021972656,236.6105194091797,228.51210021972656,231.2928924560547,220.87525939941406,218549
2015-01-16,230.365966796875,237.78138732910156,224.6580352783203,226.31674194335938,216.1232452392578,414153
2015-01-19,226.36553955078125,246.51402282714844,226.36553955078125,240.02552795410156,229.21458435058594,1371513
2015-01-20,240.80609130859375,243.34295654296875,234.17124938964844,235.39088439941406,224.78866577148438,300689
2015-01-21,236.51295471191406,237.43988037109375,230.46353149414062,235.00059509277344,224.41595458984375,163367
2015-01-22,233.7809600830078,237.97653198242188,231.24411010742188,232.85403442382812,222.3660888671875,130526
2015-01-23,234.17124938964844,236.56173706054688,228.60968017578125,229.92689514160156,219.57080078125,96869
2015-01-27,230.365966796875,238.0740966796875,227.8291015625,233.14674377441406,222.64561462402344,146922
2015-01-28,233.14674377441406,236.51295471191406,227.73153686523438,228.951171875,218.63902282714844,104459
2015-01-29,229.78053283691406,231.92710876464844,226.6582489013672,229.0487518310547,218.73219299316406,98541
2015-01-30,230.51231384277344,232.90281677246094,225.877685546875,227.58517456054688,217.33453369140625,107382
2015-02-02,227.6339569091797,228.9999542236328,221.97482299804688,222.46267700195312,212.44276428222656,130117
2015-02-03,224.2677459716797,226.8533935546875,219.63311767578125,220.99911499023438,211.0451202392578,98929
2015-02-04,221.48696899414062,223.92625427246094,219.53553771972656,220.1209716796875,210.20654296875,105097
2015-02-05,219.9258270263672,223.4384002685547,216.85232543945312,218.31590270996094,208.48275756835938,116667
2015-02-06,216.8035430908203,220.9015350341797,213.63247680664062,214.7057647705078,205.03521728515625,70643
2015-02-09,214.5594024658203,214.5594024658203,207.38790893554688,209.14419555664062,199.72415161132812,97014
2015-02-10,207.8269805908203,215.6326904296875,207.8269805908203,209.77841186523438,200.32981872558594,87733
2015-02-11,212.1688995361328,216.51083374023438,209.43690490722656,215.19361877441406,205.50112915039062,85207
2015-02-12,216.31568908691406,220.3161163330078,196.2647705078125,216.85232543945312,207.08509826660156,1370635
2015-02-13,213.82762145996094,228.0242462158203,209.77841186523438,217.14503479003906,207.3646240234375,1008136
2015-02-16,217.5841064453125,220.46246337890625,213.2909698486328,219.0476837158203,209.1815643310547,389550
2015-02-18,220.51126098632812,226.31674194335938,219.53553771972656,220.70639038085938,210.7655792236328,207952
2015-02-19,222.3651123046875,223.2920379638672,216.7059783935547,219.58432006835938,209.6940460205078,108916
2015-02-20,221.97482299804688,222.90174865722656,213.68125915527344,214.85211181640625,205.1749725341797,295984
2015-02-23,216.99868774414062,218.46224975585938,211.72982788085938,212.21768188476562,202.6592254638672,129566
2015-02-24,212.65675354003906,213.68125915527344,208.50997924804688,210.31504821777344,200.84225463867188,128666
2015-02-25,211.53468322753906,212.02255249023438,205.48526000976562,206.80247497558594,197.48788452148438,379281
2015-02-26,208.8026885986328,214.07154846191406,207.8269805908203,210.16868591308594,200.7025146484375,199957
2015-02-27,210.9492645263672,216.6083984375,210.9492645263672,213.97396850585938,204.3363800048828,280008
2015-03-02,210.75411987304688,220.51126098632812,208.8026885986328,217.6816864013672,207.8771209716797,326099
2015-03-03,219.34039306640625,220.60882568359375,214.02276611328125,215.5839080810547,205.8738250732422,177347
2015-03-04,217.5841064453125,219.0476837158203,210.9492645263672,212.3152618408203,202.7523956298828,133883
2015-03-05,213.5836944580078,214.80332946777344,207.8269805908203,212.99826049804688,203.40464782714844,203535
2015-03-09,212.1688995361328,214.60818481445312,208.9002685546875,209.9247589111328,200.4695587158203,258847
2015-03-10,210.75411987304688,212.1201171875,208.31483459472656,209.63204956054688,200.19004821777344,146423
2015-03-11,211.53468322753906,212.02255249023438,208.16847229003906,209.29054260253906,199.86392211914062,77252
2015-03-12,210.41261291503906,211.72982788085938,208.36361694335938,209.0954132080078,199.67758178710938,171984
2015-03-13,211.1444091796875,216.4620361328125,208.11968994140625,212.21768188476562,202.6592254638672,231032
2015-03-16,212.2664794921875,213.68125915527344,208.31483459472656,209.33934020996094,199.91050720214844,95502
2015-03-17,210.75411987304688,213.0958251953125,209.04661560058594,211.1444091796875,201.63429260253906,98928
2015-03-18,210.26626586914062,211.53468322753906,209.04661560058594,209.8759765625,200.4229736328125,136877
2015-03-19,213.68125915527344,215.4375457763672,206.94883728027344,208.21726989746094,198.83897399902344,394132
2015-03-20,207.8269805908203,208.8026885986328,204.1680450439453,205.1925506591797,195.95050048828125,120028
2015-03-23,205.87554931640625,208.65634155273438,203.1435546875,204.02169799804688,194.83238220214844,63093
2015-03-24,203.87533569335938,208.8026885986328,203.24111938476562,208.16847229003906,198.7924041748047,244872
2015-03-25,212.65675354003906,212.70555114746094,206.94883728027344,207.87576293945312,198.5128631591797,468382
2015-03-26,206.26583862304688,210.55897521972656,206.26583862304688,208.65634155273438,199.25827026367188,98854
2015-03-27,210.75411987304688,215.6326904296875,208.85147094726562,214.46182250976562,204.8022918701172,179062
2015-03-30,216.90110778808594,229.2926788330078,214.65696716308594,223.5359649658203,213.4677276611328,471530
2015-03-31,224.6580352783203,228.80482482910156,224.6580352783203,225.5361785888672,215.37783813476562,301977
2015-04-01,224.4141082763672,229.0975341796875,223.4384002685547,226.7558135986328,216.54254150390625,97807
2015-04-06,226.17039489746094,230.75624084472656,223.5359649658203,228.26817321777344,217.98678588867188,182556
2015-04-07,226.9021759033203,237.48866271972656,226.9021759033203,235.53724670410156,224.92845153808594,236992
2015-04-08,236.7568817138672,241.34274291992188,235.14695739746094,236.1714630126953,225.53408813476562,128392
2015-04-09,236.6105194091797,246.41644287109375,236.6105194091797,240.2694549560547,229.447509765625,318371
2015-04-10,241.87937927246094,241.87937927246094,235.14695739746094,236.7568817138672,226.09315490722656,83399
2015-04-13,237.24473571777344,245.39195251464844,229.58538818359375,232.70767211914062,222.226318359375,169446
2015-04-15,235.14695739746094,243.6844482421875,232.70767211914062,237.1471710205078,226.4658660888672,269102
2015-04-16,238.95223999023438,239.0498046875,231.78074645996094,232.85403442382812,222.3660888671875,126127
2015-04-17,233.19552612304688,236.8056640625,226.70703125,230.1220245361328,219.7571258544922,68658
2015-04-20,230.2683868408203,231.97589111328125,221.2918243408203,224.07260131835938,213.9801788330078,83020
2015-04-21,224.99954223632812,231.04896545410156,218.6573944091797,228.1706085205078,217.89361572265625,77185
2015-04-22,229.2926788330078,239.83038330078125,226.26795959472656,235.14695739746094,224.5557098388672,223778
2015-04-23,237.58624267578125,237.58624267578125,226.6582489013672,233.48825073242188,222.9717254638672,77868
2015-04-24,233.09796142578125,234.12245178222656,227.9266815185547,229.68296813964844,219.3378448486328,66916
2015-04-27,228.31695556640625,229.0975341796875,220.60882568359375,224.5604705810547,214.44607543945312,83184
2015-04-28,224.02381896972656,225.19467163085938,219.53553771972656,222.60903930664062,212.5825653076172,58928
2015-04-29,222.80418395996094,228.21939086914062,222.65782165527344,223.77989196777344,213.7006378173828,38888
2015-04-30,224.36532592773438,232.90281677246094,221.58453369140625,229.8780975341797,219.52420043945312,102373
2015-05-04,231.24411010742188,232.5125274658203,228.80482482910156,229.68296813964844,219.3378448486328,46422
2015-05-05,228.36575317382812,233.19552612304688,226.8533935546875,228.9023895263672,218.59243774414062,62952
2015-05-06,229.92689514160156,231.1465301513672,223.4871826171875,224.755615234375,214.63243103027344,78047
2015-05-07,224.4141082763672,230.85382080078125,222.1699676513672,226.17039489746094,215.9834747314453,116840
2015-05-08,227.39002990722656,234.46395874023438,226.9021759033203,230.0244598388672,219.66395568847656,106908
2015-05-11,228.80482482910156,233.00038146972656,228.31695556640625,231.488037109375,221.06161499023438,77118
2015-05-12,232.75645446777344,232.75645446777344,224.95074462890625,228.121826171875,217.84701538085938,61143
2015-05-13,228.80482482910156,238.0740966796875,227.0485382080078,232.1222381591797,221.66726684570312,88786
2015-05-14,230.46353149414062,234.95181274414062,229.34146118164062,232.610107421875,222.13314819335938,61972
2015-05-15,233.19552612304688,236.07388305664062,231.24411010742188,234.22003173828125,223.67054748535156,66500
2015-05-18,234.12245178222656,238.0740966796875,232.4149627685547,235.7811737060547,225.16139221191406,50552
2015-05-19,236.6105194091797,245.8798065185547,236.36659240722656,240.80609130859375,229.95997619628906,226862
2015-05-20,243.24537658691406,248.56301879882812,241.00123596191406,244.41622924804688,233.4075164794922,154050
2015-05-21,244.0259552001953,253.929443359375,243.14781188964844,251.3437957763672,240.02304077148438,267850
2015-05-22,252.9537353515625,263.2962951660156,252.7097930908203,257.4420166015625,245.84661865234375,526242
2015-05-25,254.17337036132812,258.417724609375,246.2700958251953,247.1482391357422,236.0164794921875,131946
2015-05-26,246.8555145263672,250.4656524658203,243.05023193359375,244.7577362060547,233.73362731933594,87174
2015-05-27,243.92837524414062,258.9543762207031,242.12330627441406,257.10052490234375,245.52047729492188,283517
2015-05-28,259.34466552734375,278.8589172363281,248.90451049804688,262.9548034667969,251.11109924316406,2358587
2015-05-29,264.22320556640625,273.1997985839844,263.68658447265625,269.638427734375,257.49371337890625,544936
2015-06-01,269.29693603515625,284.8107604980469,268.32122802734375,280.7615661621094,268.1158142089844,752355
2015-06-02,280.02978515625,287.591552734375,278.12713623046875,282.3714904785156,269.6532287597656,558302
2015-06-03,282.6642150878906,282.6642150878906,258.61285400390625,265.150146484375,253.2075653076172,224864
2015-06-04,267.9309387207031,270.5165710449219,258.5640869140625,265.150146484375,253.2075653076172,124626
2015-06-05,265.150146484375,272.22406005859375,263.9305114746094,266.1746520996094,254.1859130859375,147882
2015-06-08,267.2479248046875,267.2479248046875,255.88087463378906,258.3201599121094,246.68516540527344,80443
2015-06-09,257.58837890625,265.0037841796875,253.68551635742188,262.2229919433594,250.41224670410156,95838
2015-06-10,262.2229919433594,277.492919921875,262.2229919433594,273.0534362792969,260.7548828125,433616
2015-06-11,278.0783386230469,284.4205017089844,271.3459167480469,274.46820068359375,262.10589599609375,497671
2015-06-12,273.1997985839844,289.5917663574219,272.22406005859375,286.9085693359375,273.9859619140625,479425
2015-06-15,288.22576904296875,296.51934814453125,286.0791931152344,287.3476257324219,274.4052429199219,497676
2015-06-16,288.6160583496094,291.6895446777344,281.8836364746094,288.51849365234375,275.5234069824219,220523
2015-06-17,290.76263427734375,298.5683288574219,289.78692626953125,292.2749938964844,279.1106872558594,321784
2015-06-18,293.787353515625,300.519775390625,292.4701232910156,293.54339599609375,280.3219299316406,156689
2015-06-19,298.4219665527344,300.22705078125,284.03021240234375,286.76220703125,273.84619140625,392448
2015-06-22,285.8840637207031,292.5189208984375,284.9083557128906,287.8354797363281,274.8711242675781,215227
2015-06-23,289.5917663574219,291.9334716796875,282.0299987792969,283.73748779296875,270.9577331542969,221882
2015-06-24,283.9326171875,286.3719177246094,274.3706359863281,277.4441223144531,264.94781494140625,187922
2015-06-25,279.737060546875,279.737060546875,267.3454895019531,268.3699951171875,256.28240966796875,146279
2015-06-26,270.12628173828125,274.1755065917969,264.1744384765625,265.9794921875,253.9995574951172,230655
2015-06-29,260.6130676269531,262.8572082519531,255.63693237304688,258.417724609375,246.77835083007812,148224
2015-06-30,258.5640869140625,268.2236328125,258.5640869140625,266.3210144042969,254.32569885253906,160111
2015-07-01,268.2236328125,276.9562683105469,266.0282897949219,273.93157958984375,261.59344482421875,248738
2015-07-02,275.1024169921875,276.9075012207031,268.32122802734375,268.7602844238281,256.6550598144531,220372
2015-07-03,269.29693603515625,276.6147766113281,269.29693603515625,269.6872253417969,257.540283203125,249880
2015-07-06,263.4426574707031,273.1997985839844,263.4426574707031,270.41900634765625,258.23907470703125,324052
2015-07-07,271.24835205078125,274.1755065917969,264.6134948730469,265.7355651855469,253.76658630371094,228980
2015-07-08,263.4426574707031,276.6147766113281,261.8815002441406,275.2975769042969,262.8979187011719,407756
2015-07-09,277.8832092285156,286.8597717285156,274.5169982910156,284.9571228027344,272.1224060058594,445286
2015-07-10,287.54278564453125,287.7379150390625,280.07855224609375,282.2251281738281,269.5134582519531,152866
2015-07-13,281.0054931640625,291.6895446777344,279.8834228515625,288.713623046875,275.709716796875,208412
2015-07-14,291.0065612792969,291.25048828125,281.0054931640625,282.6642150878906,269.9327697753906,264693
2015-07-15,284.17657470703125,286.5182800292969,270.4677734375,271.58984375,259.357177734375,255179
2015-07-16,273.78521728515625,277.8832092285156,272.07769775390625,275.3463439941406,262.94451904296875,131193
2015-07-17,277.29779052734375,281.8836364746094,271.7362060546875,272.9558410644531,260.66168212890625,318561
2015-07-20,274.5657958984375,275.05364990234375,269.29693603515625,270.3702087402344,258.1925048828125,108890
2015-07-21,269.29693603515625,275.4439392089844,264.51593017578125,265.49163818359375,253.53367614746094,125098
2015-07-22,266.76007080078125,269.1017761230469,264.4183654785156,265.78436279296875,253.81321716308594,121551
2015-07-23,267.19915771484375,279.4443359375,265.5404357910156,273.5900573730469,261.267333984375,541409
2015-07-24,274.41943359375,279.737060546875,268.3699951171875,269.83355712890625,257.6800231933594,237234
2015-07-27,271.24835205078125,272.6143493652344,263.4426574707031,264.51593017578125,252.60189819335938,141950
2015-07-28,266.76007080078125,269.1993713378906,258.5640869140625,259.0031433105469,247.33741760253906,240050
2015-07-29,260.4179382324219,263.24749755859375,249.78265380859375,250.80715942382812,240.87168884277344,278851
2015-07-30,251.92922973632812,254.46607971191406,246.80673217773438,250.12416076660156,240.2157440185547,158488
2015-07-31,252.02679443359375,257.3932189941406,249.3923797607422,252.17315673828125,242.18357849121094,242704
2015-08-03,253.68551635742188,257.58837890625,251.7340850830078,255.78329467773438,245.65069580078125,179951
2015-08-04,256.46630859375,257.49078369140625,250.02658081054688,253.39279174804688,243.35488891601562,244321
2015-08-05,255.1978759765625,258.5640869140625,253.8806610107422,254.80758666992188,244.71363830566406,267264
2015-08-06,258.5640869140625,273.004638671875,258.5640869140625,267.05279541015625,256.4737548828125,2638738
2015-08-07,269.7847900390625,276.1269226074219,269.1993713378906,272.7119140625,261.90875244140625,742369
2015-08-10,274.5657958984375,274.5657958984375,268.5651550292969,269.97991943359375,259.28497314453125,254424
2015-08-11,272.22406005859375,272.66314697265625,263.4426574707031,265.8331604003906,255.30247497558594,238409
2015-08-12,265.8331604003906,269.29693603515625,258.5640869140625,259.7837219238281,249.49267578125,188990
2015-08-13,262.3693542480469,265.34527587890625,252.9537353515625,253.929443359375,243.8702850341797,159069
2015-08-14,257.58837890625,258.417724609375,246.074951171875,252.6610107421875,242.65211486816406,393233
2015-08-17,261.4912109375,261.58880615234375,254.66122436523438,257.49078369140625,247.29055786132812,250211
2015-08-18,258.9543762207031,258.9543762207031,253.24644470214844,256.7590026855469,246.5877685546875,146033
2015-08-19,256.46630859375,261.8815002441406,254.0758056640625,258.0274353027344,247.80593872070312,200060
2015-08-20,257.78350830078125,257.78350830078125,248.90451049804688,250.80715942382812,240.87168884277344,192305
2015-08-21,250.563232421875,250.563232421875,243.05023193359375,244.31866455078125,234.6402130126953,220414
2015-08-24,238.0740966796875,238.0740966796875,225.3898162841797,228.56088256835938,219.5066680908203,386324
2015-08-25,229.48782348632812,236.07388305664062,206.8512725830078,223.4384002685547,214.5871124267578,273229
2015-08-26,223.4384002685547,224.4141082763672,214.99847412109375,223.92625427246094,215.05563354492188,136468
2015-08-27,227.24368286132812,237.83016967773438,223.04811096191406,234.26881408691406,224.98849487304688,326986
2015-08-28,240.02552795410156,251.05108642578125,238.0740966796875,242.416015625,232.81295776367188,417842
2015-08-31,242.85508728027344,249.68508911132812,242.80630493164062,248.1727294921875,238.3416290283203,187300
2015-09-01,245.83102416992188,246.8555145263672,234.31759643554688,237.58624267578125,228.1745147705078,128123
2015-09-02,240.4158172607422,243.6356658935547,233.19552612304688,234.17124938964844,224.89480590820312,211972
2015-09-03,234.6591033935547,242.7575225830078,234.6591033935547,240.4158172607422,230.8920135498047,191741
2015-09-04,239.1961669921875,240.07431030273438,225.3898162841797,230.85382080078125,221.7087860107422,155330
2015-09-07,229.39024353027344,237.098388671875,227.58517456054688,229.0975341796875,220.02207946777344,225810
2015-09-08,231.92710876464844,232.21981811523438,224.462890625,229.92689514160156,220.81857299804688,133142
2015-09-09,231.73196411132812,241.19638061523438,231.73196411132812,239.48887634277344,230.00177001953125,214551
2015-09-10,234.17124938964844,237.098388671875,230.31716918945312,235.8299560546875,226.48779296875,112874
2015-09-11,237.098388671875,245.8798065185547,237.098388671875,241.4403076171875,231.8759002685547,437679
2015-09-14,243.830810546875,246.17251586914062,243.24537658691406,245.29437255859375,235.57730102539062,82120
2015-09-15,246.2700958251953,246.75794982910156,242.12330627441406,244.36744689941406,234.6870880126953,129909
2015-09-16,246.75794982910156,246.8555145263672,243.44052124023438,244.0259552001953,234.35911560058594,81407
2015-09-18,245.05044555664062,251.7340850830078,244.70895385742188,248.70938110351562,238.8570098876953,172119
2015-09-21,246.75794982910156,247.29458618164062,243.24537658691406,244.26988220214844,234.59339904785156,70784
2015-09-22,243.5380859375,248.61180114746094,242.95266723632812,244.9040985107422,235.2024688720703,85876
2015-09-23,241.00123596191406,245.7334442138672,239.0498046875,243.5380859375,233.8905792236328,86755
2015-09-24,242.31845092773438,244.9040985107422,241.97694396972656,242.7575225830078,233.14093017578125,38291
2015-09-28,240.07431030273438,242.7575225830078,239.0498046875,241.2939453125,231.73532104492188,49841
2015-09-29,235.24452209472656,247.34336853027344,235.24452209472656,241.87937927246094,232.2975616455078,77036
2015-09-30,243.6356658935547,245.68466186523438,242.7575225830078,244.17230224609375,234.49964904785156,41779
2015-10-01,246.95309448242188,248.80694580078125,242.12330627441406,243.6356658935547,233.98428344726562,69752
2015-10-05,244.56259155273438,247.34336853027344,241.09881591796875,242.12330627441406,232.53182983398438,82296
2015-10-06,244.70895385742188,245.44073486328125,241.00123596191406,242.02574157714844,232.43814086914062,72486
2015-10-07,243.34295654296875,243.34295654296875,240.02552795410156,241.00123596191406,231.4542236328125,113455
2015-10-08,242.5623779296875,243.24537658691406,237.8789520263672,237.8789520263672,228.45562744140625,55777
2015-10-09,241.6354522705078,241.6354522705078,235.09817504882812,235.4884490966797,226.15982055664062,104516
2015-10-12,236.12266540527344,244.70895385742188,235.68359375,239.92794799804688,230.42344665527344,270789
2015-10-13,239.0498046875,244.17230224609375,238.220458984375,239.97674560546875,230.47032165527344,207084
2015-10-14,240.2694549560547,243.5380859375,239.0498046875,239.92794799804688,230.42344665527344,176492
2015-10-15,241.73301696777344,255.49058532714844,241.73301696777344,246.31887817382812,236.56121826171875,958486
2015-10-16,248.75816345214844,250.70957946777344,245.9773712158203,247.73365783691406,237.9199676513672,293189
2015-10-19,247.53851318359375,252.22193908691406,245.8798065185547,246.31887817382812,236.56121826171875,226039
2015-10-20,246.36766052246094,250.7583770751953,246.36766052246094,247.68487548828125,237.87310791015625,182749
2015-10-21,246.904296875,251.7340850830078,244.0259552001953,245.7822265625,236.0458221435547,141569
2015-10-23,248.2215118408203,251.7340850830078,244.9040985107422,245.53829956054688,235.81155395507812,95214
2015-10-26,247.63609313964844,248.3678741455078,244.41622924804688,245.39195251464844,235.67100524902344,64514
2015-10-27,244.51380920410156,246.41644287109375,241.00123596191406,241.586669921875,232.01646423339844,87381
2015-10-28,241.00123596191406,246.75794982910156,240.02552795410156,243.24537658691406,233.60948181152344,82992
2015-10-29,243.24537658691406,245.1480255126953,241.05001831054688,241.73301696777344,232.15701293945312,56454
2015-10-30,242.02574157714844,245.7334442138672,238.56195068359375,239.68402099609375,230.18919372558594,62487
2015-11-02,240.5133819580078,245.7334442138672,240.02552795410156,242.85508728027344,233.23463439941406,72291
2015-11-03,243.92837524414062,247.92880249023438,243.92837524414062,244.7577362060547,235.06190490722656,92752
2015-11-04,246.61158752441406,249.73387145996094,245.09922790527344,248.41665649414062,238.57589721679688,139365
2015-11-05,248.41665649414062,253.44158935546875,232.36618041992188,234.61032104492188,225.31646728515625,1003067
2015-11-06,237.0008087158203,238.220458984375,231.24411010742188,233.29310607910156,224.0514678955078,139928
2015-11-09,228.31695556640625,232.70767211914062,224.21896362304688,230.365966796875,221.24024963378906,67264
2015-11-10,229.82931518554688,233.19552612304688,227.34124755859375,227.9266815185547,218.89761352539062,51336
2015-11-13,227.09732055664062,230.1708221435547,223.09689331054688,224.02381896972656,215.1493377685547,75165
2015-11-16,223.4384002685547,230.1708221435547,222.511474609375,227.8291015625,218.8038787841797,64038
2015-11-17,229.0487518310547,230.1220245361328,225.877685546875,226.56068420410156,217.58570861816406,41325
2015-11-18,225.48739624023438,229.39024353027344,222.90174865722656,223.73110961914062,214.8682403564453,72362
2015-11-19,225.04832458496094,225.97525024414062,220.99911499023438,221.77967834472656,212.99411010742188,145483
2015-11-20,222.90174865722656,228.121826171875,221.48696899414062,223.6823272705078,214.82138061523438,412685
2015-11-23,226.07281494140625,229.2926788330078,217.24261474609375,218.9501190185547,210.27664184570312,524806
2015-11-24,220.0233917236328,221.1942596435547,218.55982971191406,219.24282836914062,210.55775451660156,120080
2015-11-26,219.53553771972656,221.77967834472656,217.48654174804688,218.26712036132812,209.6206817626953,107097
2015-11-27,218.6573944091797,219.53553771972656,216.85232543945312,217.6816864013672,209.0584259033203,116817
2015-11-30,219.63311767578125,220.0721893310547,212.80311584472656,213.5836944580078,205.122802734375,217168
2015-12-01,214.26669311523438,216.12054443359375,211.9737548828125,212.4616241455078,204.04518127441406,189605
2015-12-02,213.3885498046875,214.85211181640625,211.38833618164062,212.51040649414062,204.09202575683594,160798
2015-12-03,210.90048217773438,213.3885498046875,210.36383056640625,211.82740783691406,203.43609619140625,118324
2015-12-04,211.43711853027344,211.72982788085938,208.50997924804688,209.14419555664062,200.85916137695312,157265
2015-12-07,211.1444091796875,212.70555114746094,206.90005493164062,208.07090759277344,199.82839965820312,107017
2015-12-08,208.46119689941406,209.6808319091797,204.1680450439453,205.5828399658203,197.4388885498047,95694
2015-12-09,206.07069396972656,206.11947631835938,197.09413146972656,198.36256408691406,190.504638671875,181188
2015-12-10,199.48463439941406,201.28970336914062,195.72813415527344,199.33827209472656,191.4416961669922,129686
2015-12-11,199.04556274414062,204.80226135253906,197.7283477783203,198.4601287841797,190.5983428955078,185037
2015-12-14,198.5576934814453,200.8994140625,197.09413146972656,198.4601287841797,190.5983428955078,97457
2015-12-15,198.89920043945312,199.7285614013672,192.41070556640625,193.67913818359375,186.0067596435547,154958
2015-12-16,195.3378448486328,195.63055419921875,192.02041625976562,192.65463256835938,185.0228271484375,201703
2015-12-17,194.55728149414062,197.5819854736328,193.77670288085938,196.4111328125,188.63050842285156,95336
2015-12-18,195.58177185058594,205.09498596191406,195.58177185058594,199.53341674804688,191.62908935546875,262724
2015-12-21,199.7285614013672,204.80226135253906,199.53341674804688,203.77777099609375,195.705322265625,145192
2015-12-22,204.89984130859375,211.24197387695312,203.77777099609375,207.72940063476562,199.5004119873047,328427
2015-12-23,210.55897521972656,212.21768188476562,208.21726989746094,209.24176025390625,200.95286560058594,121091
2015-12-24,210.41261291503906,211.68104553222656,207.8269805908203,208.11968994140625,199.875244140625,96374
2015-12-28,208.21726989746094,212.70555114746094,207.33912658691406,208.5587615966797,200.2969207763672,172980
2015-12-29,209.24176025390625,211.1931915283203,205.09498596191406,205.72918701171875,197.57943725585938,104930
2015-12-30,206.5585479736328,209.29054260253906,204.4119873046875,204.89984130859375,196.78294372558594,97868
2015-12-31,205.87554931640625,207.7781982421875,202.85084533691406,204.89984130859375,196.78294372558594,84603
2016-01-01,205.1925506591797,207.2903289794922,202.9484100341797,204.4607696533203,196.36126708984375,106835
2016-01-04,204.60711669921875,207.04640197753906,200.50912475585938,202.26541137695312,194.25286865234375,143378
2016-01-05,204.89984130859375,204.89984130859375,199.04556274414062,199.6309814453125,191.72280883789062,219124
2016-01-06,200.02127075195312,201.38726806640625,197.09413146972656,197.63076782226562,189.80181884765625,144762
2016-01-07,196.02084350585938,197.14291381835938,192.21556091308594,192.7034149169922,185.06967163085938,206726
2016-01-08,194.1669921875,196.80142211914062,192.80099487304688,193.77670288085938,186.10043334960938,261590
2016-01-11,192.7034149169922,197.09413146972656,191.23985290527344,193.67913818359375,186.0067596435547,198138
2016-01-12,194.26455688476562,195.92327880859375,189.7274932861328,191.14227294921875,183.5703887939453,159962
2016-01-13,193.9718475341797,194.1669921875,182.50721740722656,185.33677673339844,177.99485778808594,188965
2016-01-14,181.4827117919922,186.019775390625,179.6288604736328,184.80014038085938,177.47947692871094,104523
2016-01-15,185.3855743408203,187.2394256591797,175.82357788085938,177.1895751953125,170.17041015625,109903
2016-01-18,175.62843322753906,176.60414123535156,166.944580078125,167.62757873535156,160.9871826171875,130438
2016-01-19,166.40794372558594,174.40878295898438,166.40794372558594,173.09158325195312,166.23472595214844,97922
2016-01-20,170.74986267089844,173.677001953125,168.89601135253906,171.6280059814453,164.8291473388672,81833
2016-01-21,172.7012939453125,174.70150756835938,170.74986267089844,172.6037139892578,165.7661895751953,56457
2016-01-22,174.65272521972656,180.01914978027344,173.18914794921875,177.1895751953125,170.17041015625,91272
2016-01-25,178.55557250976562,183.9219970703125,178.2628631591797,182.9950714111328,175.7458953857422,82352
2016-01-27,183.43414306640625,184.36106872558594,172.31100463867188,180.94607543945312,173.778076171875,181854
2016-01-28,181.4827117919922,181.531494140625,176.60414123535156,176.89686584472656,169.88926696777344,65641
2016-01-29,177.57986450195312,179.287353515625,175.921142578125,177.1895751953125,170.17041015625,69622
2016-02-01,177.67742919921875,183.9219970703125,177.67742919921875,181.09242248535156,173.9186248779297,178695
2016-02-02,181.4827117919922,184.21470642089844,173.18914794921875,174.06729125976562,167.17178344726562,140730
2016-02-03,172.7012939453125,173.677001953125,167.43243408203125,170.84744262695312,164.0795135498047,83306
2016-02-04,172.06707763671875,173.677001953125,169.2863006591797,170.310791015625,163.56410217285156,76017
2016-02-05,170.4571533203125,175.28692626953125,170.21322631835938,174.0185089111328,167.1249542236328,58083
2016-02-08,174.55514526367188,176.60414123535156,173.677001953125,174.06729125976562,167.17178344726562,124401
2016-02-09,171.96951293945312,177.0919952392578,171.96951293945312,173.53065490722656,166.6564178466797,92219
2016-02-10,171.92071533203125,177.57986450195312,170.70108032226562,173.7745819091797,166.8906707763672,959843
2016-02-11,173.9697265625,173.9697265625,162.35873413085938,165.43222045898438,158.87879943847656,229079
2016-02-12,166.7982177734375,166.84701538085938,159.0413055419922,164.16380310058594,157.66061401367188,124819
2016-02-15,165.9688720703125,170.99378967285156,165.9688720703125,168.31057739257812,161.6431427001953,106465
2016-02-16,168.79843139648438,170.74986267089844,162.6026611328125,164.16380310058594,157.66061401367188,79861
2016-02-17,164.40773010253906,164.7980194091797,157.28501892089844,161.4318084716797,155.03683471679688,86991
2016-02-18,164.31015014648438,165.822509765625,161.4805908203125,163.9198760986328,157.42637634277344,69110
2016-02-19,163.9198760986328,165.822509765625,162.16358947753906,163.28565979003906,156.8172607421875,78413
2016-02-22,163.4320068359375,166.31036376953125,161.09030151367188,163.09051513671875,156.6298370361328,53781
2016-02-23,163.4320068359375,163.9198760986328,161.04151916503906,161.82208251953125,155.41168212890625,44904
2016-02-24,160.9927215576172,161.1878662109375,157.67530822753906,158.06558227539062,151.80398559570312,85209
2016-02-25,158.99252319335938,160.30972290039062,155.13844299316406,155.82144165039062,149.6487274169922,66828
2016-02-26,156.6995849609375,159.0413055419922,152.2113037109375,153.3821563720703,147.30606079101562,74255
2016-02-29,153.6260986328125,156.01658630371094,151.235595703125,154.11395263671875,148.00889587402344,70588
2016-03-01,154.16273498535156,162.01722717285156,153.08944702148438,160.84637451171875,154.474609375,101976
2016-03-02,162.06600952148438,167.1397247314453,162.06600952148438,164.26136779785156,157.7543182373047,76867
2016-03-03,165.48101806640625,169.77415466308594,165.09072875976562,168.89601135253906,162.20538330078125,592605
2016-03-04,169.72537231445312,174.55514526367188,167.33486938476562,169.43264770507812,162.7207489013672,752935
2016-03-08,171.04257202148438,175.091796875,169.77415466308594,172.11585998535156,165.2976837158203,251145
2016-03-09,171.67678833007812,183.23899841308594,170.310791015625,181.7266387939453,174.52774047851562,339707
2016-03-10,183.9219970703125,188.99571228027344,181.82421875,183.28778076171875,176.02703857421875,552067
2016-03-11,184.31228637695312,187.3369903564453,182.50721740722656,183.62928771972656,176.35501098632812,163051
2016-03-14,185.0928497314453,187.2882080078125,182.9462890625,186.3612823486328,178.97877502441406,185495
2016-03-15,185.0928497314453,192.45948791503906,184.897705078125,188.31271362304688,180.8529052734375,239949
2016-03-16,188.31271362304688,190.26412963867188,181.8730010986328,182.55599975585938,175.32423400878906,193891
2016-03-17,183.43414306640625,185.87342834472656,180.99485778808594,182.50721740722656,177.9403076171875,66628
2016-03-18,181.77542114257812,190.6544189453125,181.77542114257812,188.94691467285156,184.2188720703125,300239
2016-03-21,190.06898498535156,195.1427001953125,188.99571228027344,192.9961395263672,188.16676330566406,753971
2016-03-22,191.9228515625,195.04513549804688,190.7519989013672,192.50827026367188,187.6911163330078,110603
2016-03-23,192.21556091308594,194.9475555419922,190.41049194335938,191.7277069091797,186.93006896972656,123090
2016-03-28,191.9228515625,194.9475555419922,186.94671630859375,187.92242431640625,183.22000122070312,107167
2016-03-29,185.87342834472656,190.21534729003906,185.48313903808594,186.75157165527344,182.07846069335938,425809
2016-03-30,187.92242431640625,189.6787109375,186.3612823486328,187.2394256591797,182.5540771484375,123511
2016-03-31,187.82484436035156,187.82484436035156,183.82443237304688,185.3855743408203,180.7466583251953,115560
2016-04-01,185.62950134277344,194.9475555419922,180.6045684814453,193.9718475341797,189.1180419921875,461007
2016-04-04,194.1669921875,203.68019104003906,191.04470825195312,201.9239044189453,196.8711395263672,643898
2016-04-05,202.26541137695312,206.02191162109375,201.0457763671875,202.46055603027344,197.39434814453125,599348
2016-04-06,203.0459747314453,211.0468292236328,203.0459747314453,209.48568725585938,204.24368286132812,585571
2016-04-07,210.90048217773438,216.6083984375,209.8271942138672,212.80311584472656,207.4781036376953,752782
2016-04-08,213.68125915527344,214.5594024658203,207.8269805908203,208.9002685546875,203.6729278564453,168584
2016-04-11,209.29054260253906,209.5344696044922,203.9241180419922,207.4366912841797,202.24595642089844,132485
2016-04-12,207.4854736328125,214.1691131591797,207.33912658691406,211.9737548828125,206.66949462890625,421440
2016-04-13,213.1934051513672,214.3642578125,210.0711212158203,210.8516845703125,205.5754852294922,140298
2016-04-18,213.63247680664062,218.6573944091797,209.8759765625,217.8280487060547,212.37728881835938,291316
2016-04-20,218.75497436523438,219.53553771972656,212.94947814941406,214.12033081054688,208.76235961914062,146618
2016-04-21,215.6326904296875,217.09625244140625,211.77862548828125,214.3642578125,209.0001678466797,140599
2016-04-22,214.65696716308594,218.02317810058594,212.85189819335938,214.7057647705078,209.3331298828125,532743
2016-04-25,213.1934051513672,219.58432006835938,213.1934051513672,215.8278350830078,210.4271240234375,133688
2016-04-26,215.8278350830078,216.90110778808594,212.85189819335938,214.5594024658203,209.1904296875,93539
2016-04-27,213.68125915527344,228.65846252441406,213.63247680664062,226.36553955078125,220.70114135742188,781106
2016-04-28,226.26795959472656,226.36553955078125,219.53553771972656,220.46246337890625,214.94577026367188,195025
2016-04-29,219.58432006835938,229.2926788330078,219.53553771972656,223.3408203125,217.75210571289062,242603
2016-05-02,224.36532592773438,228.121826171875,219.53553771972656,225.7313232421875,220.08279418945312,268623
2016-05-03,225.7801055908203,230.2683868408203,223.04811096191406,223.6823272705078,218.0850830078125,467545
2016-05-04,222.65782165527344,226.46310424804688,218.55982971191406,222.46267700195312,216.8959503173828,649688
2016-05-05,222.5602569580078,227.24368286132812,219.8282470703125,220.70639038085938,215.18360900878906,198114
2016-05-06,219.7794647216797,228.9999542236328,219.0476837158203,227.8291015625,222.12808227539062,508799
2016-05-09,228.9999542236328,238.85467529296875,225.3898162841797,228.46331787109375,222.74644470214844,616142
2016-05-10,228.7560272216797,232.1222381591797,223.4384002685547,226.26795959472656,220.6060028076172,155501
2016-05-11,223.4384002685547,228.70724487304688,220.1209716796875,226.8046112060547,221.1292266845703,176026
2016-05-12,225.3898162841797,229.2926788330078,223.63352966308594,226.26795959472656,220.6060028076172,71523
2016-05-13,224.90196228027344,228.31695556640625,221.68211364746094,226.21917724609375,220.55844116210938,130968
2016-05-16,224.462890625,229.58538818359375,223.4384002685547,224.21896362304688,218.60830688476562,105715
2016-05-17,224.5604705810547,233.3906707763672,224.21896362304688,232.21981811523438,226.408935546875,490132
2016-05-18,234.17124938964844,235.58602905273438,227.9754638671875,229.48782348632812,223.7453155517578,242407
2016-05-19,229.2926788330078,231.92710876464844,223.09689331054688,224.36532592773438,218.75099182128906,110477
2016-05-20,224.6580352783203,228.7560272216797,219.7794647216797,220.56004333496094,215.04092407226562,145293
2016-05-23,222.12118530273438,231.73196411132812,221.0478973388672,230.4147491455078,224.64903259277344,259580
2016-05-24,230.4147491455078,236.12266540527344,228.31695556640625,234.46395874023438,228.596923828125,414729
2016-05-25,235.14695739746094,237.78138732910156,230.85382080078125,235.09817504882812,229.2152557373047,185495
2016-05-26,235.14695739746094,241.87937927246094,233.9273223876953,239.97674560546875,233.9717559814453,364804
2016-05-27,240.464599609375,248.70938110351562,240.464599609375,247.73365783691406,241.53457641601562,592787
2016-05-30,247.83123779296875,250.70957946777344,226.60946655273438,230.56109619140625,224.79171752929688,1902448
2016-05-31,226.36553955078125,234.22003173828125,225.3898162841797,229.68296813964844,223.93556213378906,474363
2016-06-01,230.85382080078125,230.85382080078125,221.53575134277344,222.511474609375,216.9435272216797,248822
2016-06-02,222.511474609375,225.19467163085938,217.19383239746094,220.36489868164062,214.8506622314453,210811
2016-06-03,220.60882568359375,222.46267700195312,215.14483642578125,216.6571807861328,211.2357177734375,129788
2016-06-06,216.6571807861328,219.48675537109375,213.97396850585938,214.75454711914062,209.38070678710938,117633
2016-06-07,215.5839080810547,216.6083984375,212.70555114746094,213.3397674560547,208.00131225585938,81799
2016-06-08,212.70555114746094,223.3408203125,211.48590087890625,220.1209716796875,214.6128387451172,420125
2016-06-09,221.63333129882812,225.877685546875,219.0476837158203,223.3896026611328,217.7996826171875,274124
2016-06-10,223.4384002685547,229.58538818359375,223.4384002685547,224.462890625,218.84608459472656,217291
2016-06-13,222.60903930664062,224.4141082763672,221.0478973388672,222.46267700195312,216.8959503173828,61401
2016-06-14,222.46267700195312,226.36553955078125,222.2675323486328,223.63352966308594,218.03750610351562,64140
2016-06-15,223.77989196777344,225.29225158691406,223.19447326660156,224.90196228027344,219.27420043945312,68328
2016-06-16,225.5849609375,226.8533935546875,220.56004333496094,224.5604705810547,218.94125366210938,97249
2016-06-17,225.34103393554688,226.5118865966797,222.0723876953125,224.07260131835938,218.46559143066406,66750
2016-06-20,222.511474609375,225.97525024414062,221.53575134277344,222.60903930664062,217.0386505126953,57827
2016-06-21,222.60903930664062,224.99954223632812,218.26712036132812,219.48675537109375,213.9945068359375,85629
2016-06-22,219.53553771972656,220.51126098632812,216.6083984375,217.34017944335938,211.901611328125,59735
2016-06-23,217.38897705078125,219.9258270263672,213.77882385253906,214.90089416503906,209.52337646484375,57624
2016-06-24,209.58326721191406,219.53553771972656,200.9481964111328,216.99868774414062,211.5686798095703,164689
2016-06-27,216.4132537841797,220.0233917236328,216.36447143554688,218.02317810058594,212.56752014160156,76697
2016-06-28,218.02317810058594,219.53553771972656,215.6326904296875,216.51083374023438,211.09303283691406,68985
2016-06-29,217.48654174804688,226.36553955078125,217.09625244140625,224.755615234375,219.1315155029297,389569
2016-06-30,226.36553955078125,233.87852478027344,226.36553955078125,231.82952880859375,226.02841186523438,363027
2016-07-01,233.00038146972656,240.80609130859375,233.00038146972656,240.171875,234.16200256347656,370727
2016-07-04,242.07452392578125,245.68466186523438,234.41517639160156,239.5376739501953,233.54368591308594,338177
2016-07-05,238.85467529296875,245.8798065185547,236.07388305664062,240.02552795410156,234.01931762695312,248438
2016-07-07,239.2449493408203,243.6356658935547,239.0498046875,241.586669921875,235.54139709472656,674299
2016-07-08,241.73301696777344,242.46481323242188,236.12266540527344,241.19638061523438,235.16085815429688,76630
2016-07-11,241.2939453125,243.6356658935547,238.80587768554688,239.29373168945312,233.3058319091797,154867
2016-07-12,239.0498046875,241.87937927246094,234.6591033935547,235.29331970214844,229.40553283691406,162421
2016-07-13,235.58602905273438,238.65953063964844,232.3173828125,233.7809600830078,227.9310302734375,76125
2016-07-14,234.12245178222656,236.85446166992188,232.3173828125,235.09817504882812,229.2152557373047,43742
2016-07-15,235.24452209472656,238.0740966796875,230.2683868408203,231.2928924560547,225.5052032470703,58666
2016-07-18,230.75624084472656,235.6348114013672,230.75624084472656,232.70767211914062,226.8845672607422,60517
2016-07-19,232.21981811523438,233.5370330810547,222.95053100585938,226.56068420410156,220.8914031982422,49042
2016-07-20,227.34124755859375,233.68338012695312,227.34124755859375,231.3904571533203,225.60032653808594,76919
2016-07-21,231.58560180664062,238.80587768554688,231.58560180664062,237.1471710205078,231.21299743652344,118043
2016-07-22,236.1714630126953,240.90367126464844,231.97589111328125,234.61032104492188,228.73960876464844,95823
2016-07-25,235.58602905273438,238.56195068359375,233.00038146972656,235.4884490966797,229.5957794189453,63451
2016-07-26,235.58602905273438,236.6105194091797,230.2683868408203,231.1465301513672,225.36248779296875,72129
2016-07-27,230.365966796875,245.1480255126953,228.51210021972656,235.8787384033203,229.97628784179688,248973
2016-07-28,234.3663787841797,259.1495056152344,234.3663787841797,257.58837890625,251.14268493652344,1564468
2016-07-29,260.661865234375,264.22320556640625,259.539794921875,261.0521545410156,254.51980590820312,504011
2016-08-01,261.44244384765625,268.02850341796875,259.88128662109375,264.80865478515625,258.1822509765625,424788
2016-08-02,264.1256408691406,265.3940734863281,256.7102355957031,259.0031433105469,252.5220489501953,262356
2016-08-03,258.5640869140625,271.24835205078125,251.7340850830078,265.2477111816406,258.6103515625,487050
2016-08-04,268.5651550292969,271.9313659667969,256.173583984375,261.783935546875,255.23324584960938,245875
2016-08-05,262.27178955078125,272.3216552734375,260.8082275390625,265.8819274902344,259.2287292480469,287953
2016-08-08,267.05279541015625,272.9070739746094,266.3697814941406,267.19915771484375,260.51300048828125,133446
2016-08-09,267.19915771484375,269.7847900390625,263.4426574707031,265.2477111816406,258.6103515625,80753
2016-08-10,266.07708740234375,275.1512145996094,263.4914245605469,268.17486572265625,261.46429443359375,260365
2016-08-11,267.3454895019531,270.8092956542969,258.125,261.2472839355469,254.71005249023438,146217
2016-08-12,259.05194091796875,263.8817138671875,241.4890899658203,247.68487548828125,241.48699951171875,585450
2016-08-16,247.68487548828125,247.68487548828125,236.70809936523438,238.65953063964844,232.6875,176057
2016-08-17,242.07452392578125,248.1239471435547,240.02552795410156,243.09902954101562,237.0159149169922,149611
2016-08-18,244.8553009033203,252.7097930908203,244.8065185546875,247.53851318359375,241.34429931640625,108856
2016-08-19,248.1239471435547,258.5640869140625,247.68487548828125,253.929443359375,247.57530212402344,232879
2016-08-22,256.51507568359375,261.7351379394531,254.66122436523438,255.53936767578125,249.14495849609375,117787
2016-08-23,256.6126403808594,258.4665222167969,247.78244018554688,251.8804473876953,245.5775909423828,116118
2016-08-24,255.44180297851562,255.44180297851562,243.44052124023438,244.7577362060547,238.6331024169922,144646
2016-08-25,246.80673217773438,256.6126403808594,243.92837524414062,247.44094848632812,241.24917602539062,297177
2016-08-26,250.2217254638672,257.58837890625,247.53851318359375,254.80758666992188,248.4314727783203,459619
2016-08-29,255.63693237304688,257.1980895996094,252.36830139160156,254.02700805664062,247.67044067382812,111524
2016-08-30,254.31973266601562,261.4912109375,254.31973266601562,258.5152893066406,252.0464324951172,161340
2016-08-31,258.5640869140625,265.150146484375,254.9051513671875,260.2228088378906,253.71121215820312,346081
2016-09-01,260.2228088378906,262.4669494628906,255.9784393310547,260.17401123046875,253.6636199951172,61829
2016-09-02,257.58837890625,265.2965087890625,257.58837890625,262.2229919433594,255.66131591796875,118894
2016-09-06,263.39385986328125,267.68701171875,262.4669494628906,265.6867980957031,259.0384521484375,88955
2016-09-07,265.78436279296875,266.76007080078125,263.9305114746094,265.93072509765625,259.2762756347656,83030
2016-09-08,265.3940734863281,268.32122802734375,265.34527587890625,266.0282897949219,259.3714294433594,75276
2016-09-09,263.4426574707031,267.3454895019531,261.0521545410156,263.3450622558594,256.75537109375,91425
2016-09-12,263.24749755859375,270.760498046875,259.4909973144531,264.51593017578125,257.8968811035156,278401
2016-09-14,265.8819274902344,267.58941650390625,260.5643005371094,261.29608154296875,254.7576141357422,62274
2016-09-15,261.4912109375,265.34527587890625,261.0521545410156,262.3693542480469,255.8040313720703,39968
2016-09-16,262.71087646484375,265.2965087890625,257.58837890625,258.8080139160156,252.33180236816406,66116
2016-09-19,259.19830322265625,262.27178955078125,257.58837890625,259.19830322265625,252.7123565673828,23131
2016-09-20,257.58837890625,264.6134948730469,257.58837890625,262.4669494628906,255.89918518066406,55433
2016-09-21,261.4912109375,265.5892028808594,258.9543762207031,261.0521545410156,254.51980590820312,74593
2016-09-22,261.7351379394531,265.5892028808594,259.3934326171875,263.8817138671875,257.2785339355469,53571
2016-09-23,264.66229248046875,269.3945007324219,261.6375732421875,268.2236328125,261.5118408203125,148656
2016-09-26,266.8576354980469,269.0530090332031,262.4669494628906,264.95501708984375,258.32501220703125,61124
2016-09-27,263.4426574707031,268.2236328125,263.4426574707031,265.5892028808594,258.9433288574219,50096
2016-09-28,265.3940734863281,268.80908203125,255.0027313232422,258.0274353027344,251.5707550048828,128756
2016-09-29,258.6616516113281,261.29608154296875,239.09860229492188,246.70916748046875,240.5357208251953,142608
2016-09-30,244.0259552001953,253.9782257080078,240.90367126464844,248.70938110351562,242.48587036132812,86692
2016-10-03,250.5144500732422,255.63693237304688,247.83123779296875,248.85572814941406,242.62855529785156,120754
2016-10-04,249.441162109375,254.41729736328125,249.441162109375,252.807373046875,246.4813232421875,143604
2016-10-05,254.41729736328125,263.2962951660156,251.5877227783203,261.2472839355469,254.71005249023438,195991
2016-10-06,262.9548034667969,262.9548034667969,254.9539337158203,256.9053649902344,250.4767608642578,120518
2016-10-07,256.6126403808594,265.3940734863281,250.85594177246094,255.88087463378906,249.47792053222656,736048
2016-10-10,258.3689270019531,259.4422302246094,252.7585906982422,253.39279174804688,247.0520782470703,445141
2016-10-13,250.90472412109375,255.92965698242188,249.00209045410156,251.14865112304688,244.86410522460938,44260
2016-10-14,251.24623107910156,258.4665222167969,251.24623107910156,257.0517272949219,250.6194610595703,53495
2016-10-17,257.1980895996094,258.1737976074219,249.6363067626953,251.4901580810547,245.1970672607422,145895
2016-10-18,251.97801208496094,255.49058532714844,248.319091796875,250.6120147705078,244.3408966064453,106566
2016-10-19,251.39259338378906,253.68551635742188,249.2947998046875,251.44137573242188,245.14950561523438,72622
2016-10-20,250.31930541992188,255.1978759765625,247.83123779296875,248.3678741455078,242.1529083251953,77264
2016-10-21,248.61180114746094,258.8567810058594,248.61180114746094,257.295654296875,250.8572998046875,127687
2016-10-24,257.295654296875,260.5155029296875,255.051513671875,258.3201599121094,251.85617065429688,296186
2016-10-25,258.3201599121094,261.7351379394531,251.7340850830078,253.39279174804688,247.0520782470703,232259
2016-10-26,253.39279174804688,258.125,251.92922973632812,253.24644470214844,246.90940856933594,153428
2016-10-27,252.7097930908203,256.6126403808594,252.51466369628906,254.02700805664062,247.67044067382812,60597
2016-10-28,256.0272216796875,256.6126403808594,250.95352172851562,253.19766235351562,246.8618621826172,102574
2016-11-01,261.4912109375,261.97906494140625,253.05130004882812,254.51487731933594,248.14610290527344,99408
2016-11-02,253.19766235351562,258.5640869140625,249.78265380859375,254.31973266601562,247.95584106445312,72846
2016-11-03,254.17337036132812,257.58837890625,249.78265380859375,250.66079711914062,244.38845825195312,57878
2016-11-04,250.70957946777344,253.0025177001953,241.97694396972656,243.14781188964844,237.0634765625,106095
2016-11-07,245.83102416992188,248.46543884277344,240.4158172607422,243.29415893554688,237.20614624023438,77492
2016-11-08,244.36744689941406,244.36744689941406,235.8787384033203,239.44009399414062,233.4485321044922,154610
2016-11-09,206.8512725830078,248.80694580078125,205.87554931640625,237.34231567382812,231.4032745361328,174261
2016-11-10,242.95266723632812,243.44052124023438,222.95053100585938,225.48739624023438,219.84500122070312,469894
2016-11-11,223.4384002685547,225.7801055908203,214.75454711914062,216.90110778808594,211.47354125976562,242547
2016-11-15,219.53553771972656,219.53553771972656,207.04640197753906,210.8516845703125,205.5754852294922,130205
2016-11-16,211.43711853027344,216.99868774414062,206.02191162109375,215.04725646972656,209.66607666015625,84155
2016-11-17,217.19383239746094,217.8768310546875,212.70555114746094,215.14483642578125,209.76121520996094,50984
2016-11-18,217.5841064453125,217.5841064453125,208.5587615966797,209.24176025390625,204.00587463378906,88988
2016-11-21,210.36383056640625,211.43711853027344,197.09413146972656,198.6064910888672,193.63671875,68069
2016-11-22,199.6309814453125,209.29054260253906,198.11862182617188,201.24090576171875,196.20523071289062,163633
2016-11-23,203.1923370361328,214.1691131591797,202.46055603027344,213.0470428466797,207.7159423828125,107229
2016-11-24,209.77841186523438,212.70555114746094,207.14398193359375,208.9002685546875,203.6729278564453,35686
2016-11-25,209.77841186523438,214.65696716308594,207.8269805908203,210.41261291503906,205.14739990234375,107927
2016-11-28,210.6565399169922,213.3397674560547,204.89984130859375,206.5585479736328,201.38980102539062,93833
2016-11-29,207.6806182861328,215.6326904296875,207.09519958496094,211.29075622558594,206.00360107421875,184553
2016-11-30,212.51040649414062,220.99911499023438,211.24197387695312,217.5353240966797,212.09190368652344,214130
2016-12-01,218.55982971191406,219.7794647216797,211.9737548828125,214.80332946777344,209.4282684326172,61852
2016-12-02,211.72982788085938,215.09603881835938,210.0711212158203,210.6565399169922,205.38523864746094,62534
2016-12-05,210.75411987304688,216.02296447753906,210.6565399169922,214.26669311523438,208.90505981445312,39475
2016-12-06,213.1934051513672,214.60818481445312,211.87619018554688,212.9006805419922,207.57322692871094,22761
2016-12-07,213.4373321533203,216.31568908691406,210.70533752441406,211.87619018554688,206.5743865966797,38494
2016-12-08,212.0713348388672,219.1940460205078,212.0713348388672,217.34017944335938,211.901611328125,115911
2016-12-09,218.55982971191406,218.9501190185547,214.07154846191406,215.19361877441406,209.8087921142578,50372
2016-12-12,215.19361877441406,215.6814727783203,211.72982788085938,212.51040649414062,207.19271850585938,29418
2016-12-13,212.51040649414062,214.4130401611328,211.9249725341797,213.0958251953125,207.76348876953125,17859
2016-12-14,215.6326904296875,219.87704467773438,215.486328125,216.5596160888672,211.14060974121094,126454
2016-12-15,214.26669311523438,218.9501190185547,210.9492645263672,212.65675354003906,207.33538818359375,246924
2016-12-16,212.70555114746094,215.6326904296875,211.72982788085938,213.2909698486328,207.9537353515625,41434
2016-12-19,215.09603881835938,217.97439575195312,212.75433349609375,213.4373321533203,208.09645080566406,21596
2016-12-20,212.94947814941406,215.24240112304688,209.77841186523438,210.46141052246094,205.1949920654297,30643
2016-12-21,210.75411987304688,212.80311584472656,209.77841186523438,210.46141052246094,205.1949920654297,19612
2016-12-22,209.77841186523438,211.29075622558594,209.7296142578125,209.8759765625,204.62420654296875,42577
2016-12-23,209.63204956054688,211.1444091796875,205.4364776611328,205.97312927246094,200.8190155029297,80817
2016-12-26,204.80226135253906,205.87554931640625,199.04556274414062,200.41156005859375,195.3966064453125,32004
2016-12-27,199.7285614013672,206.8512725830078,199.53341674804688,204.70469665527344,199.58233642578125,33360
2016-12-28,204.89984130859375,209.63204956054688,204.89984130859375,207.38790893554688,202.19839477539062,25812
2016-12-29,206.11947631835938,208.8026885986328,205.2413330078125,207.6318359375,202.4362335205078,18139
2016-12-30,206.3634033203125,217.48654174804688,206.3634033203125,211.82740783691406,206.5268096923828,102249
2017-01-02,210.75411987304688,218.55982971191406,210.75411987304688,215.6814727783203,210.28443908691406,63416
2017-01-03,215.6326904296875,221.48696899414062,215.6326904296875,220.9015350341797,215.3738555908203,74778
2017-01-04,221.0966796875,224.4141082763672,219.8282470703125,220.85275268554688,215.32630920410156,80562
2017-01-05,221.0966796875,229.2926788330078,221.0966796875,227.14610290527344,221.46217346191406,404685
2017-01-06,229.2926788330078,230.2683868408203,221.0478973388672,223.5359649658203,217.94239807128906,47016
2017-01-09,223.5359649658203,228.31695556640625,221.53575134277344,225.3898162841797,219.7498321533203,33374
2017-01-10,225.3898162841797,231.73196411132812,225.14588928222656,228.121826171875,222.41348266601562,176625
2017-01-11,229.58538818359375,229.68296813964844,223.92625427246094,224.755615234375,219.1315155029297,58961
2017-01-12,226.95095825195312,227.0485382080078,221.58453369140625,222.511474609375,216.9435272216797,41977
2017-01-13,224.6092529296875,224.6092529296875,220.51126098632812,222.80418395996094,217.22891235351562,33616
2017-01-16,223.82867431640625,228.07302856445312,220.51126098632812,224.70681762695312,219.08392333984375,62969
2017-01-17,226.26795959472656,230.2683868408203,222.65782165527344,224.85317993164062,219.2266387939453,55412
2017-01-18,224.5116729736328,226.36553955078125,220.21853637695312,222.0236053466797,216.46786499023438,97750
2017-01-19,222.46267700195312,224.31654357910156,220.51126098632812,221.4381866455078,215.8970947265625,41777
2017-01-20,221.63333129882812,224.36532592773438,220.1209716796875,222.511474609375,216.9435272216797,130383
2017-01-23,223.82867431640625,225.29225158691406,222.5602569580078,223.3408203125,217.75210571289062,76333
2017-01-24,224.755615234375,230.95138549804688,222.95053100585938,226.17039489746094,220.51089477539062,456260
2017-01-25,227.29246520996094,236.12266540527344,227.29246520996094,233.68338012695312,227.83587646484375,228413
2017-01-27,235.14695739746094,238.0740966796875,230.60989379882812,236.31781005859375,230.4043731689453,159904
2017-01-30,235.7811737060547,243.29415893554688,233.19552612304688,234.3663787841797,228.50180053710938,85496
2017-01-31,233.00038146972656,237.97653198242188,233.00038146972656,235.24452209472656,229.3579559326172,94940
2017-02-01,235.6348114013672,239.63523864746094,233.00038146972656,237.68380737304688,231.7362060546875,65974
2017-02-02,239.0010223388672,241.92816162109375,236.07388305664062,239.0010223388672,233.02044677734375,98956
2017-02-03,239.92794799804688,244.8065185546875,238.220458984375,244.12351989746094,238.0147705078125,187509
2017-02-06,245.0016632080078,247.83123779296875,236.12266540527344,237.48866271972656,231.54592895507812,185308
2017-02-07,239.83038330078125,245.8798065185547,238.1228790283203,243.7820281982422,237.6818389892578,191186
2017-02-08,245.8798065185547,247.68487548828125,242.26966857910156,244.36744689941406,238.25259399414062,86382
2017-02-09,244.8553009033203,258.07623291015625,239.1961669921875,256.7102355957031,250.28652954101562,1106542
2017-02-10,256.4175109863281,265.3940734863281,255.53936767578125,264.028076171875,257.4212646484375,449035
2017-02-13,264.4183654785156,264.9062194824219,253.68551635742188,258.6616516113281,252.18910217285156,262925
2017-02-14,259.34466552734375,259.4909973144531,249.88023376464844,250.66079711914062,244.38845825195312,60337
2017-02-15,250.27052307128906,251.6365203857422,244.0259552001953,245.0016632080078,238.87094116210938,61924
2017-02-16,244.9040985107422,251.39259338378906,244.9040985107422,249.0996551513672,242.86639404296875,41928
2017-02-17,249.05087280273438,253.5879364013672,247.0506591796875,252.51466369628906,246.19593811035156,52417
2017-02-20,250.85594177246094,255.051513671875,250.02658081054688,253.19766235351562,246.8618621826172,44306
2017-02-21,253.68551635742188,263.4426574707031,249.88023376464844,250.85594177246094,244.57872009277344,436514
2017-02-22,252.22193908691406,259.1495056152344,252.22193908691406,256.46630859375,250.0487060546875,267011
2017-02-23,254.46607971191406,258.07623291015625,250.80715942382812,255.78329467773438,249.38278198242188,168876
2017-02-27,257.295654296875,258.3689270019531,249.53872680664062,252.7097930908203,246.38616943359375,59619
2017-02-28,253.68551635742188,256.1247863769531,250.7583770751953,253.929443359375,247.57530212402344,120741
2017-03-01,254.41729736328125,258.1737976074219,253.7342987060547,255.8320770263672,249.43032836914062,348179
2017-03-02,255.88087463378906,257.4420166015625,249.05087280273438,250.07537841796875,243.81768798828125,128410
2017-03-03,249.97779846191406,253.63673400878906,249.4899444580078,252.36830139160156,246.05322265625,34210
2017-03-06,253.10008239746094,261.4912109375,250.90472412109375,258.9543762207031,252.47451782226562,491424
2017-03-07,260.369140625,269.29693603515625,259.539794921875,267.2479248046875,260.5605163574219,535821
2017-03-08,266.90643310546875,279.9322204589844,262.0278625488281,272.9558410644531,266.1256103515625,433719
2017-03-09,271.9313659667969,279.8346252441406,266.56494140625,275.59027099609375,268.6941223144531,417442
2017-03-10,276.1269226074219,299.397705078125,276.1269226074219,289.05511474609375,281.822021484375,2524068
2017-03-14,295.6412048339844,321.7903137207031,289.7381286621094,307.788818359375,300.08697509765625,2224383
2017-03-15,308.3254699707031,309.98419189453125,295.10455322265625,299.30010986328125,291.8106994628906,529820
2017-03-16,301.3979187011719,310.2768859863281,297.20233154296875,301.1539611816406,293.6181335449219,678585
2017-03-17,302.47119140625,309.3011779785156,298.0317077636719,300.9100341796875,293.38031005859375,1052987
2017-03-20,302.4223937988281,307.0570373535156,301.4466857910156,303.8371887207031,296.2342224121094,298953
2017-03-21,306.3740539550781,308.1303405761719,301.2027587890625,304.422607421875,296.8049621582031,213626
2017-03-22,300.519775390625,308.910888671875,300.519775390625,302.178466796875,294.6169738769531,387801
2017-03-23,303.4468994140625,312.1307678222656,302.9102478027344,307.6424560546875,299.9442443847656,408071
2017-03-24,309.54510498046875,310.2281188964844,305.9349670410156,308.42303466796875,300.7052917480469,137623
2017-03-27,308.374267578125,313.20404052734375,305.3983154296875,306.3740539550781,298.70758056640625,185605
2017-03-28,308.910888671875,310.7647399902344,301.5930480957031,302.6175537109375,295.0450744628906,168925
2017-03-29,303.6908264160156,310.0817565917969,301.98333740234375,308.3254699707031,300.6101989746094,223009
2017-03-30,312.22833251953125,319.9852600097656,310.7647399902344,312.91131591796875,305.081298828125,570157
2017-03-31,314.9603271484375,314.9603271484375,303.78839111328125,305.4471130371094,297.8038635253906,180098
2017-04-03,308.1303405761719,364.9168395996094,304.422607421875,361.45306396484375,352.4083557128906,2667015
2017-04-05,366.8682861328125,377.9914245605469,336.62115478515625,340.0849304199219,331.5749206542969,2920145
2017-04-06,339.4019470214844,350.8665771484375,336.62115478515625,343.0120849609375,334.4288330078125,887131
2017-04-07,342.4754333496094,346.2807312011719,332.9134521484375,334.96246337890625,326.58062744140625,326062
2017-04-10,338.5238037109375,351.1593017578125,335.7430114746094,338.7677307128906,330.2906494140625,666738
2017-04-11,340.42645263671875,343.451171875,336.6699523925781,338.9628601074219,330.48095703125,505962
2017-04-12,340.96307373046875,348.7200012207031,333.69403076171875,341.6460876464844,333.0970153808594,732920
2017-04-13,343.451171875,346.3782958984375,337.4505310058594,339.0604553222656,330.57611083984375,408011
2017-04-17,341.4997253417969,353.6961364746094,335.79180908203125,345.89044189453125,337.2351379394531,733120
2017-04-18,347.98822021484375,348.81756591796875,336.62115478515625,337.74322509765625,329.29180908203125,320288
2017-04-19,338.7677307128906,345.74407958984375,337.74322509765625,344.5244445800781,335.9033508300781,245352
2017-04-20,346.57342529296875,354.9645690917969,342.52423095703125,345.6465148925781,336.9973449707031,717664
2017-04-21,347.2564392089844,348.3297119140625,338.2798767089844,339.5970764160156,331.09930419921875,214166
2017-04-24,341.20703125,345.1586608886719,340.13372802734375,341.0606689453125,332.5262145996094,85050
2017-04-25,341.3045959472656,344.4268798828125,338.1335144042969,339.49951171875,331.004150390625,118112
2017-04-26,340.57281494140625,342.5730285644531,337.6944580078125,338.8165283203125,330.3382263183594,132887
2017-04-27,338.7677307128906,343.93902587890625,336.62115478515625,338.7677307128906,330.2906494140625,200117
2017-04-28,339.2068176269531,343.93902587890625,338.6213684082031,343.2560119628906,334.6666259765625,216238
2017-05-02,343.2560119628906,351.2568664550781,342.5730285644531,344.62200927734375,335.99847412109375,299016
2017-05-03,346.2807312011719,347.5979309082031,339.5483093261719,340.6703796386719,332.1457214355469,91530
2017-05-04,342.67059326171875,345.89044189453125,341.54852294921875,342.9145202636719,334.33367919921875,88481
2017-05-05,342.81695556640625,343.7438659667969,337.74322509765625,340.62158203125,332.0981140136719,102692
2017-05-08,342.37786865234375,351.2568664550781,339.8898010253906,343.5487365722656,334.95208740234375,312838
2017-05-09,343.451171875,350.08599853515625,342.23150634765625,344.62200927734375,335.99847412109375,172434
2017-05-10,345.59771728515625,346.86614990234375,341.74365234375,342.67059326171875,334.0958557128906,57592
2017-05-11,344.4268798828125,348.3297119140625,341.4997253417969,342.08514404296875,333.52508544921875,222385
2017-05-12,343.6950988769531,346.86614990234375,338.670166015625,342.23150634765625,333.6677551269531,116756
2017-05-15,342.67059326171875,343.7438659667969,330.86444091796875,332.8646545410156,324.5353088378906,154005
2017-05-16,334.5721740722656,341.9875793457031,333.3525085449219,338.5726013183594,330.1004333496094,121807
2017-05-17,338.670166015625,343.451171875,337.4505310058594,341.3533630371094,332.8116149902344,111294
2017-05-18,338.5238037109375,338.5238037109375,323.44903564453125,325.9858703613281,317.82867431640625,162601
2017-05-19,330.815673828125,335.64544677734375,323.9368896484375,328.0348815917969,319.8263854980469,132461
2017-05-22,329.7911682128906,331.6938171386719,290.17718505859375,305.64227294921875,297.9941101074219,447508
2017-05-23,306.3740539550781,310.7647399902344,292.03106689453125,307.88641357421875,300.1820983886719,178799
2017-05-24,308.3254699707031,335.64544677734375,308.3254699707031,319.9852600097656,311.97821044921875,730819
2017-05-25,321.9366760253906,340.0361633300781,319.10711669921875,337.7920227050781,329.33941650390625,540797
2017-05-26,333.88916015625,352.62286376953125,331.7425842285156,350.72021484375,341.944091796875,510760
2017-05-29,352.8667907714844,354.86700439453125,333.7915954589844,340.2312927246094,331.7176208496094,1149185
2017-05-30,338.6213684082031,340.2312927246094,331.4986572265625,334.52337646484375,326.1525573730469,85041
2017-05-31,334.52337646484375,351.1593017578125,330.230224609375,333.7427978515625,325.3915100097656,216896
2017-06-01,334.181884765625,339.84100341796875,332.2304382324219,333.1573791503906,324.8207092285156,73953
2017-06-02,333.7915954589844,349.2078552246094,333.7915954589844,343.5975036621094,334.9996032714844,613276
2017-06-05,346.3782958984375,353.2082824707031,343.7438659667969,348.9151611328125,340.1841735839844,433975
2017-06-06,351.2568664550781,352.135009765625,345.9880065917969,348.96392822265625,340.23175048828125,177470
2017-06-07,351.2568664550781,358.08685302734375,346.6222229003906,349.2078552246094,340.46954345703125,592610
2017-06-08,351.20806884765625,352.8667907714844,346.3782958984375,347.84185791015625,339.1377258300781,105285
2017-06-09,350.37872314453125,350.37872314453125,340.13372802734375,341.4997253417969,332.9543151855469,236739
2017-06-12,341.4997253417969,346.03680419921875,337.1090087890625,339.98736572265625,331.47979736328125,117875
2017-06-13,340.5240173339844,343.451171875,333.40130615234375,335.1575927734375,326.7709045410156,259253
2017-06-14,337.4017333984375,342.9145202636719,334.718505859375,340.8167419433594,332.28839111328125,152970
2017-06-15,342.2803039550781,343.0608825683594,335.64544677734375,337.20660400390625,328.76861572265625,100373
2017-06-16,339.5483093261719,341.4997253417969,334.0355224609375,335.5966491699219,327.1989440917969,99309
2017-06-19,335.01123046875,341.3045959472656,335.01123046875,338.37744140625,329.9101257324219,92194
2017-06-20,339.49951171875,340.3288879394531,331.8401794433594,333.10858154296875,324.7731628417969,115415
2017-06-21,333.69403076171875,337.59686279296875,329.3033142089844,334.0355224609375,325.6768798828125,156040
2017-06-22,335.64544677734375,336.8650817871094,331.2547302246094,331.7425842285156,323.44134521484375,131587
2017-06-23,331.5474548339844,334.0843200683594,319.64373779296875,320.42431640625,312.4062805175781,108574
2017-06-27,323.15631103515625,324.57110595703125,313.3016052246094,316.71661376953125,308.7913513183594,281930
2017-06-28,318.0338134765625,324.91259765625,316.13116455078125,317.1556701660156,309.21942138671875,118772
2017-06-29,319.8388977050781,326.81524658203125,317.350830078125,323.7417297363281,315.64068603515625,181042
2017-06-30,322.961181640625,322.961181640625,317.1556701660156,318.81439208984375,310.8366394042969,73815
2017-07-03,321.7903137207031,324.91259765625,318.18017578125,320.2779541015625,312.2635803222656,49352
2017-07-04,321.6927490234375,324.91259765625,314.2285461425781,316.5214538574219,308.60107421875,93233
2017-07-05,316.13116455078125,318.18017578125,311.8868103027344,313.49676513671875,305.6520690917969,109075
2017-07-06,316.0335998535156,324.91259765625,314.6676025390625,322.7660217285156,314.6893615722656,253962
2017-07-07,321.9854736328125,322.961181640625,319.594970703125,320.61944580078125,312.59649658203125,60573
2017-07-10,321.9854736328125,324.91259765625,317.1069030761719,322.66845703125,314.5942687988281,18670
2017-07-11,333.4988708496094,336.5235900878906,328.0348815917969,330.9620361328125,322.6802978515625,446117
2017-07-12,332.2304382324219,334.5721740722656,322.961181640625,325.741943359375,317.5908508300781,185479
2017-07-13,327.986083984375,329.4984436035156,318.18017578125,322.47332763671875,314.4040222167969,170037
2017-07-14,320.42431640625,334.6209411621094,318.6192626953125,330.86444091796875,322.58514404296875,212158
2017-07-17,328.27880859375,333.69403076171875,324.91259765625,328.62030029296875,320.3971252441406,136209
2017-07-18,327.7421569824219,330.7668762207031,320.5706787109375,323.9368896484375,315.8309631347656,141147
2017-07-19,324.91259765625,329.693603515625,323.79052734375,325.0101623535156,316.8773498535156,66487
2017-07-20,327.0591735839844,329.693603515625,323.1075439453125,327.2543029785156,319.0653381347656,141166
2017-07-21,329.5472412109375,332.71832275390625,325.8883056640625,328.6690979003906,320.4447326660156,177362
2017-07-24,328.62030029296875,345.402587890625,326.03466796875,330.230224609375,321.9668273925781,422706
2017-07-25,330.230224609375,333.69403076171875,326.2298278808594,327.8885192871094,319.6837158203125,129421
2017-07-26,327.449462890625,333.40130615234375,327.449462890625,332.3768005371094,324.0596923828125,78776
2017-07-27,331.8401794433594,336.1820983886719,328.62030029296875,330.9132385253906,325.306640625,161749
2017-07-28,327.1079406738281,331.4010925292969,326.864013671875,327.5470275878906,321.9974670410156,35142
2017-07-31,327.8397521972656,329.7911682128906,315.8384704589844,319.7413330078125,314.323974609375,74477
2017-08-01,319.93646240234375,321.9854736328125,313.49676513671875,315.2042541503906,309.86376953125,80480
2017-08-02,315.5457458496094,324.91259765625,315.15545654296875,321.0097351074219,315.5708923339844,196982
2017-08-03,321.88787841796875,327.8397521972656,318.2777404785156,320.2779541015625,314.85150146484375,455388
2017-08-04,317.1069030761719,322.66845703125,313.69189453125,317.98504638671875,312.59747314453125,79734
2017-08-07,322.66845703125,326.6200866699219,320.1803894042969,323.8880920410156,318.4005126953125,83518
2017-08-08,323.9856872558594,330.2790222167969,318.0826110839844,321.839111328125,316.38623046875,166419
2017-08-09,321.839111328125,322.66845703125,309.00848388671875,312.1795349121094,306.89031982421875,69395
2017-08-10,310.7647399902344,312.7161865234375,292.71405029296875,294.95819091796875,289.9607238769531,140315
2017-08-11,292.71405029296875,306.61798095703125,288.0306396484375,299.2513427734375,294.1811828613281,145761
2017-08-14,305.1056213378906,312.22833251953125,292.665283203125,297.34869384765625,292.31072998046875,425573
2017-08-16,297.5438232421875,310.2768859863281,297.5438232421875,307.788818359375,302.5740051269531,176565
2017-08-17,307.3497619628906,322.375732421875,307.3497619628906,320.91217041015625,315.4750061035156,184044
2017-08-18,321.0097351074219,324.2296142578125,312.7161865234375,321.5951843261719,316.1464538574219,79810
2017-08-21,327.7421569824219,330.7668762207031,318.0826110839844,319.594970703125,314.18011474609375,120657
2017-08-22,321.88787841796875,326.5713195800781,317.2044677734375,325.205322265625,319.6954345703125,75596
2017-08-23,331.44989013671875,342.52423095703125,327.8397521972656,331.2547302246094,325.642333984375,384800
2017-08-24,328.8154602050781,341.25579833984375,328.8154602050781,331.937744140625,326.31378173828125,252283
2017-08-28,332.2304382324219,336.62115478515625,327.5470275878906,332.6207275390625,326.98516845703125,131338
2017-08-29,332.3280334472656,334.37701416015625,326.2785949707031,328.91302490234375,323.3403015136719,190941
2017-08-30,331.4010925292969,335.1575927734375,327.93731689453125,333.84039306640625,328.1841735839844,123626
2017-08-31,335.4503173828125,345.3050231933594,331.7425842285156,339.6458740234375,333.8913269042969,575178
2017-09-01,341.40216064453125,344.2317199707031,332.27923583984375,333.4988708496094,327.84844970703125,103270
2017-09-04,333.9379577636719,340.42645263671875,331.7913818359375,337.0114440917969,331.301513671875,171223
2017-09-05,336.8163146972656,339.0604553222656,333.7915954589844,335.4503173828125,329.766845703125,55521
2017-09-06,336.13330078125,336.6699523925781,330.815673828125,335.1087951660156,329.4310607910156,50013
2017-09-07,336.62115478515625,340.6703796386719,329.1569519042969,331.44989013671875,325.83416748046875,131620
2017-09-08,332.71832275390625,339.2555847167969,330.18145751953125,337.4017333984375,331.6851806640625,102267
2017-09-11,337.4992980957031,362.6239318847656,336.3772277832031,358.9162292480469,352.8351745605469,1059978
2017-09-12,362.3800048828125,371.7468566894531,360.18463134765625,368.5757751464844,362.3310241699219,682178
2017-09-13,370.28326416015625,370.72235107421875,361.9897155761719,363.7460021972656,357.5831298828125,152442
2017-09-14,366.8682861328125,398.0423278808594,364.2338562011719,393.0661926269531,386.4065246582031,1312475
2017-09-15,394.1882629394531,401.01824951171875,377.2108459472656,380.1379699707031,373.69732666015625,694592
2017-09-18,383.6017761230469,401.6036682128906,381.5039978027344,391.8465576171875,385.2075500488281,850300
2017-09-19,394.773681640625,396.481201171875,377.8450622558594,379.84527587890625,373.40960693359375,304026
2017-09-20,382.5284729003906,387.2119140625,368.966064453125,373.5519104003906,367.22283935546875,215950
2017-09-21,378.28411865234375,382.2845458984375,365.892578125,367.4537048339844,361.22796630859375,404602
2017-09-22,367.06341552734375,387.0167541503906,360.33099365234375,364.28265380859375,358.11065673828125,790319
2017-09-25,364.9168395996094,365.40472412109375,332.71832275390625,349.0615234375,343.1474304199219,352485
2017-09-26,350.9641418457031,359.06256103515625,343.8414306640625,349.7445068359375,343.81884765625,317658
2017-09-27,351.2568664550781,365.79498291015625,343.5487365722656,346.6710205078125,340.79742431640625,509947
2017-09-28,348.9151611328125,354.379150390625,343.6950988769531,348.3297119140625,342.4280090332031,138168
2017-09-29,350.18359375,353.6473693847656,341.7924499511719,344.47564697265625,338.6392517089844,139608
2017-10-03,348.7200012207031,361.30670166015625,343.93902587890625,354.03765869140625,348.03924560546875,414104
2017-10-04,356.4769287109375,359.989501953125,349.2078552246094,350.6226501464844,344.6820983886719,185736
2017-10-05,351.6959228515625,362.86785888671875,351.6959228515625,357.7941589355469,351.73211669921875,245294
2017-10-06,359.9407043457031,364.9168395996094,357.11114501953125,357.745361328125,351.6841125488281,209433
2017-10-09,360.6724853515625,387.84613037109375,359.06256103515625,379.84527587890625,373.40960693359375,1111041
2017-10-10,383.35784912109375,399.847412109375,370.91748046875,377.45477294921875,371.0596008300781,1020779
2017-10-11,378.0889892578125,385.2604675292969,365.9901428222656,367.4537048339844,361.22796630859375,519983
2017-10-12,370.2344970703125,371.55169677734375,363.2581481933594,366.4779968261719,360.268798828125,164605
2017-10-13,368.7221374511719,385.4068298339844,367.843994140625,383.21148681640625,376.7187805175781,581394
2017-10-16,383.4554138183594,392.2368469238281,381.3576354980469,387.5046081542969,380.9391784667969,384908
2017-10-17,387.55340576171875,406.77496337890625,381.79669189453125,404.67718505859375,397.8207702636719,1191424
2017-10-18,407.4091796875,418.0444641113281,401.99395751953125,408.4824523925781,401.56158447265625,1055825
2017-10-19,409.5557556152344,409.7021179199219,394.0419006347656,399.89617919921875,393.1208190917969,111925
2017-10-23,400.9206848144531,405.5553283691406,391.06597900390625,394.5297546386719,387.84527587890625,166165
2017-10-24,393.60284423828125,393.8955383300781,374.6739807128906,377.7962646484375,371.39532470703125,310524
2017-10-25,380.4306945800781,380.52825927734375,368.8684997558594,371.6492919921875,365.3525085449219,155509
2017-10-26,373.6982727050781,383.4554138183594,371.7468566894531,380.0892028808594,373.6494140625,255316
2017-10-27,380.0404052734375,382.430908203125,373.6982727050781,375.21063232421875,368.8534851074219,132568
2017-10-30,381.308837890625,385.30926513671875,373.7470703125,375.9424133300781,369.5728454589844,343868
2017-10-31,378.0889892578125,384.18719482421875,376.6741943359375,378.57684326171875,372.16265869140625,175099
2017-11-01,380.52825927734375,383.35784912109375,375.6496887207031,377.0644836425781,370.6759033203125,201239
2017-11-02,378.0889892578125,384.4311218261719,377.60113525390625,382.91876220703125,376.4310302734375,262795
2017-11-03,383.4554138183594,387.26068115234375,377.74749755859375,383.50421142578125,377.0065612792969,171532
2017-11-06,380.2355651855469,390.1390380859375,378.57684326171875,383.7481384277344,377.2463684082031,124277
2017-11-07,385.3580627441406,387.26068115234375,369.0148620605469,371.9419860839844,365.64019775390625,119026
2017-11-08,374.6252136230469,376.52783203125,366.38043212890625,370.088134765625,363.8177795410156,110648
2017-11-09,372.8689270019531,388.333984375,352.62286376953125,375.1130676269531,368.757568359375,883141
2017-11-10,375.1130676269531,402.8721008300781,370.7711486816406,397.0666198730469,390.3391418457031,819729
2017-11-13,397.1153869628906,413.7025451660156,392.2368469238281,396.23724365234375,389.52386474609375,431957
2017-11-14,399.0180358886719,408.9703063964844,399.0180358886719,403.213623046875,396.38201904296875,330832
2017-11-15,403.9454040527344,406.3846740722656,384.04083251953125,395.1639709472656,388.46875,161145
2017-11-16,399.9449768066406,399.9449768066406,390.285400390625,391.407470703125,384.7759094238281,118202
2017-11-17,394.1882629394531,396.52996826171875,388.9194030761719,390.9684143066406,384.3442687988281,70529
2017-11-20,391.2611083984375,404.9211120605469,391.2611083984375,398.0423278808594,391.29833984375,237176
2017-11-21,399.06683349609375,406.9700927734375,397.603271484375,398.48138427734375,391.7299499511719,131231
2017-11-22,399.06683349609375,407.6531066894531,398.5789794921875,404.0917663574219,397.24530029296875,134041
2017-11-23,404.4332580566406,459.5610656738281,402.9696960449219,453.1701354980469,445.4921569824219,2058424
2017-11-24,457.6096496582031,468.09857177734375,442.0957946777344,462.1466979980469,454.3166198730469,1125918
2017-11-27,460.1952819824219,485.90533447265625,450.7796325683594,479.17291259765625,471.0543212890625,1307422
2017-11-28,474.68463134765625,489.3203125,465.26898193359375,482.53912353515625,474.3634948730469,848201
2017-11-29,479.1241149902344,483.9538879394531,461.1221923828125,468.09857177734375,460.1676330566406,262178
2017-11-30,466.1471252441406,473.0259094238281,444.24237060546875,455.658203125,447.9380187988281,367882
2017-12-01,449.0721435546875,458.2926330566406,434.2413024902344,438.19293212890625,430.7686767578125,239965
2017-12-04,439.0710754394531,450.82843017578125,433.8022155761719,442.8763732910156,435.372802734375,215598
2017-12-05,443.7545166015625,443.7545166015625,431.5093078613281,437.1684265136719,429.76153564453125,160964
2017-12-06,437.1196594238281,467.36676025390625,435.26580810546875,462.5857849121094,454.7482604980469,1144238
2017-12-07,470.3914794921875,484.7344665527344,469.5133361816406,480.636474609375,472.4931335449219,1353908
2017-12-08,478.099609375,480.5389099121094,466.39105224609375,470.4890441894531,462.5176086425781,282537
2017-12-11,472.0502014160156,490.5887451171875,465.4641418457031,479.31927490234375,471.1982421875,799013
2017-12-12,480.0510559082031,486.9786071777344,463.7078552246094,468.3424987792969,460.4074401855469,529548
2017-12-13,470.2939147949219,471.2696228027344,451.4138488769531,455.8533630371094,448.1298828125,267689
2017-12-14,458.5853576660156,462.97607421875,437.1196594238281,440.3395080566406,432.87890625,467050
2017-12-15,451.0235595703125,461.5124816894531,447.9012756347656,456.4875793457031,448.75335693359375,328998
2017-12-18,457.6096496582031,473.70892333984375,440.0467834472656,465.56170654296875,457.67376708984375,388016
2017-12-19,468.3424987792969,476.148193359375,463.46392822265625,465.0738525390625,457.1941833496094,237380
2017-12-20,468.48883056640625,481.41705322265625,466.4398498535156,470.4402770996094,462.46966552734375,450862
2017-12-21,473.8064880371094,478.0020446777344,464.8786926269531,467.36676025390625,459.4482421875,158570
2017-12-22,470.0987854003906,472.6844177246094,463.46392822265625,464.927490234375,457.0502624511719,106528
2017-12-26,466.97650146484375,468.1473388671875,459.5610656738281,462.2442626953125,454.4125061035156,134166
2017-12-27,463.46392822265625,482.880615234375,463.46392822265625,475.0749206542969,467.0257873535156,897445
2017-12-28,476.8312072753906,491.564453125,473.7576904296875,482.3439636230469,474.1716613769531,863526
2017-12-29,483.9538879394531,489.5154724121094,480.0510559082031,485.61260986328125,477.38494873046875,276438
2018-01-01,482.9781799316406,489.27154541015625,474.53826904296875,477.3678283691406,469.2798767089844,114745
2018-01-02,479.7095642089844,481.9049072265625,464.634765625,477.90447998046875,469.8074035644531,162992
2018-01-03,478.099609375,535.3740234375,475.66033935546875,520.494384765625,511.67572021484375,1638858
2018-01-04,531.7638549804688,538.5938720703125,519.372314453125,527.226806640625,518.2940673828125,861894
2018-01-05,528.7879638671875,570.4996948242188,528.7879638671875,553.86376953125,544.4796752929688,2245086
2018-01-08,554.2052612304688,562.9866943359375,541.5697631835938,547.0825805664062,537.8134155273438,523381
2018-01-09,551.2293701171875,564.3527221679688,540.8867797851562,546.00927734375,536.75830078125,426716
2018-01-10,546.3995971679688,557.0836181640625,528.3976440429688,533.7640991210938,524.7205810546875,298665
2018-01-11,534.9837036132812,547.66796875,533.3250122070312,536.8863525390625,527.7899169921875,342775
2018-01-12,539.569580078125,546.3995971679688,534.8861694335938,543.8627319335938,534.6481323242188,287700
2018-01-15,547.960693359375,548.009521484375,531.7638549804688,534.1543579101562,525.1041870117188,153254
2018-01-16,538.4962768554688,551.1317749023438,531.7638549804688,536.1546020507812,527.0706176757812,492411
2018-01-17,536.1546020507812,536.6424560546875,519.6650390625,525.0314331054688,516.1358642578125,329296
2018-01-18,528.5440063476562,548.25341796875,512.2495727539062,516.83544921875,508.07879638671875,558344
2018-01-19,518.2990112304688,526.8364868164062,490.9790344238281,517.8599243164062,509.0858459472656,350121
2018-01-22,520.8358764648438,522.738525390625,506.39532470703125,509.0297546386719,500.40533447265625,139737
2018-01-23,509.32244873046875,526.2022705078125,509.32244873046875,514.3473510742188,505.6328125,314561
2018-01-24,514.2010498046875,521.5188598632812,514.2010498046875,516.4939575195312,507.7430725097656,254020
2018-01-25,517.128173828125,517.128173828125,496.63818359375,499.711669921875,491.2451171875,127920
2018-01-29,498.589599609375,512.2495727539062,482.0024719238281,484.34417724609375,476.13800048828125,228757
2018-01-30,484.34417724609375,486.88104248046875,469.415771484375,483.17333984375,474.98699951171875,194644
2018-01-31,482.0024719238281,499.5653076171875,470.2939147949219,476.2457580566406,468.1767883300781,216542
2018-02-01,477.90447998046875,486.2956237792969,458.5853576660156,459.2195739746094,451.4390869140625,296945
2018-02-02,456.6339111328125,456.6339111328125,421.4594421386719,430.0457458496094,422.7595520019531,530675
2018-02-05,417.16632080078125,434.1925048828125,395.70062255859375,421.9472961425781,414.7983093261719,481719
2018-02-06,401.01824951171875,441.02252197265625,390.285400390625,435.94879150390625,428.5625915527344,382841
2018-02-07,444.1935729980469,480.0510559082031,444.1935729980469,477.4166259765625,469.32781982421875,1328842
2018-02-08,482.8318176269531,506.0538024902344,466.5862121582031,497.76025390625,489.3267517089844,1579715
2018-02-09,478.099609375,531.7638549804688,474.2943420410156,523.9581298828125,515.0807495117188,1252286
2018-02-12,530.4954223632812,543.1309204101562,497.467529296875,501.5167541503906,493.0196228027344,826950
2018-02-14,505.80987548828125,517.128173828125,497.6138916015625,500.7361755371094,492.25225830078125,487585
2018-02-15,504.2487487792969,511.2738952636719,482.9781799316406,487.66162109375,479.3992614746094,253605
2018-02-16,496.1015319824219,497.41876220703125,479.4656066894531,493.27197265625,484.91455078125,354060
2018-02-19,490.7839050292969,499.07745361328125,480.14862060546875,494.1988830566406,485.8257141113281,391056
2018-02-20,492.7353210449219,501.419189453125,485.90533447265625,490.2960510253906,481.989013671875,222989
2018-02-21,493.6622619628906,495.0770263671875,484.49053955078125,490.6375427246094,482.3247375488281,107422
2018-02-22,486.88104248046875,499.51654052734375,483.1245422363281,488.1982421875,479.9267883300781,289904
2018-02-23,491.7596130371094,498.9798889160156,484.92962646484375,493.32073974609375,484.96246337890625,304584
2018-02-26,496.83331298828125,519.372314453125,491.80841064453125,516.25,507.5032958984375,773989
2018-02-27,520.9334716796875,532.4468383789062,509.32244873046875,526.9828491210938,518.05419921875,718781
2018-02-28,521.031005859375,525.3241577148438,508.8833923339844,514.7376708984375,506.0165100097656,253518
2018-03-01,515.8109741210938,534.3983154296875,515.2255249023438,523.9093627929688,515.0328369140625,517244
2018-03-05,525.0314331054688,538.5450439453125,513.2252807617188,533.2762451171875,524.2410278320312,470830
2018-03-06,537.6181640625,562.9866943359375,533.7152709960938,554.156494140625,544.7674560546875,1142138
2018-03-07,555.1322021484375,562.010986328125,534.9349365234375,539.3744506835938,530.2359008789062,747216
2018-03-08,542.6918334960938,556.937255859375,539.9598388671875,551.0341796875,541.6980590820312,644921
2018-03-09,556.5469970703125,559.9619750976562,546.6434936523438,552.0587158203125,542.7052612304688,368508
2018-03-12,557.1324462890625,569.8167114257812,553.3759155273438,562.547607421875,553.0164794921875,528858
2018-03-13,563.96240234375,608.84521484375,550.9854125976562,596.8439331054688,586.731689453125,1354844
2018-03-14,592.2581176757812,617.3339233398438,587.1843872070312,606.2108154296875,595.9398193359375,1088026
2018-03-15,606.1620483398438,618.99267578125,590.5505981445312,597.5757446289062,587.4511108398438,1032072
2018-03-16,595.673095703125,610.796630859375,565.1820678710938,572.109619140625,562.4163818359375,586382
2018-03-19,576.6466674804688,585.33056640625,535.91064453125,544.0090942382812,534.7919921875,648707
2018-03-20,539.8623046875,560.7425537109375,530.8369140625,539.9110717773438,530.763427734375,714095
2018-03-21,545.8141479492188,554.5955810546875,533.5201416015625,537.325439453125,528.2216186523438,454194
2018-03-22,539.569580078125,553.1320190429688,518.3966064453125,522.2018432617188,513.354248046875,782351
2018-03-23,507.37103271484375,527.8610229492188,500.5410461425781,519.2259521484375,510.4288024902344,634826
2018-03-26,520.1040649414062,552.15625,520.1040649414062,548.1558227539062,538.8684692382812,761611
2018-03-27,553.619873046875,567.8652954101562,551.375732421875,558.6935424804688,549.2276611328125,598303
2018-03-28,555.6688232421875,561.0352783203125,544.4969482421875,550.3999633789062,541.0745849609375,289357
2018-04-02,551.375732421875,566.8407592773438,551.375732421875,560.7425537109375,551.241943359375,257766
2018-04-03,561.0352783203125,622.5052490234375,558.4984130859375,605.3814697265625,595.12451171875,1425033
2018-04-04,624.1151733398438,647.873779296875,588.355224609375,594.2095336914062,584.1419677734375,3107403
2018-04-05,604.9423828125,618.8950805664062,597.2342529296875,603.1373291015625,592.91845703125,783087
2018-04-06,598.1123657226562,616.6509399414062,586.40380859375,590.0139770507812,580.0174560546875,779463
2018-04-09,594.9901123046875,611.2845458984375,591.8190307617188,603.3324584960938,593.1102294921875,1194248
2018-04-10,605.47900390625,611.3333129882812,596.209716796875,606.893798828125,596.6112670898438,479562
2018-04-11,609.723388671875,618.6023559570312,597.1366577148438,607.2352905273438,596.947021484375,668975
2018-04-12,606.893798828125,612.4553833007812,599.575927734375,603.6251831054688,593.3980712890625,262594
2018-04-13,606.893798828125,610.5039672851562,601.03955078125,602.8446044921875,592.6306762695312,267685
2018-04-16,602.0152587890625,617.6266479492188,600.0637817382812,603.6739501953125,593.4459838867188,723722
2018-04-17,629.335205078125,654.7037963867188,624.4566650390625,637.5311889648438,626.7295532226562,6157792
2018-04-18,642.0194702148438,642.9464111328125,629.8230590820312,633.6283569335938,622.8928833007812,647245
2018-04-19,637.0921630859375,637.1409301757812,622.4076538085938,628.9449462890625,618.288818359375,460986
2018-04-20,631.2378540039062,633.2380981445312,622.5052490234375,628.0180053710938,617.3776245117188,209069
2018-04-23,631.2378540039062,677.9257202148438,622.4076538085938,665.4366455078125,654.1622314453125,1424178
2018-04-24,670.0224609375,688.6585693359375,644.0684814453125,650.36181640625,639.3428344726562,1333243
2018-04-25,649.8251953125,657.6309204101562,629.6279296875,638.1166381835938,627.30517578125,399907
2018-04-26,643.7757568359375,646.8980712890625,629.335205078125,635.1406860351562,624.3795776367188,255690
2018-04-27,639.0435791015625,646.8980712890625,635.2870483398438,637.9215087890625,627.11328125,313417
2018-04-30,639.0923461914062,644.8978271484375,631.33544921875,640.2144165039062,629.3673095703125,251183
2018-05-02,639.2387084960938,641.0437622070312,613.040771484375,621.5783081054688,611.0469970703125,235226
2018-05-03,627.2861938476562,633.3356323242188,620.6026000976562,624.310302734375,613.732666015625,194152
2018-05-04,624.4566650390625,628.7009887695312,615.1873779296875,622.35888671875,611.8143310546875,163249
2018-05-07,626.0177612304688,651.4351196289062,617.1387939453125,647.7761840820312,636.801025390625,722395
2018-05-08,651.4351196289062,659.7774658203125,639.0923461914062,654.3134765625,643.2275390625,494922
2018-05-09,647.04443359375,651.4351196289062,640.3607788085938,643.67822265625,632.7724609375,187872
2018-05-10,644.2636108398438,645.044189453125,616.3582153320312,620.1635131835938,609.6561889648438,260278
2018-05-11,620.7001342773438,629.2376708984375,605.0399780273438,609.6257934570312,599.2969970703125,224459
2018-05-14,612.6505126953125,632.2623291015625,597.2342529296875,602.6982421875,592.48681640625,413408
2018-05-15,600.0637817382812,610.3087768554688,590.3067016601562,593.428955078125,583.3746337890625,285730
2018-05-16,591.0872192382812,606.64990234375,576.9881591796875,589.2333984375,579.2501220703125,434163
2018-05-17,591.2824096679688,599.0880737304688,573.0365600585938,580.3543701171875,570.521484375,311157
2018-05-18,579.5738525390625,586.40380859375,566.8895263671875,568.45068359375,558.8195190429688,244822
2018-05-21,570.7924194335938,590.5505981445312,567.9140625,582.1594848632812,572.2960205078125,276201
2018-05-22,586.696533203125,603.5763549804688,575.8660888671875,590.2578735351562,580.2572631835938,870984
2018-05-23,609.8209228515625,626.4080810546875,552.5953369140625,568.45068359375,558.8195190429688,4309123
2018-05-24,569.9630737304688,584.4036254882812,540.2037963867188,549.6194458007812,540.3073120117188,1120366
2018-05-25,565.913818359375,573.7195434570312,547.3753051757812,552.497802734375,543.136962890625,1036653
2018-05-28,556.5469970703125,562.8890991210938,538.5938720703125,541.1307373046875,531.9624633789062,500505
2018-05-29,543.76513671875,546.9849853515625,531.8126220703125,536.3009033203125,527.2144165039062,450460
2018-05-30,532.6420288085938,538.5938720703125,526.8853149414062,528.2512817382812,519.3011474609375,295812
2018-05-31,528.8367309570312,535.4715576171875,511.56658935546875,520.6407470703125,511.8195495605469,437216
2018-06-01,526.7877197265625,540.5452880859375,508.5906677246094,525.275390625,516.375732421875,880362
2018-06-04,529.3245849609375,532.1541748046875,514.2010498046875,516.5914916992188,507.8389892578125,330643
2018-06-05,515.1767578125,531.7638549804688,446.0962219238281,479.31927490234375,471.1982421875,1695646
2018-06-06,479.7583312988281,535.666748046875,463.46392822265625,522.982421875,514.1216430664062,1663828
2018-06-07,528.348876953125,536.3984985351562,518.2990112304688,523.3239135742188,514.4573364257812,787419
2018-06-08,520.1528930664062,520.3967895507812,503.8096618652344,511.6641540527344,502.9950866699219,444225
2018-06-11,513.2252807617188,523.4702758789062,509.6639404296875,514.7864379882812,506.064453125,336687
2018-06-12,517.128173828125,531.7638549804688,509.9078674316406,524.8363037109375,515.944091796875,743160
2018-06-13,524.9338989257812,527.6658935546875,511.56658935546875,515.71337890625,506.9757385253906,258876
2018-06-14,515.5182495117188,522.0067138671875,507.37103271484375,520.5431518554688,511.72369384765625,280825
2018-06-15,521.9579467773438,533.6177368164062,509.4200134277344,524.5435791015625,515.6563110351562,900434
2018-06-18,524.8850708007812,529.71484375,519.8601684570312,525.0802001953125,516.183837890625,349880
2018-06-19,522.7872924804688,539.0817260742188,519.2259521484375,523.5191040039062,514.6492309570312,975599
2018-06-20,524.4459838867188,529.2758178710938,519.2747192382812,524.1044921875,515.2246704101562,213285
2018-06-21,523.9581298828125,528.2512817382812,512.7374267578125,518.6893310546875,509.9012145996094,229710
2018-06-22,519.908935546875,534.3007202148438,512.8350219726562,531.958984375,522.9461059570312,538754
2018-06-25,528.8367309570312,534.6909790039062,521.031005859375,525.2265625,516.3277587890625,210416
2018-06-26,522.4945678710938,528.4464111328125,516.4451904296875,519.4210815429688,510.62060546875,298158
2018-06-27,519.9577026367188,522.8360595703125,502.541259765625,511.56658935546875,502.899169921875,330953
2018-06-28,511.517822265625,519.0308227539062,502.4924621582031,516.25,507.5032958984375,198267
2018-06-29,519.372314453125,534.6909790039062,517.3720703125,530.3978881835938,521.4114379882812,327036
2018-07-02,528.8367309570312,531.0808715820312,506.10260009765625,510.73724365234375,502.0838928222656,367824
2018-07-03,512.2008056640625,519.9577026367188,507.7613220214844,512.8837890625,504.1940612792969,429077
2018-07-04,513.1277465820312,522.4945678710938,506.8831787109375,509.3712463378906,500.7410583496094,322788
2018-07-05,511.22509765625,513.2252807617188,502.4924621582031,506.24896240234375,497.6716613769531,210781
2018-07-06,508.2491760253906,513.713134765625,504.4438781738281,507.1758728027344,498.5828552246094,197697
2018-07-09,512.2495727539062,514.884033203125,507.566162109375,510.59088134765625,501.9400329589844,145977
2018-07-10,510.7860107421875,546.3507690429688,510.7860107421875,537.862060546875,528.7491455078125,824330
2018-07-11,536.9351196289062,544.4481201171875,524.9338989257812,528.3976440429688,519.445068359375,448928
2018-07-12,531.0321044921875,560.8401489257812,530.3978881835938,550.3024291992188,540.9786987304688,1573696
2018-07-13,547.3753051757812,548.546142578125,533.0322875976562,536.9839477539062,527.8858642578125,383956
2018-07-16,536.9839477539062,538.15478515625,502.4924621582031,511.4690246582031,502.80328369140625,338759
2018-07-17,512.1520385742188,517.8599243164062,505.907470703125,511.8105163574219,503.1389465332031,204179
2018-07-18,516.4451904296875,520.9822387695312,509.32244873046875,512.3959350585938,503.7144775390625,258867
2018-07-19,515.1767578125,522.0067138671875,507.566162109375,511.71295166015625,503.0430603027344,220909
2018-07-20,511.2738952636719,546.3995971679688,508.5418701171875,530.8369140625,521.8430786132812,864045
2018-07-23,538.5938720703125,626.4080810546875,534.6909790039062,560.2546997070312,550.7623291015625,5083673
2018-07-24,560.1571044921875,630.2621459960938,557.9129638671875,615.7239990234375,605.2918701171875,2505846
2018-07-25,628.7009887695312,641.43408203125,609.9185180664062,616.5533447265625,606.107177734375,1544302
2018-07-26,610.796630859375,615.7728271484375,577.134521484375,582.3058471679688,572.43994140625,782408
2018-07-27,580.5983276367188,605.9180908203125,566.5480346679688,594.5022583007812,584.4297485351562,1343690
2018-07-30,594.014404296875,603.6739501953125,580.84228515625,593.7704467773438,583.7102661132812,639412
2018-07-31,594.9413452148438,604.649658203125,587.1843872070312,597.5757446289062,587.4511108398438,612110
2018-08-01,600.0637817382812,601.5274047851562,587.0380249023438,592.7947387695312,582.7510986328125,511675
2018-08-02,589.0870361328125,595.0388793945312,576.6466674804688,581.8179931640625,575.2744140625,298307
2018-08-03,583.4766845703125,601.5274047851562,583.4766845703125,589.9163818359375,583.2816772460938,686087
2018-08-06,595.1852416992188,612.9920043945312,593.4777221679688,603.0397338867188,596.2574462890625,806313
2018-08-07,605.9180908203125,613.7238159179688,600.4053344726562,603.8203125,597.0292358398438,350890
2018-08-08,600.161376953125,612.4553833007812,596.6000366210938,608.7964477539062,601.949462890625,318506
2018-08-09,613.626220703125,632.2623291015625,601.1370849609375,612.21142578125,605.3259887695312,2209593
2018-08-10,612.7481079101562,620.5537719726562,588.355224609375,591.8677978515625,585.2111206054688,811558
2018-08-13,551.2781372070312,567.035888671875,537.6181640625,543.8627319335938,537.7460327148438,1372214
2018-08-14,544.4481201171875,558.108154296875,539.1792602539062,545.0823364257812,538.951904296875,928948
2018-08-16,545.0823364257812,554.2052612304688,524.9338989257812,526.93408203125,521.0078125,655667
2018-08-17,532.54443359375,539.7159423828125,529.3733520507812,531.958984375,525.9761352539062,307666
2018-08-20,535.666748046875,541.0331420898438,531.129638671875,535.0325317382812,529.01513671875,341964
2018-08-21,537.910888671875,539.0817260742188,529.2758178710938,530.7393798828125,524.770263671875,248189
2018-08-23,530.7881469726562,550.253662109375,529.4221801757812,545.5701904296875,539.4342651367188,762597
2018-08-24,547.8631591796875,553.7174072265625,542.1064453125,551.9611206054688,545.7532958984375,344407
2018-08-27,555.0346069335938,559.8156127929688,537.6181640625,540.106201171875,534.03173828125,325982
2018-08-28,543.472412109375,543.472412109375,524.0069580078125,528.934326171875,522.9854736328125,359419
2018-08-29,530.7881469726562,538.3987426757812,527.6170654296875,530.4954223632812,524.529052734375,361292
2018-08-30,531.6663208007812,536.5448608398438,529.0318603515625,531.715087890625,525.7349853515625,289803
2018-08-31,529.8124389648438,557.3275756835938,529.6173095703125,552.9368286132812,546.7180786132812,843909
2018-09-03,551.5220336914062,562.4012451171875,546.9362182617188,556.693359375,550.4323120117188,470004
2018-09-04,560.0595703125,560.9865112304688,527.9585571289062,532.1541748046875,526.1691284179688,294141
2018-09-05,535.081298828125,543.521240234375,514.59130859375,523.6654663085938,517.7759399414062,271302
2018-09-06,530.6905517578125,533.7152709960938,523.03125,526.104736328125,520.187744140625,159106
2018-09-07,527.8610229492188,532.3980712890625,516.006103515625,521.8115844726562,515.94287109375,233552
2018-09-10,520.9334716796875,531.2760009765625,515.9573364257812,519.908935546875,514.0615844726562,277153
2018-09-11,521.031005859375,523.5191040039062,508.9321594238281,512.9813842773438,507.2120056152344,217683
2018-09-12,513.0301513671875,520.2992553710938,502.4924621582031,517.1769409179688,511.3603515625,274005
2018-09-14,522.0067138671875,531.4711303710938,519.1771850585938,526.6901245117188,520.7665405273438,202195
2018-09-17,526.8853149414062,533.373779296875,518.1038818359375,528.7391357421875,522.79248046875,199544
2018-09-18,525.519287109375,531.178466796875,517.8111572265625,519.6650390625,513.8204956054688,112739
2018-09-19,521.7139892578125,525.9096069335938,510.10302734375,513.713134765625,507.9355163574219,114729
2018-09-21,513.713134765625,521.4213256835938,492.2474670410156,503.56573486328125,497.9022216796875,263107
2018-09-24,504.3463134765625,516.1036376953125,487.85675048828125,503.8096618652344,498.1434020996094,240322
2018-09-25,502.3948974609375,502.3948974609375,473.2210388183594,490.8326721191406,485.3123779296875,354740
2018-09-26,492.7353210449219,498.589599609375,467.0252685546875,479.9534912109375,474.5555419921875,480608
2018-09-27,483.9538879394531,489.8081970214844,474.53826904296875,479.6119689941406,474.2178649902344,275063
2018-09-28,482.7830505371094,500.3946838378906,475.1724853515625,490.3448181152344,484.83001708984375,545084
2018-10-01,490.3448181152344,499.4189758300781,470.4402770996094,488.3446044921875,482.852294921875,377303
2018-10-03,490.7839050292969,497.5163269042969,480.5389099121094,483.66119384765625,478.2215576171875,172050
2018-10-04,478.099609375,487.7591857910156,469.3669738769531,484.1978454589844,478.7521667480469,141777
2018-10-05,482.9781799316406,482.9781799316406,458.5853576660156,476.8799743652344,471.5166015625,375864
2018-10-08,471.6111145019531,474.39190673828125,461.36614990234375,465.9519958496094,460.7115173339844,199403
2018-10-09,468.8303527832031,487.7591857910156,465.9519958496094,483.0757751464844,477.6427307128906,230138
2018-10-10,487.85675048828125,505.4195861816406,486.88104248046875,495.9064025878906,490.32904052734375,303454
2018-10-11,486.88104248046875,486.88104248046875,472.781982421875,479.3680419921875,473.9766540527344,131952
2018-10-12,486.7834777832031,495.6624755859375,483.51483154296875,486.53955078125,481.0675354003906,154303
2018-10-15,490.5887451171875,496.5406188964844,486.4419860839844,490.6375427246094,485.1194152832031,82953
2018-10-16,493.1256103515625,522.0067138671875,489.613037109375,518.3966064453125,512.5662841796875,439111
2018-10-17,524.9338989257812,530.7881469726562,497.6138916015625,502.6388244628906,496.9857482910156,225841
2018-10-19,500.5410461425781,508.34674072265625,485.0271911621094,489.5154724121094,484.0099792480469,105774
2018-10-22,493.1256103515625,495.56488037109375,477.8556823730469,480.3925476074219,474.9896545410156,93339
2018-10-23,475.22125244140625,489.7593994140625,474.2943420410156,478.3435363769531,472.9637145996094,137644
2018-10-24,482.9781799316406,485.90533447265625,477.1239013671875,483.0757751464844,477.6427307128906,79716
2018-10-25,479.0753479003906,481.0267639160156,467.2204284667969,470.7817687988281,465.4869689941406,412713
2018-10-26,471.2696228027344,473.7576904296875,459.1707763671875,461.4149169921875,456.2254638671875,200434
2018-10-29,461.5124816894531,469.3182067871094,440.9737243652344,451.5114440917969,446.4333801269531,520426
2018-10-30,458.5853576660156,465.3665466308594,452.2919921875,461.0246276855469,455.8395690917969,130303
2018-10-31,463.805419921875,478.099609375,462.87847900390625,472.8307800292969,467.512939453125,335166
2018-11-01,481.7097473144531,501.5167541503906,479.3680419921875,493.2231750488281,487.67596435546875,815264
2018-11-02,497.6138916015625,507.37103271484375,482.0024719238281,486.4419860839844,480.9710693359375,755319
2018-11-05,487.66162109375,498.54083251953125,485.90533447265625,493.4183349609375,487.8689270019531,174082
2018-11-06,495.6624755859375,504.7366027832031,486.0028991699219,489.5154724121094,484.0099792480469,182479
2018-11-07,492.7353210449219,493.7110290527344,486.1492614746094,490.0521240234375,484.54058837890625,20307
2018-11-09,490.68634033203125,497.2236022949219,485.9541015625,489.8081970214844,484.2994384765625,180986
2018-11-12,490.5887451171875,492.7353210449219,485.90533447265625,487.32012939453125,481.8393249511719,82199
2018-11-13,486.7834777832031,494.2476806640625,478.1484069824219,491.4668884277344,485.939453125,120467
2018-11-14,492.5401916503906,494.73553466796875,487.85675048828125,488.5885314941406,483.0934753417969,73842
2018-11-15,488.83245849609375,490.2960510253906,480.5389099121094,481.1731262207031,475.7614440917969,659503
2018-11-16,483.4660339355469,502.24853515625,480.636474609375,493.3695373535156,487.8207092285156,622713
2018-11-19,491.66204833984375,510.29815673828125,464.43963623046875,471.95263671875,466.6446838378906,1252173
2018-11-20,474.09918212890625,476.92877197265625,468.8303527832031,470.34271240234375,465.0528564453125,218759
2018-11-21,471.2208557128906,471.5135498046875,460.09771728515625,462.48822021484375,457.2867126464844,169245
2018-11-22,464.3420715332031,465.9031982421875,452.92620849609375,455.8533630371094,450.7264709472656,149257
2018-11-26,457.6096496582031,458.2438659667969,447.3646545410156,449.41363525390625,444.3591613769531,122965
2018-11-27,450.5845031738281,450.5845031738281,439.5589294433594,444.3399353027344,439.342529296875,140911
2018-11-28,446.19378662109375,462.0979309082031,444.92535400390625,459.8537902832031,454.6819152832031,264996
2018-11-29,462.48822021484375,467.36676025390625,456.6339111328125,461.0246276855469,455.8395690917969,170490
2018-11-30,461.4149169921875,472.5380554199219,458.1462707519531,461.36614990234375,456.17724609375,270617
2018-12-03,462.48822021484375,467.0740661621094,460.5367736816406,461.90277099609375,456.7078552246094,94297
2018-12-04,462.7809143066406,467.2691955566406,462.7809143066406,464.927490234375,459.6985168457031,86066
2018-12-05,462.6345520019531,463.46392822265625,458.6341247558594,461.3173522949219,456.1290283203125,108202
2018-12-06,458.48779296875,468.3424987792969,447.9500732421875,457.5120544433594,452.36651611328125,176457
2018-12-07,460.3416442871094,470.2939147949219,458.82928466796875,460.8782653808594,455.6948547363281,182301
2018-12-10,456.5363464355469,461.4149169921875,451.5114440917969,454.7312927246094,449.61700439453125,139761
2018-12-11,442.3397216796875,461.3173522949219,441.02252197265625,458.9268493652344,453.765380859375,100582
2018-12-12,460.3416442871094,472.58685302734375,460.09771728515625,463.2200012207031,458.01025390625,150089
2018-12-13,465.41534423828125,495.4185485839844,465.41534423828125,491.2717590332031,485.74652099609375,513526
2018-12-14,489.8081970214844,503.4681701660156,482.9781799316406,500.5410461425781,494.9115295410156,499891
2018-12-17,504.15118408203125,505.4195861816406,493.75982666015625,497.0284729003906,491.4384765625,110663
2018-12-18,496.4430236816406,503.4194030761719,489.95452880859375,497.41876220703125,491.8243713378906,133328
2018-12-19,497.7114562988281,512.639892578125,494.2964782714844,498.3456726074219,492.7408752441406,287333
2018-12-20,494.39404296875,509.32244873046875,494.3452453613281,504.4438781738281,498.7705078125,202829
2018-12-21,508.4443054199219,513.713134765625,490.8326721191406,494.1988830566406,488.6407165527344,232725
2018-12-24,496.0527648925781,499.5653076171875,487.85675048828125,491.1253967285156,485.601806640625,87770
2018-12-26,489.2227478027344,490.3448181152344,476.148193359375,483.36846923828125,477.9320983886719,96274
2018-12-27,496.345458984375,502.29730224609375,479.0753479003906,482.39276123046875,476.9673767089844,284845
2018-12-28,484.1002502441406,492.5889587402344,481.27069091796875,485.3199157714844,479.8616027832031,212772
2018-12-31,489.3203125,500.05316162109375,489.27154541015625,492.2474670410156,486.71124267578125,417036
2019-01-01,494.1988830566406,508.7370300292969,487.9543151855469,501.0776672363281,495.442138671875,330349
2019-01-02,497.6626892089844,499.37017822265625,489.95452880859375,494.05255126953125,488.49603271484375,149169
2019-01-03,494.6867370605469,496.4430236816406,484.92962646484375,485.6614074707031,480.19927978515625,85185
2019-01-04,486.1492614746094,489.613037109375,472.8307800292969,478.1484069824219,472.7707824707031,130050
2019-01-07,480.7340393066406,484.63690185546875,476.2945556640625,482.05126953125,476.6297302246094,149752
2019-01-08,484.8808288574219,484.8808288574219,476.148193359375,477.8069152832031,472.43310546875,232814
2019-01-09,479.7583312988281,482.0024719238281,469.61090087890625,477.46539306640625,472.0954284667969,119761
2019-01-10,476.2457580566406,481.9049072265625,473.2210388183594,476.3921203613281,471.0342102050781,82703
2019-01-11,478.3435363769531,479.02655029296875,469.5621337890625,472.29412841796875,466.9823303222656,92158
2019-01-14,470.19635009765625,472.14776611328125,464.43963623046875,468.09857177734375,462.8339538574219,89010
2019-01-15,470.4402770996094,473.4649963378906,462.48822021484375,469.61090087890625,464.32928466796875,101206
2019-01-16,472.9283447265625,472.9283447265625,465.9031982421875,468.0497741699219,462.78570556640625,63349
2019-01-17,468.0497741699219,470.04998779296875,458.2438659667969,459.0244140625,453.8618469238281,160395
2019-01-18,461.75640869140625,461.75640869140625,453.1213684082031,457.2193603515625,452.07708740234375,91405
2019-01-21,456.6339111328125,467.2691955566406,454.7800598144531,459.0244140625,453.8618469238281,97999
2019-01-22,456.6339111328125,464.5372009277344,454.2434387207031,457.26812744140625,452.12530517578125,68772
2019-01-23,458.195068359375,462.87847900390625,446.7792053222656,452.7310791015625,447.6393127441406,84937
2019-01-24,454.4385681152344,455.658203125,445.90106201171875,447.9012756347656,442.8638000488281,61569
2019-01-25,447.8525085449219,453.6579895019531,441.0712890625,443.608154296875,438.6189880371094,73819
2019-01-28,442.97393798828125,443.608154296875,422.5815124511719,426.3380126953125,421.5430603027344,104292
2019-01-29,425.1183776855469,425.1183776855469,406.2383117675781,416.4833068847656,411.7991943359375,197423
2019-01-30,418.5810852050781,452.7310791015625,418.5323181152344,445.6083679199219,440.5966796875,193951
2019-01-31,440.0955810546875,456.6339111328125,436.4854431152344,447.0719299316406,442.0437927246094,294886
2019-02-01,448.8282165527344,458.5853576660156,446.8768005371094,455.658203125,450.53350830078125,162723
2019-02-04,456.14605712890625,466.39105224609375,450.82843017578125,462.48822021484375,457.2867126464844,112622
2019-02-05,467.0740661621094,467.9034118652344,459.8537902832031,463.31756591796875,458.10675048828125,84080
2019-02-06,463.31756591796875,466.39105224609375,453.706787109375,465.0250549316406,459.7950134277344,62927
2019-02-07,465.3665466308594,507.22467041015625,464.0493469238281,502.6388244628906,496.9857482910156,1763035
2019-02-08,504.2487487792969,512.054443359375,464.3908386230469,470.3914794921875,465.10107421875,898101
2019-02-11,472.0989990234375,474.19677734375,459.65863037109375,468.1961364746094,462.930419921875,308725
2019-02-12,468.2449035644531,473.12347412109375,448.0476379394531,452.6822814941406,447.5910339355469,449528
2019-02-14,447.75494384765625,448.73065185546875,426.3868103027344,429.3139343261719,424.4855041503906,416531
2019-02-15,428.3382263183594,433.85101318359375,413.8976745605469,430.8262939453125,425.9808654785156,393443
2019-02-18,431.265380859375,434.0949401855469,417.6053771972656,419.751953125,415.0310974121094,136500
2019-02-19,420.9228210449219,428.3382263183594,418.5810852050781,423.5084533691406,418.7453308105469,197702
2019-02-20,427.313720703125,436.4366455078125,423.5084533691406,426.2404479980469,421.44659423828125,208523
2019-02-21,427.5088806152344,452.63348388671875,426.4355773925781,447.31585693359375,442.28497314453125,520168
2019-02-22,448.8282165527344,456.0484924316406,444.1448059082031,447.1207275390625,442.092041015625,244073
2019-02-25,453.3164978027344,458.5853576660156,448.8282165527344,451.3650817871094,446.2886657714844,212848
2019-02-26,444.92535400390625,448.3403625488281,435.168212890625,441.70550537109375,436.73773193359375,117569
2019-02-27,444.6326599121094,454.19464111328125,434.1925048828125,438.63201904296875,433.69879150390625,245176
2019-02-28,441.02252197265625,446.9255676269531,437.50994873046875,441.99822998046875,437.02716064453125,81278
2019-03-01,444.92535400390625,447.8525085449219,438.2417297363281,442.5836486816406,437.6059875488281,216748
2019-03-05,443.94964599609375,470.4890441894531,442.6324462890625,466.97650146484375,461.7245178222656,395377
2019-03-06,469.2694091796875,472.2453308105469,461.561279296875,465.3177795410156,460.08441162109375,260252
2019-03-07,462.48822021484375,471.7574768066406,460.0489196777344,469.70849609375,464.42578125,230318
2019-03-08,476.148193359375,480.0510559082031,470.2939147949219,478.4898986816406,473.1084289550781,349676
2019-03-11,481.9049072265625,490.7839050292969,479.2216796875,489.6618347167969,484.1546936035156,368231
2019-03-12,492.2474670410156,497.6138916015625,487.9055480957031,495.17462158203125,489.6054992675781,200810
2019-03-13,496.63818359375,499.07745361328125,484.92962646484375,490.8326721191406,485.3123779296875,267989
2019-03-14,494.2964782714844,497.0284729003906,490.7839050292969,493.90618896484375,488.351318359375,173481
2019-03-15,494.7843322753906,516.2012329101562,491.7596130371094,503.9560241699219,498.2881164550781,481106
2019-03-18,504.6390380859375,508.05401611328125,493.90618896484375,497.41876220703125,491.8243713378906,332600
2019-03-19,501.8094482421875,514.4937133789062,496.15032958984375,509.6639404296875,503.93182373046875,504173
2019-03-20,510.7860107421875,516.5914916992188,509.4200134277344,513.713134765625,507.9355163574219,219535
2019-03-22,513.6156005859375,513.6156005859375,504.3951110839844,510.1518249511719,504.41424560546875,140171
2019-03-25,500.6873779296875,527.763427734375,497.0772399902344,512.1520385742188,506.3919677734375,432278
2019-03-26,515.1767578125,530.6417846679688,513.2252807617188,521.3724975585938,515.5087280273438,355408
2019-03-27,524.9338989257812,553.2295532226562,522.153076171875,545.9116821289062,539.77197265625,764010
2019-03-28,551.2781372070312,557.9129638671875,547.8631591796875,552.7904663085938,546.5733032226562,334047
2019-04-01,549.37548828125,550.9854125976562,534.0079956054688,537.8132934570312,531.7645874023438,310512
2019-04-02,540.0086669921875,561.2304077148438,527.1292114257812,552.1074829101562,545.8980102539062,714191
2019-04-03,554.156494140625,565.913818359375,529.3733520507812,535.91064453125,529.8833618164062,384970
2019-04-04,537.6181640625,540.2037963867188,522.0067138671875,525.2265625,519.3194580078125,187123
2019-04-05,535.666748046875,537.862060546875,526.3974609375,531.3735961914062,525.3973388671875,125545
2019-04-08,530.7881469726562,534.495849609375,517.0305786132812,519.5674438476562,513.7239379882812,144513
2019-04-09,520.4456176757812,530.593017578125,515.2255249023438,527.8610229492188,521.9242553710938,182656
2019-04-10,527.8610229492188,540.4965209960938,527.8610229492188,536.6912231445312,530.6551513671875,229448
2019-04-11,536.6424560546875,538.3987426757812,525.1290283203125,535.2276611328125,529.2080688476562,135005
2019-04-12,535.2276611328125,544.3505859375,529.0806274414062,542.7406616210938,536.6365966796875,210157
2019-04-15,541.52099609375,568.3531494140625,541.52099609375,557.8154296875,551.541748046875,386217
2019-04-16,561.0352783203125,573.4268188476562,558.108154296875,564.3038940429688,557.957275390625,388174
2019-04-18,565.913818359375,565.962646484375,549.5218505859375,553.0831909179688,546.8627319335938,164543
2019-04-22,547.6192016601562,563.96240234375,540.2525634765625,550.790283203125,544.5956420898438,213327
2019-04-23,555.1809692382812,556.10791015625,543.1796875,547.0825805664062,540.9296875,439593
2019-04-24,547.0825805664062,559.766845703125,546.3995971679688,549.7658081054688,543.5827026367188,249989
2019-04-25,550.9854125976562,558.888671875,549.131591796875,555.0834350585938,548.8405151367188,122376
2019-04-26,555.9615478515625,563.4745483398438,552.2538452148438,556.4494018554688,550.1911010742188,163886
2019-04-30,556.1566772460938,560.5474243164062,537.2766723632812,557.9617919921875,551.6865234375,112172
2019-05-02,557.9617919921875,557.9617919921875,543.9602661132812,551.7659912109375,545.5604248046875,71256
2019-05-03,551.8147583007812,556.5957641601562,541.6185913085938,545.9116821289062,539.77197265625,48881
2019-05-06,542.7406616210938,554.400390625,531.5199584960938,544.3017578125,538.1801147460938,88009
2019-05-07,547.3753051757812,551.2781372070312,538.6426391601562,544.2042236328125,538.0836791992188,69935
2019-05-08,547.3753051757812,547.3753051757812,517.128173828125,521.4700927734375,515.605224609375,164020
2019-05-09,518.1038818359375,522.3970336914062,512.7374267578125,518.9332275390625,513.096923828125,83560
2019-05-10,515.1767578125,531.7638549804688,508.9321594238281,527.763427734375,521.8277587890625,182345
2019-05-13,526.7877197265625,530.6417846679688,518.1526489257812,528.3976440429688,522.4548950195312,100681
2019-05-14,523.0800170898438,534.6909790039062,516.6890869140625,524.7387084960938,518.8370971679688,125041
2019-05-15,530.30029296875,533.2762451171875,518.1038818359375,522.2994384765625,516.4252319335938,79442
2019-05-16,522.5921630859375,525.4217529296875,517.128173828125,519.3235473632812,513.4828491210938,76835
2019-05-17,521.031005859375,523.9093627929688,517.128173828125,517.3720703125,511.5533142089844,85910
2019-05-20,527.8610229492188,539.8134765625,519.6650390625,534.203125,528.1950073242188,175214
2019-05-21,536.6424560546875,549.7169799804688,532.7883911132812,547.3264770507812,541.1707763671875,216720
2019-05-22,550.0097045898438,560.0595703125,531.7638549804688,537.325439453125,531.2822265625,619445
2019-05-23,543.472412109375,549.082763671875,533.2762451171875,536.447265625,530.4139404296875,171631
2019-05-24,538.5450439453125,549.0339965820312,529.1294555664062,536.3009033203125,530.2692260742188,330230
2019-05-27,537.03271484375,540.2525634765625,523.275146484375,524.7875366210938,518.8853759765625,113711
2019-05-28,525.4217529296875,534.6422119140625,522.4945678710938,531.129638671875,525.1561279296875,109733
2019-05-29,528.1537475585938,543.2772827148438,525.5680541992188,530.4954223632812,524.529052734375,196889
2019-05-30,531.715087890625,535.666748046875,525.9583740234375,529.4221801757812,523.4678344726562,301546
2019-05-31,528.8367309570312,533.66650390625,517.128173828125,524.3484497070312,518.451171875,195333
2019-06-03,529.0318603515625,536.0570068359375,520.1528930664062,524.7875366210938,518.8853759765625,140647
2019-06-04,524.9338989257812,528.8367309570312,519.2747192382812,519.9577026367188,514.1098022460938,55009
2019-06-06,521.8603515625,525.6656494140625,512.7374267578125,515.5670166015625,509.7685241699219,151649
2019-06-07,516.6403198242188,516.6403198242188,503.5169677734375,506.93194580078125,501.2305603027344,61389
2019-06-10,507.6149597167969,513.3716430664062,499.5653076171875,501.419189453125,495.7798156738281,74195
2019-06-11,504.2487487792969,505.5171813964844,486.246826171875,497.5650939941406,491.96905517578125,116524
2019-06-12,497.7114562988281,498.10174560546875,491.9547424316406,495.51611328125,489.9431457519531,60900
2019-06-13,495.51611328125,500.5410461425781,487.85675048828125,494.9794616699219,489.41253662109375,63642
2019-06-14,494.9794616699219,500.49224853515625,490.8326721191406,497.467529296875,491.87261962890625,60043
2019-06-17,496.63818359375,498.4432373046875,487.85675048828125,490.2960510253906,484.7817687988281,69046
2019-06-18,490.2960510253906,496.63818359375,487.85675048828125,492.0035400390625,486.4700927734375,71808
2019-06-19,492.63775634765625,499.37017822265625,488.00311279296875,492.979248046875,487.434814453125,76314
2019-06-20,490.7839050292969,497.95538330078125,488.5397644042969,493.0768127441406,487.5312805175781,77900
2019-06-21,493.0768127441406,497.6138916015625,491.7596130371094,494.9306945800781,489.36431884765625,45861
2019-06-24,493.7110290527344,495.6136779785156,492.63775634765625,492.93048095703125,487.3865966796875,41540
2019-06-25,490.7839050292969,506.1513977050781,489.41790771484375,500.1019592285156,494.4774169921875,170361
2019-06-26,500.5410461425781,509.8591003417969,496.15032958984375,506.93194580078125,501.2305603027344,80245
2019-06-27,509.32244873046875,515.9085083007812,508.3955383300781,512.5911254882812,506.82611083984375,127293
2019-06-28,512.1520385742188,518.0551147460938,511.0299377441406,516.3963623046875,510.5885314941406,45320
2019-07-01,517.3720703125,525.9096069335938,503.8096618652344,511.42022705078125,505.6683654785156,113223
2019-07-02,510.29815673828125,510.9811706542969,500.7361755371094,506.39532470703125,500.70001220703125,55866
2019-07-03,506.39532470703125,522.982421875,505.4195861816406,520.4456176757812,514.59228515625,65843
2019-07-04,518.494140625,523.860595703125,515.1767578125,519.4698486328125,513.62744140625,52075
2019-07-05,522.982421875,527.8610229492188,497.7114562988281,501.61431884765625,495.9727478027344,181189
2019-07-08,502.4924621582031,510.88360595703125,489.4666748046875,491.3205261230469,485.79473876953125,93453
2019-07-09,491.7596130371094,495.17462158203125,463.46392822265625,469.9524230957031,464.6669616699219,143971
2019-07-10,471.2208557128906,474.9773254394531,442.486083984375,446.63287353515625,441.60968017578125,143258
2019-07-11,449.1697082519531,461.4149169921875,436.875732421875,457.6584167480469,452.51123046875,851516
2019-07-12,460.3904113769531,469.123046875,457.7559814453125,465.6592712402344,460.4220886230469,157261
2019-07-15,466.39105224609375,474.9773254394531,446.4377136230469,466.68377685546875,461.4350891113281,186556
2019-07-16,469.0254821777344,469.07427978515625,458.68292236328125,460.8294982910156,455.6466369628906,44499
2019-07-17,460.8294982910156,461.4149169921875,451.75537109375,453.8531494140625,448.7487487792969,66697
2019-07-18,451.75537109375,459.0244140625,444.92535400390625,447.5597839355469,442.5261535644531,66361
2019-07-19,442.3397216796875,453.3164978027344,435.3633728027344,440.87615966796875,435.917724609375,58537
2019-07-22,437.705078125,440.0467834472656,430.5335998535156,436.24151611328125,431.3351745605469,41506
2019-07-23,438.5832214355469,443.9008483886719,405.8968200683594,417.6053771972656,412.9086608886719,80532
2019-07-24,414.6782531738281,417.5566101074219,394.1882629394531,396.481201171875,392.02203369140625,158661
2019-07-25,395.1639709472656,407.4091796875,391.35870361328125,399.0180358886719,397.9580993652344,111551
2019-07-26,399.6522521972656,399.6522521972656,366.8194885253906,369.0636291503906,368.083251953125,551918
2019-07-29,369.79541015625,370.7711486816406,356.13543701171875,359.0137939453125,358.06011962890625,214700
2019-07-30,360.0382995605469,365.79498291015625,341.5972900390625,347.2076416015625,346.2853088378906,192952
2019-07-31,345.1586608886719,358.7698669433594,330.230224609375,355.8915100097656,354.94610595703125,552700
2019-08-01,356.13543701171875,359.20892333984375,343.451171875,349.8420715332031,348.9127502441406,198039
2019-08-02,338.5726013183594,356.13543701171875,338.5726013183594,352.2813720703125,351.3455810546875,76987
2019-08-05,352.2325744628906,359.8431396484375,342.4754333496094,356.4281311035156,355.4813232421875,90895
2019-08-06,356.4281311035156,368.3806457519531,351.50079345703125,355.1109313964844,354.1676025390625,70129
2019-08-07,355.1109313964844,361.9897155761719,343.451171875,354.2815856933594,353.3404846191406,676248
2019-08-08,352.33013916015625,361.1603698730469,343.1096496582031,357.1599426269531,356.211181640625,206959
2019-08-09,354.379150390625,372.7225646972656,354.379150390625,371.1126403808594,370.1268310546875,77452
2019-08-13,377.30841064453125,379.55255126953125,366.8682861328125,370.9662780761719,369.9808349609375,50362
2019-08-14,373.8934326171875,377.5523376464844,364.9168395996094,371.3077697753906,370.3214416503906,36308
2019-08-16,371.3077697753906,376.5766296386719,361.2579345703125,373.8934326171875,372.90020751953125,117748
2019-08-19,373.8934326171875,378.43048095703125,368.13671875,373.8934326171875,372.90020751953125,40205
2019-08-20,371.0638427734375,376.62542724609375,369.30755615234375,375.35699462890625,374.3598937988281,114991
2019-08-21,379.55255126953125,381.5039978027344,358.1844177246094,361.94091796875,360.9794616699219,487677
2019-08-22,364.13629150390625,364.18505859375,348.3297119140625,351.4519958496094,350.5184020996094,130358
2019-08-23,351.2568664550781,355.6475830078125,342.4754333496094,349.890869140625,348.96142578125,26654
2019-08-26,359.64801025390625,363.69720458984375,348.5736389160156,357.40386962890625,356.4544677734375,53585
2019-08-27,360.81884765625,390.285400390625,355.5987854003906,383.7481384277344,382.728759765625,130970
2019-08-28,384.4311218261719,396.1396789550781,377.60113525390625,385.3580627441406,384.33441162109375,151910
2019-08-29,383.4554138183594,388.0900573730469,378.0889892578125,379.84527587890625,378.83624267578125,32082
2019-08-30,378.57684326171875,385.8946838378906,375.6496887207031,382.9675598144531,381.95025634765625,585311
2019-09-03,378.57684326171875,378.57684326171875,362.9654235839844,365.5022888183594,364.5313720703125,32114
2019-09-04,364.9168395996094,372.7225646972656,360.2822265625,368.33184814453125,367.3534240722656,102225
2019-09-05,371.7468566894531,373.2104187011719,361.0140075683594,362.233642578125,361.2713928222656,31415
2019-09-06,363.9411315917969,367.7951965332031,359.06256103515625,366.4779968261719,365.5044860839844,32874
2019-09-09,366.8682861328125,369.45391845703125,358.4771423339844,366.1852722167969,365.2125244140625,83595
2019-09-11,371.7468566894531,379.064697265625,368.966064453125,375.7960510253906,374.79779052734375,118136
2019-09-12,379.55255126953125,383.4554138183594,371.84442138671875,372.52740478515625,371.5378112792969,51956
2019-09-13,375.6496887207031,375.698486328125,366.23406982421875,371.0638427734375,370.0781555175781,28165
2019-09-16,370.6735534667969,386.3337707519531,366.1365051269531,381.79669189453125,380.7825012207031,110274
2019-09-17,381.11370849609375,393.2125549316406,376.18634033203125,382.430908203125,381.4150085449219,120417
2019-09-18,383.50421142578125,395.26153564453125,379.064697265625,382.91876220703125,381.9015808105469,95929
2019-09-19,382.9675598144531,385.30926513671875,364.9168395996094,366.9658508300781,365.99102783203125,45398
2019-09-20,367.7464294433594,395.84698486328125,362.9654235839844,390.4317626953125,389.3946228027344,163450
2019-09-23,396.1396789550781,417.4102478027344,393.2125549316406,398.62774658203125,397.5688171386719,165386
2019-09-24,401.798828125,407.3603820800781,390.9684143066406,393.31011962890625,392.26531982421875,64840
2019-09-25,398.8716735839844,398.8716735839844,385.4068298339844,390.285400390625,389.2486572265625,60446
2019-09-26,392.2368469238281,404.9211120605469,389.50482177734375,393.7979736328125,392.75189208984375,137736
2019-09-27,397.8959655761719,408.72637939453125,395.2127685546875,398.3350524902344,397.27691650390625,277149
2019-09-30,399.6522521972656,399.7986145019531,378.72320556640625,381.4552001953125,380.44189453125,64313
2019-10-01,385.3580627441406,390.23663330078125,367.6976318359375,373.64947509765625,372.65692138671875,61420
2019-10-03,375.7472839355469,382.4797058105469,371.2590026855469,378.0401916503906,377.0359802246094,59567
2019-10-04,382.2845458984375,384.8702087402344,375.0155029296875,380.52825927734375,379.5174255371094,190300
2019-10-07,380.52825927734375,380.52825927734375,363.7460021972656,369.2099914550781,368.2292175292969,55180
2019-10-09,370.7711486816406,374.6252136230469,362.2824401855469,367.64886474609375,366.6722412109375,59345
2019-10-10,367.55126953125,377.4059753417969,364.2338562011719,369.89300537109375,368.9104309082031,112966
2019-10-11,373.2104187011719,378.1865539550781,363.16058349609375,373.8934326171875,372.90020751953125,42442
2019-10-14,370.7711486816406,378.8207702636719,370.7711486816406,372.96649169921875,371.9757385253906,34878
2019-10-15,371.7468566894531,374.6739807128906,368.8197021484375,372.03955078125,371.05126953125,37380
2019-10-16,374.3324890136719,389.3096923828125,372.7225646972656,378.6256408691406,377.619873046875,185093
2019-10-17,381.5039978027344,384.1383972167969,372.3810729980469,374.3324890136719,373.3381042480469,89822
2019-10-18,375.6496887207031,389.3096923828125,371.7956237792969,388.2851867675781,387.2537536621094,272965
2019-10-22,386.3825378417969,403.750244140625,385.4068298339844,387.4558410644531,386.4266052246094,119214
2019-10-23,387.3582763671875,400.04254150390625,381.6015625,384.0896301269531,383.0693359375,113927
2019-10-24,386.28497314453125,391.2611083984375,371.0638427734375,373.454345703125,372.4623107910156,61139
2019-10-25,375.40576171875,377.5035705566406,361.0140075683594,366.5755615234375,365.6017761230469,91906
2019-10-27,369.6490783691406,375.5521240234375,367.8927917480469,373.2104187011719,372.2190246582031,13072
2019-10-29,376.52783203125,390.1390380859375,368.67333984375,370.6247863769531,369.6402587890625,64459
2019-10-30,371.7468566894531,371.7468566894531,367.843994140625,369.74664306640625,368.7644348144531,61752
2019-10-31,370.42962646484375,371.7468566894531,367.843994140625,369.45391845703125,368.4725036621094,57899
2019-11-01,371.4541320800781,371.4541320800781,365.892578125,366.8682861328125,365.89373779296875,60791
2019-11-04,368.8197021484375,382.4797058105469,367.8927917480469,379.7964782714844,378.78759765625,231012
2019-11-05,381.4064025878906,385.0653381347656,370.7711486816406,372.625,371.6351623535156,73625
2019-11-06,375.5521240234375,381.6015625,339.5483093261719,344.5732421875,343.6579284667969,877358
2019-11-07,341.5972900390625,343.451171875,324.8638000488281,327.0103759765625,326.1416931152344,466271
2019-11-08,331.64501953125,331.7425842285156,315.15545654296875,317.1556701660156,316.31317138671875,283519
2019-11-11,313.4479675292969,319.0583190917969,312.1307678222656,312.7161865234375,311.885498046875,171407
2019-11-13,312.22833251953125,326.81524658203125,312.22833251953125,317.6435241699219,316.79974365234375,209427
2019-11-14,317.6435241699219,321.7903137207031,311.8868103027344,313.8382568359375,313.00457763671875,132176
2019-11-15,313.7894592285156,321.4000244140625,313.7894592285156,318.5704650878906,317.7242126464844,108749
2019-11-18,314.9603271484375,315.106689453125,304.422607421875,310.66717529296875,309.8419189453125,236286
2019-11-19,308.3254699707031,313.7894592285156,300.519775390625,302.12969970703125,301.3271179199219,170706
2019-11-20,299.2513427734375,305.05682373046875,299.2513427734375,303.0566101074219,302.2515563964844,162329
2019-11-21,303.4468994140625,311.155029296875,299.5440368652344,302.2760314941406,301.4730529785156,138467
2019-11-22,304.3250427246094,316.13116455078125,304.1299133300781,314.2285461425781,313.3938293457031,252666
2019-11-25,316.0335998535156,325.40045166015625,315.7896728515625,324.3759460449219,323.5142822265625,220401
2019-11-26,326.52252197265625,336.62115478515625,323.59539794921875,331.937744140625,331.0559997558594,243188
2019-11-27,334.181884765625,338.5726013183594,325.0101623535156,331.4010925292969,330.520751953125,101689
2019-11-28,335.4015197753906,339.5483093261719,330.86444091796875,334.23065185546875,333.3428039550781,129562
2019-11-29,335.1575927734375,337.25537109375,326.864013671875,331.44989013671875,330.5694274902344,91370
2019-12-02,331.2547302246094,332.3280334472656,317.39959716796875,319.4486083984375,318.60003662109375,59314
2019-12-03,320.131591796875,321.9854736328125,312.6186218261719,316.3751220703125,315.5346984863281,39563
2019-12-04,316.0823974609375,318.2777404785156,314.32611083984375,315.643310546875,314.8048400878906,49285
2019-12-05,323.6441650390625,323.8880920410156,314.6676025390625,317.0093078613281,316.1672058105469,95125
2019-12-06,319.8388977050781,320.5218811035156,312.4234619140625,314.2285461425781,313.3938293457031,81057
2019-12-09,313.20404052734375,315.15545654296875,307.5448913574219,309.6426696777344,308.82012939453125,73833
2019-12-10,311.155029296875,320.0340270996094,309.4475402832031,315.3506164550781,314.5129089355469,159781
2019-12-11,317.350830078125,321.4000244140625,312.6186218261719,319.3510437011719,318.5027160644531,80737
2019-12-12,320.0340270996094,323.497802734375,317.69232177734375,320.131591796875,319.28118896484375,49498
2019-12-13,323.9368896484375,324.8150329589844,320.1803894042969,323.2538757324219,322.3951721191406,66306
2019-12-16,324.91259765625,331.6938171386719,317.5947570800781,326.96160888671875,326.09307861328125,116578
2019-12-17,326.7664489746094,336.3284606933594,323.8393249511719,333.10858154296875,332.2237243652344,142846
2019-12-18,334.66973876953125,335.5966491699219,326.0834655761719,330.3765869140625,329.49896240234375,117997
2019-12-19,327.93731689453125,346.03680419921875,327.0103759765625,335.7430114746094,334.85113525390625,633927
2019-12-20,334.9136657714844,338.37744140625,322.32696533203125,325.8883056640625,325.0226135253906,142889
2019-12-23,327.8397521972656,330.7668762207031,325.0589599609375,328.76666259765625,327.8933410644531,169228
2019-12-24,330.6693115234375,330.7668762207031,323.6441650390625,328.4251708984375,327.552734375,156183
2019-12-26,327.93731689453125,334.66973876953125,327.79095458984375,330.2790222167969,329.40167236328125,61677
2019-12-27,331.59625244140625,334.2794494628906,330.86444091796875,332.42559814453125,331.54254150390625,64156
2019-12-30,333.69403076171875,335.1575927734375,325.9858703613281,333.7427978515625,332.8562316894531,91687
2019-12-31,333.7915954589844,351.2568664550781,331.7913818359375,349.4517822265625,348.52349853515625,602558
2020-01-01,353.257080078125,358.0380859375,348.3785095214844,351.3056640625,350.3724670410156,153165
2020-01-02,353.7937316894531,361.0627746582031,344.4268798828125,355.98907470703125,355.0434265136719,193659
2020-01-03,354.671875,358.57470703125,345.6465148925781,347.0613098144531,346.1393737792969,91767
2020-01-06,346.3782958984375,355.84271240234375,338.4262390136719,348.9151611328125,347.9883117675781,288855
2020-01-07,350.37872314453125,356.0378723144531,348.9151611328125,351.35443115234375,350.42108154296875,99393
2020-01-08,347.35400390625,353.5498046875,342.3290710449219,348.9151611328125,347.9883117675781,79806
2020-01-09,350.52508544921875,355.3548583984375,346.524658203125,348.8663635253906,347.93963623046875,86757
2020-01-10,348.8663635253906,389.8951110839844,348.8663635253906,381.3576354980469,380.3446044921875,658304
2020-01-13,383.4554138183594,385.2117004394531,370.7711486816406,371.5029296875,370.5160827636719,150679
2020-01-14,371.6492919921875,382.9675598144531,365.0144348144531,371.55169677734375,370.564697265625,523899
2020-01-15,371.7468566894531,379.357421875,369.30755615234375,370.9662780761719,369.9808349609375,104270
2020-01-16,372.4298400878906,377.5523376464844,367.4537048339844,375.3081970214844,374.31121826171875,134011
2020-01-17,375.3081970214844,394.773681640625,372.7225646972656,389.4072570800781,388.3728332519531,527103
2020-01-20,389.3096923828125,389.3584899902344,379.55255126953125,386.5289001464844,385.50213623046875,125074
2020-01-21,388.2364196777344,388.2364196777344,375.6496887207031,378.6256408691406,377.619873046875,103840
2020-01-22,380.6258544921875,383.4554138183594,357.6477966308594,374.4788513183594,373.4841003417969,248534
2020-01-23,375.35699462890625,378.57684326171875,371.01507568359375,374.23492431640625,373.2408142089844,138717
2020-01-24,375.5521240234375,377.2596435546875,370.3320617675781,371.6492919921875,370.66204833984375,52315
2020-01-27,371.6492919921875,374.28369140625,364.4289855957031,371.01507568359375,370.0295104980469,147202
2020-01-28,371.40533447265625,376.0887756347656,369.6490783691406,374.869140625,373.87335205078125,108975
2020-01-29,375.6496887207031,382.4797058105469,371.40533447265625,373.79583740234375,372.8028869628906,92166
2020-01-30,373.79583740234375,374.38128662109375,366.8682861328125,369.74664306640625,368.7644348144531,40561
2020-01-31,370.86871337890625,372.7225646972656,362.0872802734375,364.477783203125,363.50958251953125,51088
2020-02-03,358.08685302734375,369.79541015625,339.2068176269531,366.23406982421875,365.2611999511719,106833
2020-02-04,366.9658508300781,410.28753662109375,359.0137939453125,400.4815979003906,399.4177551269531,1508124
2020-02-05,407.0,418.79998779296875,393.54998779296875,411.6000061035156,410.5066223144531,461122
2020-02-06,411.79998779296875,418.8999938964844,409.79998779296875,415.75,414.6455993652344,131471
2020-02-07,417.3999938964844,417.3999938964844,406.29998779296875,413.0,411.90289306640625,63730
2020-02-10,414.8999938964844,431.95001220703125,410.0,427.3500061035156,426.21478271484375,163159
2020-02-11,435.8999938964844,460.0,422.0,431.70001220703125,430.5532531738281,438007
2020-02-12,431.6000061035156,438.6000061035156,424.1000061035156,430.75,429.6057434082031,125934
2020-02-13,431.79998779296875,431.79998779296875,421.5,427.1499938964844,426.01531982421875,91169
2020-02-14,431.79998779296875,431.79998779296875,408.04998779296875,412.95001220703125,411.8530578613281,91901
2020-02-17,415.0,415.0,400.54998779296875,406.20001220703125,405.1209716796875,55962
2020-02-18,400.3500061035156,419.8999938964844,391.1499938964844,413.8999938964844,412.8005065917969,105283
2020-02-19,414.0,429.45001220703125,407.0,415.6000061035156,414.4960021972656,121337
2020-02-20,416.3999938964844,422.95001220703125,407.0,409.29998779296875,408.2127380371094,106447
2020-02-24,407.8999938964844,417.0,401.1000061035156,414.1499938964844,413.0498352050781,98659
2020-02-25,413.8500061035156,447.3500061035156,410.0,441.20001220703125,440.02801513671875,696470
2020-02-26,445.8999938964844,445.8999938964844,431.29998779296875,436.3500061035156,435.1908874511719,184482
2020-02-27,436.3500061035156,455.0,426.0,436.75,435.5898132324219,330790
2020-02-28,425.0,426.95001220703125,398.6000061035156,403.29998779296875,402.2286682128906,157405
2020-03-02,419.0,435.0,401.54998779296875,410.54998779296875,409.45941162109375,147033
2020-03-03,413.1000061035156,425.8999938964844,405.54998779296875,414.54998779296875,413.44879150390625,137047
2020-03-04,416.0,424.0,397.0,407.54998779296875,406.4673767089844,131322
2020-03-05,408.0,419.79998779296875,401.0,403.75,402.677490234375,84959
2020-03-06,394.79998779296875,410.0,381.29998779296875,407.3500061035156,406.2679138183594,88269
2020-03-09,401.8999938964844,409.95001220703125,395.0,408.04998779296875,406.9660339355469,99124
2020-03-11,402.0,421.5,376.54998779296875,388.1499938964844,387.1189270019531,102311
2020-03-12,374.0,385.0,358.25,368.04998779296875,367.0722961425781,171226
2020-03-13,323.1000061035156,387.70001220703125,294.45001220703125,367.95001220703125,366.97259521484375,104130
2020-03-16,354.0,364.79998779296875,345.04998779296875,354.20001220703125,353.2591247558594,130611
2020-03-17,350.0,354.20001220703125,344.5,345.1000061035156,344.18328857421875,161407
2020-03-18,345.0,348.1000061035156,315.5,322.75,321.89263916015625,78058
2020-03-19,314.04998779296875,350.0,270.0,328.54998779296875,327.6772155761719,471335
2020-03-20,315.1499938964844,369.8999938964844,306.5,347.25,346.32757568359375,679265
2020-03-23,315.0,328.0,285.5,301.95001220703125,301.1479187011719,579129
2020-03-24,315.0,315.0,270.04998779296875,277.95001220703125,277.211669921875,64492
2020-03-25,270.0,295.0,269.0,278.54998779296875,277.81005859375,51398
2020-03-26,285.0,295.70001220703125,276.0,286.29998779296875,285.5394592285156,65695
2020-03-27,298.79998779296875,306.1499938964844,274.1000061035156,277.95001220703125,277.211669921875,130941
2020-03-30,275.8999938964844,286.8999938964844,267.0,270.54998779296875,269.831298828125,68524
2020-03-31,281.0,284.8999938964844,263.54998779296875,268.45001220703125,267.7369079589844,94530
2020-04-01,271.0,273.6000061035156,264.95001220703125,268.5,267.7867431640625,88649
2020-04-03,275.0,276.04998779296875,260.0,267.29998779296875,266.5899353027344,55758
2020-04-07,280.0,280.0,271.79998779296875,277.29998779296875,276.5633544921875,53426
2020-04-08,277.29998779296875,294.5,277.29998779296875,287.79998779296875,287.03546142578125,58251
2020-04-09,294.8999938964844,326.8999938964844,289.5,321.8500061035156,320.99505615234375,697048
2020-04-13,324.0,345.0,306.54998779296875,315.6000061035156,314.76165771484375,405033
2020-04-15,318.0,325.45001220703125,315.6499938964844,317.6499938964844,316.8061828613281,108186
2020-04-16,320.0,348.79998779296875,315.04998779296875,338.6499938964844,337.7503967285156,334664
2020-04-17,348.0,362.0,335.0,352.04998779296875,351.11480712890625,296240
2020-04-20,349.8999938964844,349.8999938964844,335.1000061035156,339.20001220703125,338.2989501953125,67597
2020-04-21,335.0,335.0,320.0,322.04998779296875,321.1944885253906,62345
2020-04-22,325.0,341.0,323.1000061035156,335.6000061035156,334.7085266113281,189978
2020-04-23,342.70001220703125,364.29998779296875,337.5,349.70001220703125,348.77105712890625,567554
2020-04-24,350.0,350.0,333.95001220703125,335.6000061035156,334.7085266113281,89633
2020-04-27,343.79998779296875,345.0,332.0,335.95001220703125,335.0575866699219,80947
2020-04-28,340.0,340.79998779296875,332.1000061035156,335.75,334.8581237792969,81734
2020-04-29,341.0,360.0,332.45001220703125,339.54998779296875,338.64801025390625,519716
2020-04-30,346.5,349.79998779296875,338.3500061035156,340.3999938964844,339.4957580566406,155511
2020-05-04,333.0,340.0,332.0,335.79998779296875,334.907958984375,74174
2020-05-05,341.0,359.70001220703125,336.3999938964844,353.0,352.0622863769531,936063
2020-05-06,358.0,368.1000061035156,349.0,355.3500061035156,354.40606689453125,593940
2020-05-07,355.0,364.54998779296875,351.04998779296875,357.3500061035156,356.4007263183594,598483
2020-05-08,363.8999938964844,374.5,340.5,355.6000061035156,354.6553955078125,754358
2020-05-11,359.0,369.54998779296875,350.8999938964844,361.04998779296875,360.09088134765625,139505
2020-05-12,365.29998779296875,370.0,353.0,360.1000061035156,359.1434326171875,222327
2020-05-13,370.0,383.6000061035156,360.3999938964844,380.20001220703125,379.1900634765625,324475
2020-05-14,378.20001220703125,389.6000061035156,365.0,373.1499938964844,372.15875244140625,796583
2020-05-15,376.8999938964844,380.70001220703125,371.25,374.6499938964844,373.65478515625,326720
2020-05-18,377.0,377.0,355.0,361.5,360.5397033691406,602797
2020-05-19,362.1499938964844,367.0,352.54998779296875,363.45001220703125,362.48455810546875,157177
2020-05-20,363.6000061035156,372.3500061035156,362.6499938964844,364.25,363.28240966796875,36457
2020-05-21,366.8999938964844,378.0,358.6499938964844,361.25,360.2903747558594,112022
2020-05-22,358.0,364.8999938964844,356.70001220703125,360.54998779296875,359.59222412109375,52133
2020-05-26,363.95001220703125,363.95001220703125,349.1000061035156,353.3500061035156,352.411376953125,253466
2020-05-27,355.0,357.0,350.0,351.29998779296875,350.3667907714844,137949
2020-05-28,355.25,365.5,355.25,363.1000061035156,362.1354675292969,148813
2020-05-29,362.75,369.1499938964844,359.0,363.95001220703125,362.98321533203125,217461
2020-06-01,374.0,380.0,371.5,377.1499938964844,376.14813232421875,220596
2020-06-02,375.0,427.29998779296875,374.95001220703125,408.8999938964844,407.81378173828125,985438
2020-06-03,425.1000061035156,436.0,419.0,428.95001220703125,427.810546875,428228
2020-06-04,431.0,461.95001220703125,425.0,445.1499938964844,443.9674987792969,539369
2020-06-05,446.1000061035156,466.20001220703125,440.1000061035156,446.79998779296875,445.61309814453125,354834
2020-06-08,454.45001220703125,459.5,431.1000061035156,441.70001220703125,440.52667236328125,163882
2020-06-09,445.29998779296875,446.8999938964844,428.54998779296875,432.8500061035156,431.7001953125,88357
2020-06-10,437.5,439.0,410.25,418.5,417.3883056640625,432235
2020-06-11,420.0,421.29998779296875,400.0,403.95001220703125,402.876953125,131102
2020-06-12,390.0,397.1000061035156,383.1499938964844,393.3500061035156,392.30511474609375,160447
2020-06-15,395.0,412.1499938964844,395.0,403.20001220703125,402.1289367675781,187249
2020-06-16,407.0,420.0,383.3500061035156,405.3999938964844,404.3230895996094,201776
2020-06-17,401.0,409.8999938964844,398.1000061035156,408.1499938964844,407.0657958984375,80555
2020-06-18,409.79998779296875,417.8999938964844,404.0,406.29998779296875,405.220703125,152406
2020-06-19,409.8999938964844,416.0,395.1000061035156,410.75,409.65887451171875,445685
2020-06-22,414.0,437.0,405.04998779296875,430.6499938964844,429.5060119628906,734591
2020-06-23,435.0,440.0,402.5,413.25,412.1522521972656,775277
2020-06-24,420.3999938964844,422.95001220703125,406.1000061035156,410.3500061035156,409.25994873046875,176492
2020-06-25,410.0,412.5,402.0,405.04998779296875,403.9739990234375,142167
2020-06-26,409.0,410.8500061035156,402.0,402.8999938964844,401.8297424316406,106076
2020-06-29,402.8999938964844,403.0,390.0,393.20001220703125,392.155517578125,123708
2020-06-30,394.0,399.95001220703125,390.1499938964844,392.79998779296875,391.7565612792969,134962
2020-07-01,393.5,396.1000061035156,384.29998779296875,389.70001220703125,388.6648254394531,134634
2020-07-02,394.5,394.5,386.0,389.1000061035156,388.06640625,133090
2020-07-03,393.0,393.0,383.3999938964844,384.20001220703125,383.1794128417969,183399
2020-07-06,390.0,391.95001220703125,383.0,384.70001220703125,383.6781005859375,289779
2020-07-07,388.6000061035156,399.0,384.3500061035156,395.6499938964844,394.5989990234375,321865
2020-07-08,396.0,401.8999938964844,391.20001220703125,394.25,393.2027282714844,264947
2020-07-09,394.0,408.75,393.0,406.8500061035156,405.7692565917969,457352
2020-07-10,406.75,412.45001220703125,394.04998779296875,395.29998779296875,394.2499084472656,266612
2020-07-13,397.95001220703125,406.0,393.25,395.3500061035156,394.2998046875,115712
2020-07-14,394.79998779296875,394.79998779296875,378.5,382.75,381.7332763671875,357516
2020-07-15,387.95001220703125,393.3999938964844,384.0,386.0,384.9746398925781,115189
2020-07-16,391.95001220703125,391.95001220703125,380.29998779296875,386.3999938964844,385.3735656738281,117218
2020-07-17,386.8999938964844,413.79998779296875,384.3999938964844,410.3999938964844,409.309814453125,748276
2020-07-20,410.3999938964844,429.29998779296875,406.5,424.75,423.6217041015625,1043311
2020-07-21,426.0,432.8999938964844,413.0,414.25,413.14959716796875,349480
2020-07-22,424.0,431.0,402.54998779296875,416.6499938964844,415.543212890625,880345
2020-07-23,416.0,423.0,412.0,416.1000061035156,414.99468994140625,159637
2020-07-24,415.0,417.25,410.0,411.1499938964844,410.05780029296875,119284
2020-07-27,412.04998779296875,414.0,398.25,411.1000061035156,410.0079650878906,118927
2020-07-28,415.0,440.0,412.1000061035156,437.3500061035156,436.188232421875,1003681
2020-07-29,441.95001220703125,449.79998779296875,430.29998779296875,435.8500061035156,434.69219970703125,719653
2020-07-30,433.04998779296875,443.79998779296875,423.25,429.1499938964844,428.010009765625,356080
2020-07-31,434.45001220703125,435.95001220703125,420.1000061035156,424.6499938964844,423.5219421386719,164495
2020-08-03,424.0,445.0,420.1499938964844,443.79998779296875,442.6210632324219,797441
2020-08-04,445.0,458.5,437.1000061035156,444.1000061035156,442.9202880859375,603287
2020-08-05,446.04998779296875,447.8999938964844,435.6000061035156,438.5,437.3351745605469,187666
2020-08-06,439.79998779296875,452.0,430.0,434.0,432.8471374511719,510657
2020-08-07,433.3999938964844,439.54998779296875,428.0,430.1499938964844,429.0073547363281,323630
2020-08-10,432.8999938964844,434.45001220703125,424.0,426.3999938964844,425.2673034667969,199912
2020-08-11,429.70001220703125,443.0,418.29998779296875,437.3999938964844,436.23809814453125,866074
2020-08-12,440.0,449.0,431.0,445.45001220703125,444.2667236328125,439740
2020-08-13,444.0,450.1000061035156,434.0,436.95001220703125,435.789306640625,216987
2020-08-14,442.0,473.70001220703125,438.6499938964844,468.20001220703125,466.956298828125,887910
2020-08-17,474.5,491.70001220703125,471.0,485.3500061035156,484.06072998046875,1335182
2020-08-18,486.75,488.70001220703125,475.0,483.8500061035156,482.564697265625,518529
2020-08-19,485.5,488.04998779296875,462.0,470.6000061035156,469.34991455078125,340723
2020-08-20,469.95001220703125,474.95001220703125,463.20001220703125,464.8500061035156,463.61517333984375,227457
2020-08-21,469.79998779296875,479.29998779296875,466.0,472.75,471.49420166015625,259796
2020-08-24,476.70001220703125,488.0,473.0,481.1000061035156,479.822021484375,475962
2020-08-25,481.95001220703125,494.70001220703125,477.20001220703125,480.0,478.72491455078125,419105
2020-08-26,484.8999938964844,544.9500122070312,484.5,529.6500244140625,528.2430419921875,2589166
2020-08-27,539.0,542.0,521.0,525.7000122070312,524.3035278320312,964119
2020-08-28,529.7999877929688,530.9000244140625,512.0,523.2999877929688,521.909912109375,729196
2020-08-31,530.0,534.9000244140625,487.0,498.0,496.6771240234375,502717
2020-09-01,503.8500061035156,505.95001220703125,465.6000061035156,479.6499938964844,478.3758544921875,339534
2020-09-02,487.79998779296875,493.8500061035156,477.5,489.20001220703125,487.9005126953125,227448
2020-09-03,491.95001220703125,516.75,487.29998779296875,508.1000061035156,506.7502746582031,363510
2020-09-04,502.75,505.95001220703125,486.0,489.79998779296875,488.4988708496094,257117
2020-09-07,492.25,497.0,472.1499938964844,476.8999938964844,475.6331481933594,133307
2020-09-08,479.3999938964844,486.6499938964844,465.04998779296875,470.79998779296875,469.5493469238281,257716
2020-09-09,467.0,469.5,447.25,451.6499938964844,450.4502258300781,314781
2020-09-10,455.0,471.1000061035156,454.0,458.5,457.28204345703125,326596
2020-09-11,460.04998779296875,468.0,453.1000061035156,460.70001220703125,459.4761962890625,284567
2020-09-14,462.8999938964844,503.3999938964844,462.5,499.75,498.4224548339844,645915
2020-09-15,500.0,506.70001220703125,490.8999938964844,495.04998779296875,493.73492431640625,276040
2020-09-16,501.95001220703125,514.4000244140625,491.20001220703125,510.8999938964844,509.5428466796875,479990
2020-09-17,508.8999938964844,520.4000244140625,498.0,507.04998779296875,505.70306396484375,450196
2020-09-18,508.95001220703125,514.7000122070312,488.25,493.8999938964844,492.5880126953125,218650
2020-09-21,497.79998779296875,503.5,467.54998779296875,472.95001220703125,471.69366455078125,184796
2020-09-22,474.75,475.95001220703125,442.04998779296875,456.70001220703125,455.4868469238281,190001
2020-09-23,459.95001220703125,472.8500061035156,456.25,463.6000061035156,462.3684997558594,226062
2020-09-24,450.0,461.45001220703125,448.0,453.1000061035156,451.8963928222656,128637
2020-09-25,456.5,498.70001220703125,456.29998779296875,492.8500061035156,491.5408020019531,328925
2020-09-28,496.04998779296875,500.0,486.0,488.0,486.70367431640625,139702
2020-09-29,498.6499938964844,503.95001220703125,477.8500061035156,483.75,482.4649658203125,294035
2020-09-30,487.75,513.7999877929688,480.0,503.20001220703125,501.8633117675781,557451
2020-10-01,506.8999938964844,510.8500061035156,490.0,493.79998779296875,492.4882507324219,377367
2020-10-05,496.70001220703125,498.0,488.0,490.54998779296875,489.24688720703125,109342
2020-10-06,496.79998779296875,500.0,490.1499938964844,497.75,496.4277648925781,146270
2020-10-07,495.5,503.29998779296875,490.25,493.75,492.43841552734375,255806
2020-10-08,495.0,525.0,491.0,511.5,510.1412658691406,237098
2020-10-09,514.0,533.5499877929688,507.04998779296875,521.2999877929688,519.9152221679688,812295
2020-10-12,529.0,534.0,501.5,512.8499755859375,511.4876403808594,523682
2020-10-13,507.0,513.4000244140625,505.0,507.25,505.90252685546875,106608
2020-10-14,508.3999938964844,525.9500122070312,500.0,518.75,517.3720092773438,288291
2020-10-15,519.5499877929688,528.0,495.25,501.3500061035156,500.0182189941406,371710
2020-10-16,507.0,518.0,501.45001220703125,513.6500244140625,512.2855834960938,173942
2020-10-19,516.25,522.0,510.0,516.9000244140625,515.5269165039062,126065
2020-10-20,514.3499755859375,527.0,508.29998779296875,511.6000061035156,510.2409973144531,245293
2020-10-21,515.9000244140625,523.9000244140625,510.1000061035156,514.8499755859375,513.4822998046875,489863
2020-10-22,514.0,520.0,492.0,499.79998779296875,498.4723205566406,172451
2020-10-23,504.79998779296875,517.25,504.79998779296875,512.8499755859375,511.4876403808594,174074
2020-10-26,513.9500122070312,513.9500122070312,500.3500061035156,503.5,502.1625061035156,105928
2020-10-27,503.5,506.8999938964844,494.1000061035156,498.04998779296875,496.7269592285156,87853
2020-10-28,495.0,505.3999938964844,486.1000061035156,488.0,486.70367431640625,115531
2020-10-29,485.95001220703125,498.29998779296875,480.3999938964844,491.45001220703125,490.14453125,172353
2020-10-30,494.0,499.1000061035156,486.0,487.45001220703125,486.1551513671875,55308
2020-11-02,486.0,492.25,482.5,487.3999938964844,486.1052551269531,64199
2020-11-03,491.0,495.0,483.0,484.8999938964844,483.6119079589844,88525
2020-11-04,484.95001220703125,491.04998779296875,480.0,486.3999938964844,485.10791015625,166791
2020-11-05,491.0,514.9000244140625,488.8500061035156,504.8999938964844,503.55877685546875,946693
2020-11-06,504.8999938964844,507.6499938964844,493.0,499.5,498.1731262207031,232606
2020-11-09,507.6000061035156,508.70001220703125,492.0,495.75,494.4330749511719,451745
2020-11-10,498.0,500.54998779296875,490.0,491.45001220703125,490.14453125,128130
2020-11-11,493.8500061035156,522.0,492.04998779296875,517.75,516.3746337890625,787295
2020-11-12,519.5,554.25,519.5,549.3499755859375,547.8906860351562,1704841
2020-11-13,546.0,551.4000244140625,535.5499877929688,541.0999755859375,539.66259765625,415246
2020-11-14,544.0,545.9000244140625,538.0,541.2000122070312,539.7623901367188,43842
2020-11-17,545.0,566.7999877929688,540.0499877929688,561.1500244140625,559.6593627929688,850594
2020-11-18,562.0999755859375,575.0,559.0499877929688,570.6500244140625,569.1341552734375,467083
2020-11-19,569.0,582.6500244140625,555.0,559.5999755859375,558.1134643554688,346031
2020-11-20,564.9500122070312,571.7999877929688,555.0999755859375,568.0,566.4911499023438,411129
2020-11-23,570.5,576.5499877929688,542.6500244140625,553.7000122070312,552.2291870117188,370190
2020-11-24,558.8499755859375,568.0499877929688,554.0499877929688,564.0,562.5017700195312,239592
2020-11-25,566.7999877929688,571.7999877929688,551.4500122070312,555.8499755859375,554.3734130859375,137987
2020-11-26,558.4000244140625,558.4000244140625,541.0,548.0999755859375,546.6439819335938,90255
2020-11-27,548.9500122070312,578.0,548.0999755859375,572.5499877929688,571.029052734375,511854
2020-12-01,575.0,595.0,572.7999877929688,590.7000122070312,589.130859375,300345
2020-12-02,590.7000122070312,591.0499877929688,571.8499755859375,581.5,579.955322265625,90925
2020-12-03,583.8499755859375,604.9500122070312,579.0499877929688,593.5499877929688,591.9732666015625,419853
2020-12-04,593.5499877929688,612.0,591.5999755859375,609.2000122070312,607.5817260742188,189220
2020-12-07,609.0,632.9500122070312,605.75,620.0,618.35302734375,392595
2020-12-08,621.9500122070312,628.0,615.0,619.8499755859375,618.2034301757812,122185
2020-12-09,620.0999755859375,633.7000122070312,618.5999755859375,624.9000244140625,623.2400512695312,249384
2020-12-10,624.0,629.2999877929688,613.0,618.5999755859375,616.9567260742188,100660
2020-12-11,622.0,627.4500122070312,595.0999755859375,602.3499755859375,600.7498779296875,141037
2020-12-14,606.9500122070312,610.4000244140625,594.25,597.25,595.6634521484375,152616
2020-12-15,596.9500122070312,604.25,591.0,593.5499877929688,591.9732666015625,100890
2020-12-16,595.4500122070312,611.8499755859375,595.0999755859375,608.1500244140625,606.5345458984375,146054
2020-12-17,612.0,621.8499755859375,603.9000244140625,608.0,606.3848876953125,162777
2020-12-18,603.7999877929688,638.0,597.0,632.7999877929688,631.1190185546875,376689
2020-12-21,632.0,648.7999877929688,520.0,604.5999755859375,602.993896484375,615189
2020-12-22,604.5999755859375,617.9000244140625,581.0,607.2999877929688,605.686767578125,182189
2020-12-23,610.5,620.0,603.4000244140625,611.6500244140625,610.0252075195312,98279
2020-12-24,615.0,623.0,605.2000122070312,611.0999755859375,609.4766235351562,96861
2020-12-28,621.4000244140625,623.0,607.0499877929688,610.9500122070312,609.3270874023438,75477
2020-12-29,617.0,618.5499877929688,605.0,611.9000244140625,610.2745971679688,87329
2020-12-30,612.0,618.0,606.9500122070312,613.5499877929688,611.920166015625,54223
2020-12-31,613.0,621.5999755859375,609.0,610.5499877929688,608.9281005859375,88761
2021-01-01,619.7999877929688,619.7999877929688,608.4000244140625,610.7999877929688,609.1774291992188,56611
2021-01-04,615.0,629.25,602.25,612.6500244140625,611.0225830078125,262898
2021-01-05,617.0,625.8499755859375,602.3499755859375,621.5499877929688,619.89892578125,101222
2021-01-06,624.4000244140625,646.7999877929688,621.9500122070312,629.5499877929688,627.8776245117188,300936
2021-01-07,634.75,650.0,631.4500122070312,637.2999877929688,635.6070556640625,135047
2021-01-08,643.0,672.0999755859375,639.9500122070312,665.3499755859375,663.58251953125,408336
2021-01-11,672.0,712.5999755859375,663.0,704.6500244140625,702.7781982421875,1098942
2021-01-12,713.9500122070312,724.7000122070312,698.0,712.6500244140625,710.7569580078125,502627
2021-01-13,712.6500244140625,838.0,710.0499877929688,818.25,816.076416015625,2762808
2021-01-14,820.0,857.9500122070312,742.25,767.2999877929688,765.26171875,2375802
2021-01-15,761.0,772.7000122070312,735.0,741.9500122070312,739.9791259765625,328512
2021-01-18,742.0999755859375,748.9000244140625,700.0,716.7999877929688,714.8958740234375,138094
2021-01-19,720.0,765.0,719.9000244140625,750.6500244140625,748.656005859375,263147
2021-01-20,754.9000244140625,755.0,731.0,736.4000244140625,734.44384765625,96985
2021-01-21,742.7000122070312,797.0,742.7000122070312,765.6500244140625,763.6161499023438,499920
2021-01-22,770.0,795.0,747.0,760.4500122070312,758.429931640625,164012
2021-01-25,760.7000122070312,771.0,732.2000122070312,744.1500244140625,742.1732788085938,95123
2021-01-27,743.0,780.0,721.5999755859375,730.2999877929688,728.3600463867188,276892
2021-01-28,721.0,756.8499755859375,711.5,722.4500122070312,720.5308837890625,292106
2021-01-29,731.9000244140625,747.6500244140625,721.0,725.1500244140625,723.2237548828125,167871
2021-02-01,726.1500244140625,754.5,713.2000122070312,740.0499877929688,738.0841064453125,160604
2021-02-02,748.0,761.5999755859375,718.6500244140625,734.5,732.5488891601562,259544
2021-02-03,749.0,757.0,734.5,736.75,734.7929077148438,167300
2021-02-04,748.0,799.9000244140625,740.0,768.4000244140625,766.3588256835938,1989207
2021-02-05,801.0,922.0499877929688,801.0,922.0499877929688,919.6006469726562,4451066
2021-02-08,943.7000122070312,1106.449951171875,937.8499755859375,1020.3499755859375,1017.6395263671875,5451313
2021-02-09,1037.300048828125,1090.0,1028.699951171875,1047.5999755859375,1044.817138671875,2303341
2021-02-10,1062.9000244140625,1075.0,1012.5,1022.3499755859375,1019.6342163085938,770705
2021-02-11,1022.5,1124.550048828125,1022.3499755859375,1050.3499755859375,1047.559814453125,2191423
2021-02-12,1057.0,1079.0,1051.0,1069.0,1066.1602783203125,618291
2021-02-15,1078.0,1085.0,1051.0,1068.699951171875,1065.861083984375,530654
2021-02-16,1076.5,1076.75,1045.4000244140625,1053.050048828125,1050.252685546875,214933
2021-02-17,1061.0,1070.800048828125,1008.7000122070312,1018.4000244140625,1015.6947631835938,540188
2021-02-18,1032.0,1045.0,989.6500244140625,1000.6500244140625,997.9918823242188,385923
2021-02-19,1000.0,1018.9500122070312,975.0,998.3499755859375,995.6979370117188,185898
2021-02-22,999.0,999.0,912.5499877929688,924.9000244140625,922.443115234375,538426
2021-02-23,936.0,989.8499755859375,933.0499877929688,967.8499755859375,965.2789916992188,474554
2021-02-24,972.4000244140625,987.5,937.1500244140625,963.7999877929688,961.23974609375,121401
2021-02-25,973.8499755859375,1025.0,965.2000122070312,992.5499877929688,989.9133911132812,415435
2021-02-26,985.0,987.7999877929688,945.0,958.25,955.7045288085938,196348
2021-03-01,970.7000122070312,1008.0,965.0,990.0999755859375,987.4698486328125,278803
2021-03-02,997.7999877929688,1025.0,990.4500122070312,999.1500244140625,996.4959106445312,209964
2021-03-03,1008.5999755859375,1056.699951171875,1003.0,1033.75,1031.00390625,461064
2021-03-04,1040.0,1099.800048828125,1040.0,1060.5,1057.682861328125,496213
2021-03-05,1068.5,1088.0,1020.0,1034.6500244140625,1031.901611328125,227177
2021-03-08,1044.0,1059.800048828125,990.6500244140625,1012.4000244140625,1009.710693359375,308133
2021-03-09,1015.0,1029.800048828125,991.0499877929688,1010.5999755859375,1007.9154052734375,144469
2021-03-10,1029.699951171875,1035.9000244140625,1004.5,1016.6500244140625,1013.9494018554688,116069
2021-03-12,1030.0,1030.0,1013.3499755859375,1025.449951171875,1022.7259521484375,114048
2021-03-15,1030.0,1030.0,990.2000122070312,1001.2999877929688,998.64013671875,81378
2021-03-16,1009.9500122070312,1014.75,980.0999755859375,994.6500244140625,992.0078125,97835
2021-03-17,1000.0,1000.0,939.2999877929688,949.3499755859375,946.828125,127742
2021-03-18,958.9500122070312,975.0,931.0,937.0,934.5109252929688,77681
2021-03-19,919.9500122070312,929.0,895.0,921.0999755859375,918.6531372070312,110913
2021-03-22,934.9000244140625,949.7000122070312,922.6500244140625,934.0,931.5189208984375,87412
2021-03-23,942.9000244140625,975.9000244140625,940.0,953.6500244140625,951.1167602539062,145922
2021-03-24,951.6500244140625,953.9000244140625,935.0,941.4500122070312,938.9491577148438,39462
2021-03-25,938.0,955.0,911.4000244140625,931.1500244140625,928.676513671875,60184
2021-03-26,943.0,962.5999755859375,932.5,951.4500122070312,948.922607421875,100970
2021-03-30,968.6500244140625,997.0,961.0499877929688,987.9000244140625,985.2757568359375,136886
2021-03-31,992.0,994.9500122070312,961.3499755859375,976.5999755859375,974.0057373046875,47703
2021-04-01,985.0999755859375,999.5499877929688,976.0,992.5,989.863525390625,49284
2021-04-05,994.9500122070312,995.0,956.4000244140625,981.0,978.39404296875,67949
2021-04-06,996.7000122070312,1022.5,971.4000244140625,1010.0,1007.3170166015625,169231
2021-04-07,1009.0,1030.0,1000.0,1020.25,1017.539794921875,111356
2021-04-08,1030.699951171875,1049.0,1022.25,1039.949951171875,1037.1873779296875,90868
2021-04-09,1040.0,1070.0,1031.050048828125,1062.949951171875,1060.1263427734375,148801
2021-04-12,1049.0,1070.0,1014.9500122070312,1049.25,1046.4627685546875,146823
2021-04-13,1058.0,1068.0,1024.449951171875,1059.1500244140625,1056.3365478515625,93082
2021-04-15,1062.0,1067.25,1036.5999755859375,1061.4000244140625,1058.58056640625,74771
2021-04-16,1059.0,1167.0,1055.5,1139.6500244140625,1136.6226806640625,503890
2021-04-19,1124.8499755859375,1177.949951171875,1025.699951171875,1119.9000244140625,1116.9251708984375,259618
2021-04-20,1169.0,1169.800048828125,1115.0,1118.5999755859375,1115.6285400390625,59595
2021-04-22,1118.5999755859375,1142.9000244140625,1081.5,1135.550048828125,1132.5335693359375,101904
2021-04-23,1144.550048828125,1147.699951171875,1072.75,1136.050048828125,1133.0322265625,80538
2021-04-26,1125.0,1137.199951171875,1090.0,1102.300048828125,1099.3719482421875,117458
2021-04-27,1095.0,1115.75,1091.5,1109.9000244140625,1106.95166015625,123773
2021-04-28,1110.3499755859375,1170.0,1090.0,1144.800048828125,1141.759033203125,125079
2021-04-29,1167.0,1224.0,1137.4000244140625,1150.5999755859375,1147.5435791015625,251536
2021-04-30,1150.0,1173.1500244140625,1118.800048828125,1151.0,1147.9425048828125,108309
2021-05-03,1147.0,1200.0,1131.300048828125,1192.3499755859375,1189.1826171875,103073
2021-05-04,1199.0,1200.0,1135.0,1145.550048828125,1142.5069580078125,70624
2021-05-05,1158.75,1167.050048828125,1133.0,1150.3499755859375,1147.294189453125,37169
2021-05-06,1167.6500244140625,1175.050048828125,1098.25,1118.050048828125,1115.080078125,196112
2021-05-07,1133.0,1136.800048828125,1101.050048828125,1114.050048828125,1111.0906982421875,71059
2021-05-10,1110.0,1175.0,1095.0,1132.449951171875,1129.441650390625,70669
2021-05-11,1140.0,1218.949951171875,1140.0,1177.699951171875,1174.571533203125,365746
2021-05-12,1195.949951171875,1195.949951171875,1145.0,1154.75,1151.6824951171875,45294
2021-05-14,1160.800048828125,1171.550048828125,1106.6500244140625,1115.199951171875,1112.237548828125,95579
2021-05-17,1122.0,1138.4000244140625,1095.199951171875,1121.0,1118.022216796875,87436
2021-05-18,1126.9000244140625,1149.0,1124.050048828125,1146.050048828125,1143.0057373046875,69525
2021-05-19,1156.3499755859375,1165.0,1139.0,1147.0999755859375,1144.0528564453125,66127
2021-05-20,1147.0999755859375,1149.550048828125,1120.0,1143.199951171875,1140.1632080078125,38217
2021-05-21,1143.199951171875,1185.699951171875,1125.0,1136.0,1132.9822998046875,181643
2021-05-24,1144.949951171875,1154.9000244140625,1122.0,1137.4000244140625,1134.378662109375,153633
2021-05-25,1156.9000244140625,1179.0,1112.0,1131.1500244140625,1128.145263671875,909333
2021-05-26,1120.0,1120.0,1080.0,1094.25,1091.34326171875,489641
2021-05-27,1095.0,1129.0,1083.6500244140625,1098.75,1095.831298828125,208356
2021-05-28,1104.5,1107.5,1081.0,1083.3499755859375,1080.47216796875,96838
2021-05-31,1083.25,1089.050048828125,1051.0,1053.4000244140625,1050.601806640625,190158
2021-06-01,1055.0,1089.550048828125,1055.0,1059.699951171875,1056.885009765625,141938
2021-06-02,1065.0,1082.0,1060.0,1066.550048828125,1063.7169189453125,71491
2021-06-03,1080.0,1084.800048828125,1065.699951171875,1069.800048828125,1066.958251953125,236599
2021-06-04,1079.0,1079.0,1044.949951171875,1060.550048828125,1057.7327880859375,177809
2021-06-07,1067.0,1069.9000244140625,1047.0,1056.75,1053.94287109375,102671
2021-06-08,1064.0,1069.699951171875,1045.0,1052.1500244140625,1049.3551025390625,67135
2021-06-09,1059.949951171875,1077.75,1050.0,1055.0999755859375,1052.2972412109375,170661
2021-06-10,1067.75,1069.800048828125,1050.0,1054.5999755859375,1051.798583984375,53724
2021-06-11,1060.949951171875,1062.949951171875,1047.699951171875,1050.4000244140625,1047.6097412109375,58799
2021-06-14,1054.3499755859375,1055.25,1035.0,1047.050048828125,1044.2686767578125,58360
2021-06-15,1054.5,1054.5,1043.0,1049.050048828125,1046.2633056640625,65629
2021-06-16,1053.0,1058.25,1031.0,1044.949951171875,1042.1741943359375,82748
2021-06-17,1039.0,1054.9000244140625,1006.0,1014.75,1012.054443359375,97680
2021-06-18,1022.7999877929688,1022.9000244140625,987.0,994.5,991.8582153320312,156469
2021-06-21,970.2000122070312,1004.3499755859375,954.0,996.0999755859375,993.4539184570312,196320
2021-06-22,1010.0,1035.8499755859375,1010.0,1021.0,1018.287841796875,143650
2021-06-23,1038.0,1045.0,1021.0,1040.3499755859375,1037.58642578125,122559
2021-06-24,1042.050048828125,1045.0,1027.0,1036.0,1033.2479248046875,40762
2021-06-25,1044.6500244140625,1060.4000244140625,1031.8499755859375,1044.800048828125,1042.024658203125,91550
2021-06-28,1057.0,1057.0,1024.1500244140625,1034.3499755859375,1031.602294921875,46340
2021-06-29,1035.0,1043.550048828125,1022.0,1030.550048828125,1027.8125,49986
2021-06-30,1036.0,1039.949951171875,1022.0,1026.9000244140625,1024.172119140625,33820
2021-07-01,1036.5999755859375,1053.949951171875,1026.949951171875,1043.75,1040.9774169921875,102688
2021-07-02,1043.5,1066.0,1035.050048828125,1046.199951171875,1043.4207763671875,218081
2021-07-05,1055.0,1065.550048828125,1038.0999755859375,1050.199951171875,1047.41015625,83480
2021-07-06,1056.800048828125,1076.050048828125,1049.949951171875,1050.8499755859375,1048.0584716796875,119608
2021-07-07,1054.0,1094.0,1041.5,1052.050048828125,1049.25537109375,401568
2021-07-08,1056.8499755859375,1086.699951171875,1042.0,1047.050048828125,1044.2686767578125,246692
2021-07-09,1052.0,1056.0,1031.25,1036.1500244140625,1033.3975830078125,80166
2021-07-12,1036.0,1048.300048828125,1022.0,1026.0,1023.2745361328125,53875
2021-07-13,1040.0,1049.949951171875,1026.0,1037.449951171875,1034.694091796875,78081
2021-07-14,1047.0,1059.699951171875,1039.0,1050.25,1047.4600830078125,81055
2021-07-15,1057.0,1061.800048828125,1031.449951171875,1040.4000244140625,1037.6363525390625,72905
2021-07-16,1025.0,1043.949951171875,1025.0,1034.75,1032.0013427734375,103293
2021-07-19,1030.5,1040.0,1025.199951171875,1038.0999755859375,1035.3424072265625,223058
2021-07-20,1040.0,1060.25,1027.699951171875,1050.300048828125,1047.510009765625,109330
2021-07-22,1068.4000244140625,1084.3499755859375,1056.6500244140625,1068.0,1065.1629638671875,142483
2021-07-23,1080.0,1130.0,1071.0,1121.800048828125,1118.820068359375,715573
2021-07-26,1134.0,1148.3499755859375,1103.0,1141.0,1137.968994140625,301953
2021-07-27,1141.0,1155.4000244140625,1112.1500244140625,1125.550048828125,1122.5601806640625,136557
2021-07-28,1125.550048828125,1141.0,1100.300048828125,1121.8499755859375,1118.869873046875,90645
2021-07-29,1112.050048828125,1188.0,1112.050048828125,1140.550048828125,1137.520263671875,515938
2021-07-30,1141.0,1158.550048828125,1132.0,1153.0,1149.9371337890625,474295
2021-08-02,1166.0,1182.449951171875,1145.0,1150.199951171875,1147.14453125,106925
2021-08-03,1160.6500244140625,1160.949951171875,1127.800048828125,1153.9000244140625,1150.8348388671875,70606
2021-08-04,1164.0,1170.0,1122.0,1128.5999755859375,1125.6019287109375,205104
2021-08-05,1168.0,1168.0,1125.050048828125,1134.199951171875,1131.18701171875,72005
2021-08-06,1138.0,1163.3499755859375,1130.449951171875,1134.6500244140625,1131.635986328125,32703
2021-08-09,1134.800048828125,1146.0,1116.050048828125,1128.1500244140625,1125.1531982421875,33106
2021-08-10,1125.1500244140625,1168.0,1090.0,1099.3499755859375,1096.4296875,81071
2021-08-11,1099.3499755859375,1145.699951171875,1013.5999755859375,1059.699951171875,1056.885009765625,525129
2021-08-12,1051.0,1084.75,1041.25,1050.5,1047.70947265625,259490
2021-08-13,1059.9000244140625,1080.0,1048.0,1053.3499755859375,1050.5518798828125,160173
2021-08-16,1053.3499755859375,1075.0,1034.0999755859375,1046.8499755859375,1044.069091796875,59198
2021-08-17,1046.8499755859375,1062.5,1030.0999755859375,1039.300048828125,1036.539306640625,143058
2021-08-18,1059.0,1069.8499755859375,1035.0,1038.699951171875,1035.9407958984375,95235
2021-08-20,1034.0,1055.199951171875,1025.199951171875,1036.8499755859375,1034.095703125,123697
2021-08-23,1055.1500244140625,1104.300048828125,1049.9000244140625,1075.5999755859375,1072.7427978515625,433466
2021-08-24,1098.0,1147.0,1089.0,1138.5999755859375,1135.575439453125,330241
2021-08-25,1154.0,1238.0,1147.1500244140625,1174.1500244140625,1171.031005859375,2030882
2021-08-26,1180.0,1188.0,1139.5999755859375,1175.75,1172.626708984375,379915
2021-08-27,1178.0,1210.0,1150.0,1180.0999755859375,1176.9652099609375,364343
2021-08-30,1180.0,1245.0,1165.800048828125,1212.3499755859375,1209.1295166015625,506689
2021-08-31,1213.5,1232.0,1191.0,1214.3499755859375,1211.1241455078125,194934
2021-09-01,1223.0,1225.0,1172.5,1182.800048828125,1179.6580810546875,125425
2021-09-02,1188.800048828125,1205.0,1175.699951171875,1183.449951171875,1180.3062744140625,126109
2021-09-03,1188.699951171875,1208.449951171875,1185.0,1203.75,1200.5523681640625,96325
2021-09-06,1208.800048828125,1319.4000244140625,1208.699951171875,1304.25,1300.785400390625,1200226
2021-09-07,1304.5,1359.0,1285.0,1341.449951171875,1337.886474609375,769632
2021-09-08,1351.0,1369.0,1330.0999755859375,1352.6500244140625,1349.056884765625,304514
2021-09-09,1352.6500244140625,1359.949951171875,1312.050048828125,1324.449951171875,1320.931640625,207582
2021-09-13,1332.75,1348.5999755859375,1316.199951171875,1323.9000244140625,1320.3831787109375,250258
2021-09-14,1335.0,1389.800048828125,1325.449951171875,1381.0,1377.33154296875,327818
2021-09-15,1392.0,1435.0,1380.0,1417.050048828125,1413.2857666015625,278369
2021-09-16,1429.8499755859375,1458.0,1389.5999755859375,1442.699951171875,1438.8675537109375,291962
2021-09-17,1449.949951171875,1588.949951171875,1422.199951171875,1490.800048828125,1486.83984375,1942534
2021-09-20,1468.5,1558.0,1438.050048828125,1518.949951171875,1514.9150390625,581207
2021-09-21,1531.0,1539.800048828125,1491.1500244140625,1519.0999755859375,1515.064697265625,196894
2021-09-22,1528.4000244140625,1562.0,1500.4000244140625,1513.449951171875,1509.4295654296875,180229
2021-09-23,1519.949951171875,1553.9000244140625,1519.0,1531.800048828125,1527.73095703125,202552
2021-09-24,1544.75,1548.5999755859375,1455.0,1471.6500244140625,1467.74072265625,270576
2021-09-27,1480.0,1498.0,1409.9000244140625,1413.050048828125,1409.29638671875,199878
2021-09-28,1425.4000244140625,1425.4000244140625,1350.050048828125,1371.5,1367.856689453125,192123
2021-09-29,1371.0,1388.1500244140625,1340.0,1343.699951171875,1340.1304931640625,137265
2021-09-30,1353.0,1375.0,1293.6500244140625,1305.6500244140625,1302.181640625,586789
2021-10-01,1306.5999755859375,1335.9000244140625,1300.0999755859375,1306.9000244140625,1303.4283447265625,111566
2021-10-04,1315.5999755859375,1355.0,1310.0,1320.8499755859375,1317.34130859375,97905
2021-10-05,1315.0,1327.8499755859375,1280.0,1283.699951171875,1280.2899169921875,163627
2021-10-06,1289.9000244140625,1297.6500244140625,1255.0,1262.25,1258.89697265625,157544
2021-10-07,1264.4000244140625,1273.6500244140625,1243.949951171875,1252.800048828125,1249.47216796875,99030
2021-10-08,1257.0,1279.0,1216.3499755859375,1231.5999755859375,1228.328369140625,357110
2021-10-11,1240.0,1255.0,1233.0,1238.4000244140625,1235.1103515625,100740
2021-10-12,1244.0,1246.6500244140625,1231.5999755859375,1233.3499755859375,1230.07373046875,76463
2021-10-13,1238.0,1243.449951171875,1220.0,1231.6500244140625,1228.3782958984375,116477
2021-10-14,1237.8499755859375,1286.0,1231.8499755859375,1274.949951171875,1271.563232421875,289407
2021-10-18,1275.0,1313.0,1273.0,1291.949951171875,1288.51806640625,361276
2021-10-19,1314.0,1314.0,1260.25,1273.75,1270.366455078125,139744
2021-10-20,1279.9000244140625,1279.949951171875,1150.0,1188.1500244140625,1184.9937744140625,325762
2021-10-21,1202.800048828125,1220.0,1131.25,1164.6500244140625,1161.5562744140625,171739
2021-10-22,1176.0,1184.949951171875,1150.050048828125,1158.8499755859375,1155.7716064453125,89237
2021-10-25,1158.8499755859375,1173.0,1111.0,1155.75,1152.6798095703125,138014
2021-10-26,1155.0,1165.0,1140.199951171875,1147.75,1144.701171875,59517
2021-10-27,1159.699951171875,1180.699951171875,1125.0,1129.699951171875,1126.698974609375,238710
2021-10-28,1134.949951171875,1143.949951171875,1116.3499755859375,1124.4000244140625,1121.4132080078125,86457
2021-10-29,1132.300048828125,1150.0,1081.699951171875,1105.699951171875,1102.7628173828125,231360
2021-11-01,1115.0,1118.8499755859375,1088.199951171875,1094.550048828125,1091.6424560546875,97791
2021-11-02,1100.0,1112.8499755859375,1082.199951171875,1099.5999755859375,1096.678955078125,122851
2021-11-03,1099.5999755859375,1107.75,1091.0,1097.6500244140625,1094.7342529296875,64313
2021-11-04,1110.0,1140.0,1102.550048828125,1110.9000244140625,1107.948974609375,34692
2021-11-08,1123.9000244140625,1123.9000244140625,1093.0,1098.25,1095.3326416015625,88356
2021-11-09,1090.0,1106.3499755859375,1090.0,1092.6500244140625,1089.74755859375,108755
2021-11-10,1092.75,1120.0,1085.0,1110.0999755859375,1107.151123046875,161076
2021-11-11,1114.8499755859375,1119.0,1093.4000244140625,1108.949951171875,1106.004150390625,121763
2021-11-12,1111.699951171875,1113.449951171875,1068.0,1090.300048828125,1087.40380859375,718389
2021-11-15,1100.0,1155.3499755859375,1092.0,1146.4000244140625,1143.354736328125,547732
2021-11-16,1147.800048828125,1159.0,1110.0999755859375,1144.949951171875,1141.908447265625,255399
2021-11-17,1144.0,1154.800048828125,1102.300048828125,1120.199951171875,1117.2242431640625,242076
2021-11-18,1120.949951171875,1124.949951171875,1060.550048828125,1073.3499755859375,1070.498779296875,266920
2021-11-22,1074.4000244140625,1083.550048828125,1028.449951171875,1058.75,1055.9375,120959
2021-11-23,1048.0,1079.800048828125,1035.550048828125,1073.199951171875,1070.34912109375,94862
2021-11-24,1088.0,1094.800048828125,1050.0,1057.0999755859375,1054.2918701171875,69555
2021-11-25,1064.75,1073.0,1035.0,1060.5999755859375,1057.7825927734375,127588
2021-11-26,1061.0,1061.0,1026.199951171875,1029.3499755859375,1026.6156005859375,90554
2021-11-29,1025.0,1040.0,932.6500244140625,1023.0999755859375,1020.3822021484375,325067
2021-11-30,1010.0,1085.6500244140625,1010.0,1074.25,1071.3963623046875,332652
2021-12-01,1062.5,1075.4000244140625,1030.050048828125,1043.25,1040.478759765625,183216
2021-12-02,1049.4000244140625,1050.6500244140625,1020.5,1035.3499755859375,1032.5997314453125,106538
2021-12-03,1038.0,1047.050048828125,1030.0999755859375,1035.699951171875,1032.94873046875,87653
2021-12-06,1050.0,1055.0,1017.0,1021.0999755859375,1018.3875122070312,87513
2021-12-07,1041.550048828125,1041.550048828125,1015.5499877929688,1022.0999755859375,1019.3848876953125,92547
2021-12-08,1038.9000244140625,1069.25,1026.3499755859375,1056.050048828125,1053.2447509765625,150787
2021-12-09,1064.0,1064.0,1040.0,1046.5,1043.7200927734375,57658
2021-12-10,1151.0,1169.1500244140625,1096.8499755859375,1124.699951171875,1121.7122802734375,2192714
2021-12-13,1134.0,1173.0,1110.0999755859375,1150.699951171875,1147.6431884765625,566440
2021-12-14,1150.699951171875,1159.0,1131.050048828125,1146.5,1143.4544677734375,172571
2021-12-15,1142.0,1300.0,1138.199951171875,1278.449951171875,1275.0538330078125,2606363
2021-12-16,1267.0,1286.5999755859375,1218.9000244140625,1259.449951171875,1256.1043701171875,1070314
2021-12-17,1241.3499755859375,1333.800048828125,1219.449951171875,1312.050048828125,1308.564697265625,1827935
2021-12-20,1260.0,1324.75,1260.0,1289.0999755859375,1285.6756591796875,850270
2021-12-21,1303.800048828125,1342.0,1231.8499755859375,1260.050048828125,1256.702880859375,523758
2021-12-22,1259.800048828125,1380.0,1255.300048828125,1355.5,1351.8992919921875,1299896
2021-12-23,1350.0,1380.0,1305.0,1332.0999755859375,1328.5614013671875,752835
2021-12-24,1322.0999755859375,1352.1500244140625,1264.0,1286.949951171875,1283.53125,396949
2021-12-27,1278.9000244140625,1319.8499755859375,1248.5999755859375,1306.5,1303.0294189453125,350572
2021-12-28,1307.0,1339.25,1307.0,1318.0,1314.4989013671875,225930
2021-12-29,1323.9000244140625,1337.6500244140625,1280.0,1291.1500244140625,1287.72021484375,204725
2021-12-30,1297.050048828125,1309.75,1255.0,1271.199951171875,1267.8231201171875,171721
2021-12-31,1280.0,1297.8499755859375,1261.550048828125,1284.25,1280.8385009765625,126570
2022-01-03,1294.5,1317.699951171875,1276.050048828125,1288.1500244140625,1284.7281494140625,117382
2022-01-04,1300.0,1310.0,1272.6500244140625,1291.0999755859375,1287.6702880859375,154459
2022-01-05,1291.0999755859375,1317.4000244140625,1253.0,1262.699951171875,1259.345703125,150762
2022-01-06,1258.9000244140625,1258.9000244140625,1213.9000244140625,1223.050048828125,1219.8011474609375,130703
2022-01-07,1226.949951171875,1285.0,1226.9000244140625,1274.4000244140625,1271.0146484375,347228
2022-01-10,1285.0,1317.0,1245.449951171875,1256.199951171875,1252.863037109375,167301
2022-01-11,1256.199951171875,1259.9000244140625,1222.050048828125,1234.050048828125,1230.77197265625,165738
2022-01-12,1240.0,1248.699951171875,1225.0,1233.0,1229.724609375,85501
2022-01-13,1235.0999755859375,1252.5999755859375,1218.5999755859375,1232.3499755859375,1229.076416015625,97184
2022-01-14,1240.5,1249.800048828125,1222.0999755859375,1226.1500244140625,1222.892822265625,107536
2022-01-17,1228.9000244140625,1248.0,1226.25,1242.5,1239.199462890625,104109
2022-01-18,1248.949951171875,1248.949951171875,1203.3499755859375,1206.949951171875,1203.7437744140625,77868
2022-01-19,1213.8499755859375,1245.9000244140625,1191.1500244140625,1238.8499755859375,1235.55908203125,125936
2022-01-20,1243.0,1254.0,1217.0,1219.800048828125,1216.559814453125,151535
2022-01-21,1219.0,1232.1500244140625,1191.6500244140625,1197.800048828125,1194.6181640625,66402
2022-01-24,1197.800048828125,1198.8499755859375,1145.0999755859375,1156.949951171875,1153.8765869140625,93209
2022-01-25,1140.0,1170.5,1107.0,1156.5,1153.4278564453125,135477
2022-01-27,1153.949951171875,1161.699951171875,1111.0,1118.6500244140625,1115.678466796875,73439
2022-01-28,1119.6500244140625,1168.0999755859375,1119.6500244140625,1144.949951171875,1141.908447265625,130811
2022-01-31,1164.949951171875,1211.300048828125,1150.1500244140625,1196.300048828125,1193.1221923828125,153918
2022-02-01,1204.0,1220.6500244140625,1189.8499755859375,1214.0,1210.775146484375,113017
2022-02-02,1224.9000244140625,1241.0,1209.8499755859375,1216.5999755859375,1213.3681640625,151267
2022-02-03,1224.75,1245.0,1210.0,1217.5999755859375,1214.3656005859375,232663
2022-02-04,1223.699951171875,1233.0,1213.0,1221.949951171875,1218.7039794921875,61370
2022-02-07,1240.0,1240.0,1214.0999755859375,1220.3499755859375,1217.1082763671875,72123
2022-02-08,1234.9000244140625,1258.25,1202.1500244140625,1220.699951171875,1217.457275390625,475198
2022-02-09,1210.0,1224.699951171875,1174.5999755859375,1186.699951171875,1183.547607421875,197919
2022-02-10,1192.75,1193.699951171875,1176.5,1187.449951171875,1184.295654296875,90174
2022-02-11,1165.0999755859375,1175.0,1158.0,1165.6500244140625,1162.5535888671875,61678
2022-02-14,1121.0999755859375,1161.5999755859375,1114.25,1147.5999755859375,1144.551513671875,57543
2022-02-15,1160.0,1181.0,1148.0,1175.199951171875,1172.078125,55312
2022-02-16,1181.4000244140625,1202.199951171875,1175.0,1176.5,1173.374755859375,38543
2022-02-17,1180.0,1205.0,1172.0,1187.0999755859375,1183.946533203125,168178
2022-02-18,1200.0,1202.949951171875,1173.5999755859375,1184.449951171875,1181.3035888671875,51517
2022-02-21,1168.0,1180.0,1161.75,1174.5,1171.3800048828125,32358
2022-02-22,1140.0,1154.949951171875,1122.0,1128.699951171875,1125.70166015625,84321
2022-02-23,1130.0,1170.0,1080.0,1084.3499755859375,1081.469482421875,250184
2022-02-24,1072.0,1099.949951171875,1030.5,1075.300048828125,1072.443603515625,125198
2022-02-25,1080.0,1150.0,1080.0,1123.0999755859375,1120.1165771484375,93913
2022-02-28,1090.0,1158.4000244140625,1080.0,1146.800048828125,1143.753662109375,66238
2022-03-02,1139.0,1166.0,1129.25,1146.800048828125,1143.753662109375,33142
2022-03-03,1146.0,1169.5,1101.5,1110.199951171875,1107.2508544921875,50688
2022-03-04,1110.199951171875,1113.1500244140625,1066.0,1071.75,1068.9029541015625,50989
2022-03-07,1061.0,1140.0,1031.699951171875,1119.699951171875,1116.7255859375,91917
2022-03-08,1101.0,1142.0,1090.6500244140625,1111.0999755859375,1108.1484375,69389
2022-03-09,1107.0,1107.0,1045.0,1051.0999755859375,1048.307861328125,607853
2022-03-10,1087.0,1087.0,1000.0,1008.0499877929688,1005.3721923828125,650208
2022-03-11,1008.0499877929688,1036.449951171875,991.5,1026.0999755859375,1023.374267578125,154515
2022-03-14,1035.0,1035.0,997.0,1002.1500244140625,999.4879150390625,172860
2022-03-15,1010.0,1013.1500244140625,996.0,1000.3499755859375,997.692626953125,240934
2022-03-16,1005.4000244140625,1033.550048828125,1000.7000122070312,1022.7000122070312,1019.9833374023438,338970
2022-03-17,1028.9000244140625,1066.0,1025.0,1062.300048828125,1059.4781494140625,170245
2022-03-21,1072.800048828125,1085.6500244140625,1041.5999755859375,1048.449951171875,1045.664794921875,90837
2022-03-22,1055.0,1057.199951171875,1029.0,1038.050048828125,1035.2926025390625,57667
2022-03-23,1043.5,1077.0,1035.0,1063.0,1060.17626953125,189971
2022-03-24,1066.800048828125,1083.3499755859375,1050.0,1060.550048828125,1057.7327880859375,154153
2022-03-25,1063.949951171875,1063.949951171875,1032.3499755859375,1039.5999755859375,1036.83837890625,65509
2022-03-28,1045.0999755859375,1056.0,1026.0,1047.050048828125,1044.2686767578125,79203
2022-03-29,1052.0,1079.949951171875,1045.0999755859375,1070.8499755859375,1068.00537109375,97513
2022-03-30,1085.0,1105.0,1063.0,1072.3499755859375,1069.5013427734375,240861
2022-03-31,1061.0,1102.3499755859375,1050.0,1074.699951171875,1071.8450927734375,76035
2022-04-01,1086.0,1086.8499755859375,1068.0,1078.8499755859375,1075.984130859375,53305
2022-04-04,1085.0,1110.0,1080.0,1100.550048828125,1097.6265869140625,117493
2022-04-05,1106.0,1133.199951171875,1103.1500244140625,1114.75,1111.788818359375,126649
2022-04-06,1110.0,1129.9000244140625,1095.199951171875,1104.25,1101.316650390625,110510
2022-04-07,1100.0,1123.9000244140625,1077.0,1090.800048828125,1087.9024658203125,105688
2022-04-08,1096.5,1105.0,1080.0,1092.3499755859375,1089.4482421875,50683
2022-04-11,1092.0,1147.699951171875,1091.75,1141.300048828125,1138.268310546875,448420
2022-04-12,1140.0,1155.0,1118.0,1141.0999755859375,1138.0687255859375,157206
2022-04-13,1148.050048828125,1152.050048828125,1131.949951171875,1139.5,1136.4730224609375,73973
2022-04-18,1139.0,1146.050048828125,1104.449951171875,1116.800048828125,1113.8333740234375,126341
2022-04-19,1140.0,1143.75,1060.800048828125,1099.800048828125,1096.8785400390625,60149
2022-04-20,1090.0,1115.0,1060.550048828125,1075.199951171875,1072.34375,66916
2022-04-21,1087.0,1108.0,1081.8499755859375,1093.0999755859375,1090.1962890625,42257
2022-04-22,1077.0,1106.5999755859375,1077.0,1091.0999755859375,1088.2015380859375,33570
2022-04-25,1088.449951171875,1099.3499755859375,1071.050048828125,1090.1500244140625,1087.254150390625,58670
2022-04-26,1111.0,1121.5999755859375,1082.4000244140625,1091.8499755859375,1088.9495849609375,92649
2022-04-27,1091.8499755859375,1095.300048828125,1074.5999755859375,1080.449951171875,1077.579833984375,40797
2022-04-28,1085.9000244140625,1109.5,1075.300048828125,1099.949951171875,1097.028076171875,52114
2022-04-29,1098.550048828125,1117.0,1092.0,1097.699951171875,1094.7840576171875,54564
2022-05-02,1094.0,1125.0,1085.4000244140625,1097.75,1094.833984375,76661
2022-05-04,1099.0,1116.449951171875,1095.550048828125,1097.8499755859375,1094.93359375,77706
2022-05-05,1103.5999755859375,1114.0,1092.4000244140625,1097.0,1094.0859375,36844
2022-05-06,1090.0,1099.9000244140625,1063.300048828125,1092.5999755859375,1089.6976318359375,42890
2022-05-09,1110.0,1110.0,999.25,1011.1500244140625,1008.4639892578125,212042
2022-05-10,1011.1500244140625,1027.5999755859375,971.4500122070312,977.25,974.654052734375,64681
2022-05-11,977.25,985.3499755859375,912.0,925.25,922.7921752929688,115392
2022-05-12,925.0,936.6500244140625,860.5999755859375,916.7999877929688,914.3646240234375,86047
2022-05-13,920.0,941.0499877929688,890.0,905.6500244140625,903.2442626953125,45907
2022-05-16,907.0,934.5,899.0,915.2000122070312,912.7688598632812,29804
2022-05-17,919.9000244140625,1050.0,918.9500122070312,998.75,996.096923828125,829707
2022-05-18,980.0,987.0,947.0,957.7999877929688,955.2556762695312,244126
2022-05-19,951.0,951.0,930.0,935.5499877929688,933.0648193359375,62996
2022-05-20,941.5,959.9000244140625,941.5,947.4500122070312,944.9332275390625,38639
2022-05-23,955.0,963.1500244140625,927.2000122070312,938.5499877929688,936.0568237304688,35683
2022-05-24,942.0,998.0,939.5499877929688,991.4500122070312,988.8163452148438,217773
2022-05-25,989.2000122070312,1009.8499755859375,979.0,986.25,983.630126953125,163112
2022-05-26,985.0,994.75,972.5,987.2000122070312,984.57763671875,67693
2022-05-27,992.1500244140625,1004.0499877929688,976.0,987.0999755859375,984.4778442382812,41394
2022-05-30,990.0,992.0499877929688,983.2000122070312,984.7000122070312,982.084228515625,52711
2022-05-31,989.6500244140625,1034.0,980.0,990.1500244140625,987.519775390625,136473
2022-06-01,1010.0,1018.0,975.0,979.9500122070312,977.3468627929688,130360
2022-06-02,985.0999755859375,1010.0,976.5499877929688,1007.0499877929688,1004.3748779296875,83345
2022-06-03,1012.4000244140625,1030.0,981.75,989.7000122070312,987.0709838867188,146549
2022-06-06,990.9000244140625,996.7000122070312,955.0999755859375,963.0499877929688,960.4917602539062,44419
2022-06-07,964.3499755859375,970.0,941.5499877929688,959.3499755859375,956.8015747070312,56883
2022-06-08,970.0,995.0,963.4500122070312,985.0999755859375,982.483154296875,62668
2022-06-09,986.2999877929688,989.0,965.0999755859375,973.0,970.4153442382812,31327
2022-06-10,971.0,983.0,955.0,960.9000244140625,958.3474731445312,29691
2022-06-13,952.2000122070312,979.9000244140625,906.0,959.5499877929688,957.0010375976562,74558
2022-06-14,951.0,962.1500244140625,933.1500244140625,952.2999877929688,949.7703247070312,78560
2022-06-15,955.0,957.0999755859375,931.75,938.9000244140625,936.4059448242188,50897
2022-06-16,940.5499877929688,948.9500122070312,892.1500244140625,900.4000244140625,898.0081787109375,61080
2022-06-17,900.6500244140625,911.9500122070312,858.5499877929688,903.0999755859375,900.7009887695312,55225
2022-06-20,903.0999755859375,935.5999755859375,890.0999755859375,908.0499877929688,905.6378173828125,91663
2022-06-21,900.0,938.0,900.0,925.9000244140625,923.4404907226562,77267
2022-06-22,917.0,943.7000122070312,915.0,931.3499755859375,928.8759155273438,48084
2022-06-23,940.0,940.0,910.0,919.5499877929688,917.1072998046875,51555
2022-06-24,916.0499877929688,925.0499877929688,905.9000244140625,916.7999877929688,914.3646240234375,68981
2022-06-27,926.1500244140625,945.0,920.0,935.25,932.765625,31282
2022-06-28,945.0,948.7999877929688,921.7000122070312,941.4000244140625,938.8992919921875,57972
2022-06-29,932.7999877929688,977.7000122070312,930.9500122070312,965.75,963.1845703125,106490
2022-06-30,965.75,1047.0,965.75,1023.9500122070312,1021.22998046875,326869
2022-07-01,1021.0,1048.0,1000.2000122070312,1041.550048828125,1038.7833251953125,326410
2022-07-04,1041.550048828125,1085.0,1010.1500244140625,1076.550048828125,1073.6903076171875,258504
2022-07-05,1082.199951171875,1109.9000244140625,1070.0,1093.9000244140625,1090.994140625,493534
2022-07-06,1085.0,1100.0,1066.5,1074.6500244140625,1071.7952880859375,99579
2022-07-07,1080.949951171875,1115.0,1074.3499755859375,1108.199951171875,1105.256103515625,135914
2022-07-08,1105.0,1125.0,1092.550048828125,1119.9000244140625,1116.9251708984375,75527
2022-07-11,1114.550048828125,1136.0,1083.300048828125,1095.0,1092.0911865234375,90955
2022-07-12,1095.0,1118.0,1070.050048828125,1083.0,1080.1231689453125,87623
2022-07-13,1083.0,1123.0,1076.449951171875,1112.6500244140625,1109.6943359375,109727
2022-07-14,1113.0,1142.0,1102.949951171875,1138.8499755859375,1135.82470703125,155759
2022-07-15,1138.0,1187.9000244140625,1128.5,1176.300048828125,1173.17529296875,162186
2022-07-18,1179.0,1199.050048828125,1144.0,1150.75,1147.693115234375,160434
2022-07-19,1164.0,1165.199951171875,1130.0,1134.5999755859375,1131.5860595703125,63330
2022-07-20,1154.0,1154.0,1129.25,1133.4000244140625,1130.3892822265625,47642
2022-07-21,1139.0,1150.0,1104.0,1143.449951171875,1140.4124755859375,126944
2022-07-22,1145.0,1156.5999755859375,1125.199951171875,1153.5999755859375,1150.5355224609375,81910
2022-07-25,1165.0,1179.0,1155.3499755859375,1169.0,1165.8946533203125,67424
2022-07-26,1181.0,1183.8499755859375,1125.800048828125,1133.3499755859375,1130.33935546875,51901
2022-07-27,1133.3499755859375,1144.6500244140625,1126.199951171875,1129.3499755859375,1126.3499755859375,24933
2022-07-28,1130.0,1149.4000244140625,1105.6500244140625,1113.800048828125,1113.800048828125,39529
2022-07-29,1160.0,1160.0,1126.050048828125,1133.1500244140625,1133.1500244140625,58370
2022-08-01,1145.199951171875,1160.0,1133.9000244140625,1139.6500244140625,1139.6500244140625,23234
2022-08-02,1137.0,1140.25,1122.3499755859375,1132.0,1132.0,26384
2022-08-03,1140.0,1140.0,1120.199951171875,1127.4000244140625,1127.4000244140625,21817
2022-08-04,1129.0,1155.0,1113.0999755859375,1141.949951171875,1141.949951171875,99562
2022-08-05,1146.050048828125,1148.0,1125.0,1131.050048828125,1131.050048828125,21972
2022-08-08,1135.6500244140625,1185.0,1125.0999755859375,1150.550048828125,1150.550048828125,137005
2022-08-10,1140.0,1173.699951171875,1119.25,1161.4000244140625,1161.4000244140625,147605
2022-08-11,1169.9000244140625,1169.9000244140625,1145.300048828125,1156.4000244140625,1156.4000244140625,35965
2022-08-12,1157.6500244140625,1186.0,1134.0,1143.550048828125,1143.550048828125,349096
2022-08-16,1145.300048828125,1174.0,1130.949951171875,1142.5999755859375,1142.5999755859375,69865
2022-08-17,1160.0,1183.5999755859375,1145.300048828125,1155.75,1155.75,177918
2022-08-18,1165.0,1240.0,1155.800048828125,1226.1500244140625,1226.1500244140625,1099035
2022-08-19,1240.0,1250.0,1203.25,1228.3499755859375,1228.3499755859375,270621
2022-08-22,1228.3499755859375,1262.0,1203.1500244140625,1245.800048828125,1245.800048828125,353584
2022-08-23,1245.0,1265.0,1233.0,1247.9000244140625,1247.9000244140625,174916
2022-08-24,1250.0,1259.050048828125,1216.6500244140625,1230.0999755859375,1230.0999755859375,127820
2022-08-25,1231.0,1260.0,1231.0,1246.449951171875,1246.449951171875,138163
2022-08-26,1253.0,1264.5999755859375,1210.050048828125,1224.0,1224.0,176242
2022-08-29,1214.9000244140625,1230.0,1194.0,1212.0,1212.0,50501
2022-08-30,1216.949951171875,1237.800048828125,1211.9000244140625,1232.9000244140625,1232.9000244140625,124495
2022-09-01,1219.550048828125,1243.800048828125,1195.0,1209.949951171875,1209.949951171875,86181
2022-09-02,1217.6500244140625,1230.0,1200.1500244140625,1222.25,1222.25,108188
2022-09-05,1223.9000244140625,1242.699951171875,1198.0,1224.25,1224.25,59201
2022-09-06,1234.1500244140625,1248.4000244140625,1225.0,1229.6500244140625,1229.6500244140625,80109
2022-09-07,1229.6500244140625,1255.0,1213.949951171875,1226.9000244140625,1226.9000244140625,173494
2022-09-08,1236.0,1238.199951171875,1200.199951171875,1208.300048828125,1208.300048828125,103273
2022-09-09,1214.5,1217.5,1199.1500244140625,1204.449951171875,1204.449951171875,51228
2022-09-12,1204.449951171875,1214.949951171875,1200.0999755859375,1203.300048828125,1203.300048828125,43919
2022-09-13,1210.5999755859375,1213.0,1200.199951171875,1205.75,1205.75,44780
2022-09-14,1199.949951171875,1209.699951171875,1180.050048828125,1184.0999755859375,1184.0999755859375,89191
2022-09-15,1190.050048828125,1193.0,1172.300048828125,1180.0999755859375,1180.0999755859375,34587
2022-09-16,1187.300048828125,1206.0,1110.0,1120.5999755859375,1120.5999755859375,144461
2022-09-19,1120.550048828125,1199.0,1120.0,1142.8499755859375,1142.8499755859375,97481
2022-09-20,1148.5999755859375,1174.300048828125,1127.050048828125,1131.800048828125,1131.800048828125,55659
2022-09-21,1135.1500244140625,1147.699951171875,1080.949951171875,1120.699951171875,1120.699951171875,153865
2022-09-22,1126.5999755859375,1126.5999755859375,1087.949951171875,1110.4000244140625,1110.4000244140625,122122
2022-09-23,1100.300048828125,1107.3499755859375,1070.0,1076.949951171875,1076.949951171875,91001
2022-09-26,1073.25,1075.0,1003.0,1066.949951171875,1066.949951171875,174056
2022-09-27,1079.949951171875,1088.0,1035.550048828125,1074.5,1074.5,78043
2022-09-28,1073.9000244140625,1108.0,1060.0,1091.0999755859375,1091.0999755859375,59126
2022-09-29,1096.800048828125,1150.0,1095.9000244140625,1136.3499755859375,1136.3499755859375,128070
2022-09-30,1153.8499755859375,1216.9000244140625,1124.550048828125,1202.199951171875,1202.199951171875,365305
2022-10-03,1198.4000244140625,1229.9000244140625,1177.449951171875,1191.0,1191.0,204811
2022-10-04,1204.699951171875,1213.25,1160.0999755859375,1189.050048828125,1189.050048828125,141657
2022-10-06,1188.949951171875,1210.0,1177.949951171875,1188.300048828125,1188.300048828125,119685
2022-10-07,1188.0999755859375,1212.0,1177.550048828125,1203.8499755859375,1203.8499755859375,95735
2022-10-10,1192.9000244140625,1229.0,1160.300048828125,1183.9000244140625,1183.9000244140625,228857
2022-10-11,1180.0,1201.949951171875,1166.6500244140625,1190.4000244140625,1190.4000244140625,119813
2022-10-12,1189.949951171875,1198.550048828125,1156.0,1161.4000244140625,1161.4000244140625,65882
2022-10-13,1155.0,1169.949951171875,1141.199951171875,1156.699951171875,1156.699951171875,58788
2022-10-14,1162.800048828125,1172.0,1138.0,1144.300048828125,1144.300048828125,47949
2022-10-17,1133.9000244140625,1162.5999755859375,1133.9000244140625,1151.0999755859375,1151.0999755859375,80136
2022-10-18,1146.1500244140625,1193.0999755859375,1140.0,1152.75,1152.75,154030
2022-10-19,1154.5999755859375,1189.949951171875,1152.0,1163.4000244140625,1163.4000244140625,77711
2022-10-20,1158.4000244140625,1182.8499755859375,1153.0999755859375,1173.4000244140625,1173.4000244140625,58487
2022-10-21,1168.0,1199.5,1151.0,1160.800048828125,1160.800048828125,84006
2022-10-24,1166.9000244140625,1167.949951171875,1161.0,1163.800048828125,1163.800048828125,5809
2022-10-25,1168.800048828125,1191.4000244140625,1139.0,1146.8499755859375,1146.8499755859375,108612
2022-10-27,1149.800048828125,1169.0,1135.5,1157.5,1157.5,60507
2022-10-28,1150.0,1168.0,1148.0,1160.25,1160.25,40222
2022-10-31,1161.4000244140625,1180.0,1146.5,1169.050048828125,1169.050048828125,68365
2022-11-01,1169.050048828125,1177.1500244140625,1161.0,1168.449951171875,1168.449951171875,37494
2022-11-02,1173.0,1179.699951171875,1161.0,1169.199951171875,1169.199951171875,91457
2022-11-03,1152.5,1170.0,1152.5,1159.8499755859375,1159.8499755859375,19328
2022-11-04,1164.5,1170.0,1150.0,1153.3499755859375,1153.3499755859375,38209
2022-11-07,1155.0,1167.949951171875,1151.550048828125,1161.9000244140625,1161.9000244140625,33681
2022-11-09,1147.550048828125,1170.0,1147.550048828125,1153.75,1153.75,84875
2022-11-10,1151.0,1160.550048828125,1125.0,1138.199951171875,1138.199951171875,53871
2022-11-11,1143.9000244140625,1166.0,1143.9000244140625,1157.8499755859375,1157.8499755859375,62504
2022-11-14,1163.6500244140625,1163.9000244140625,1138.0,1143.4000244140625,1143.4000244140625,23474
2022-11-15,1147.8499755859375,1150.25,1130.0,1135.9000244140625,1135.9000244140625,28370
2022-11-16,1136.0,1141.3499755859375,1120.0,1122.75,1122.75,20090
2022-11-17,1122.75,1137.199951171875,1109.0,1112.0999755859375,1112.0999755859375,52756
2022-11-18,1112.0999755859375,1129.0999755859375,1101.0999755859375,1105.3499755859375,1105.3499755859375,48027
2022-11-21,1109.0,1112.0,1081.0,1092.8499755859375,1092.8499755859375,66441
2022-11-22,1098.0,1101.5,1068.949951171875,1077.050048828125,1077.050048828125,31828
2022-11-23,1079.300048828125,1082.0,1062.0,1067.5,1067.5,64238
2022-11-24,1070.0,1098.0,1064.050048828125,1090.050048828125,1090.050048828125,60045
2022-11-25,1096.0,1123.1500244140625,1091.050048828125,1105.25,1105.25,87866
2022-11-28,1106.449951171875,1138.9000244140625,1102.300048828125,1136.050048828125,1136.050048828125,69324
2022-11-29,1136.050048828125,1142.5,1120.0999755859375,1138.8499755859375,1138.8499755859375,51926
2022-11-30,1143.0,1150.0,1103.4000244140625,1112.449951171875,1112.449951171875,62923
2022-12-01,1112.449951171875,1124.25,1110.0,1113.699951171875,1113.699951171875,28909
2022-12-02,1114.0,1118.050048828125,1105.25,1108.5,1108.5,29369
2022-12-05,1114.300048828125,1118.800048828125,1103.5,1114.949951171875,1114.949951171875,157669
2022-12-06,1120.800048828125,1135.0,1108.3499755859375,1116.800048828125,1116.800048828125,104306
2022-12-07,1116.75,1133.0,1111.0,1118.300048828125,1118.300048828125,48537
2022-12-08,1123.9000244140625,1125.5,1106.0,1108.25,1108.25,31996
2022-12-09,1110.050048828125,1120.5,1103.0,1107.0999755859375,1107.0999755859375,32191
2022-12-12,1108.800048828125,1108.800048828125,1090.0,1098.300048828125,1098.300048828125,51631
2022-12-13,1100.0,1127.9000244140625,1100.0,1121.050048828125,1121.050048828125,49340
2022-12-14,1121.0999755859375,1159.5999755859375,1120.050048828125,1142.800048828125,1142.800048828125,157532
2022-12-15,1145.0,1169.0,1142.449951171875,1163.25,1163.25,86965
2022-12-16,1162.0,1179.9000244140625,1146.0,1158.800048828125,1158.800048828125,72056
2022-12-19,1159.949951171875,1164.9000244140625,1136.1500244140625,1141.5,1141.5,26917
2022-12-20,1150.0,1153.800048828125,1133.550048828125,1149.9000244140625,1149.9000244140625,23905
2022-12-21,1155.5999755859375,1169.8499755859375,1144.5999755859375,1163.199951171875,1163.199951171875,48544
2022-12-22,1162.0,1187.5999755859375,1150.699951171875,1165.050048828125,1165.050048828125,135719
2022-12-23,1165.050048828125,1174.449951171875,1118.5999755859375,1147.8499755859375,1147.8499755859375,110173
2022-12-26,1147.8499755859375,1163.199951171875,1126.75,1141.449951171875,1141.449951171875,46404
2022-12-27,1143.800048828125,1194.0,1135.050048828125,1191.25,1191.25,137679
2022-12-28,1199.800048828125,1209.9000244140625,1178.0,1189.550048828125,1189.550048828125,121573
2022-12-29,1181.949951171875,1230.0,1161.5,1214.1500244140625,1214.1500244140625,146355
2022-12-30,1216.5,1240.0,1196.9000244140625,1214.4000244140625,1214.4000244140625,136971
2023-01-02,1215.0,1222.800048828125,1190.0999755859375,1198.0,1198.0,28257
2023-01-03,1190.0,1209.0,1177.0,1182.4000244140625,1182.4000244140625,36531
2023-01-04,1188.5999755859375,1214.449951171875,1162.050048828125,1169.0,1169.0,63275
2023-01-05,1170.949951171875,1189.0,1141.4000244140625,1153.25,1153.25,51099
2023-01-06,1159.0,1202.8499755859375,1144.4000244140625,1196.300048828125,1196.300048828125,104723
2023-01-09,1196.9000244140625,1202.5999755859375,1160.75,1167.3499755859375,1167.3499755859375,39529
2023-01-10,1170.75,1185.0,1163.449951171875,1179.75,1179.75,37010
2023-01-11,1177.9000244140625,1185.0,1161.0,1170.5,1170.5,40242
2023-01-12,1170.8499755859375,1194.5,1142.199951171875,1147.550048828125,1147.550048828125,63489
2023-01-13,1147.550048828125,1153.5999755859375,1135.0,1143.050048828125,1143.050048828125,20777
2023-01-16,1149.050048828125,1161.050048828125,1136.25,1152.4000244140625,1152.4000244140625,20412
2023-01-17,1152.4000244140625,1154.300048828125,1130.0,1141.5999755859375,1141.5999755859375,23530
2023-01-18,1140.0,1151.5,1139.050048828125,1140.5,1140.5,11899
2023-01-19,1135.0,1150.0,1135.0,1142.25,1142.25,10750
2023-01-20,1148.0,1149.8499755859375,1131.0,1135.6500244140625,1135.6500244140625,13946
2023-01-23,1136.3499755859375,1141.0,1127.75,1133.550048828125,1133.550048828125,17383
2023-01-24,1130.550048828125,1148.9000244140625,1130.0,1139.449951171875,1139.449951171875,14998
2023-01-25,1145.0,1145.0,1128.550048828125,1132.0999755859375,1132.0999755859375,14735
2023-01-27,1132.0999755859375,1166.0,1085.199951171875,1101.6500244140625,1101.6500244140625,71172
2023-01-30,1101.6500244140625,1107.4000244140625,1076.0,1079.5,1079.5,22484
2023-01-31,1079.550048828125,1088.4000244140625,1057.5,1074.75,1074.75,141165
2023-02-01,1080.0999755859375,1160.0,1080.0,1148.0,1148.0,136210
2023-02-02,1130.0,1165.0,1124.050048828125,1147.5,1147.5,264046
2023-02-03,1147.449951171875,1160.0,1130.050048828125,1154.1500244140625,1154.1500244140625,31547
2023-02-06,1158.75,1184.699951171875,1148.0,1161.0,1161.0,94877
2023-02-07,1160.5,1178.449951171875,1150.4000244140625,1176.0,1176.0,64709
2023-02-08,1182.199951171875,1196.1500244140625,1171.0,1189.75,1189.75,69289
2023-02-09,1180.0999755859375,1203.800048828125,1170.0,1180.0,1180.0,88172
2023-02-10,1179.0,1202.0,1161.5999755859375,1191.550048828125,1191.550048828125,99653
2023-02-13,1197.0,1206.5999755859375,1165.5,1173.550048828125,1173.550048828125,48250
2023-02-14,1179.0,1179.0,1161.0,1166.5,1166.5,21602
2023-02-15,1166.5,1173.9000244140625,1135.0,1139.0999755859375,1139.0999755859375,96884
2023-02-16,1137.0,1150.449951171875,1117.9000244140625,1131.550048828125,1131.550048828125,167380
2023-02-17,1136.0,1142.0,1119.449951171875,1122.75,1122.75,37960
2023-02-20,1122.800048828125,1133.0,1118.5,1127.25,1127.25,209036
2023-02-21,1128.75,1140.0,1118.199951171875,1133.8499755859375,1133.8499755859375,25895
2023-02-22,1139.5,1141.0999755859375,1121.0,1125.4000244140625,1125.4000244140625,13989
2023-02-23,1130.1500244140625,1131.050048828125,1103.0,1117.1500244140625,1117.1500244140625,26529
2023-02-24,1117.0,1125.300048828125,1110.449951171875,1120.199951171875,1120.199951171875,26931
2023-02-27,1126.0,1126.0,1095.050048828125,1104.800048828125,1104.800048828125,149959
2023-02-28,1110.5999755859375,1114.449951171875,1081.5,1090.949951171875,1090.949951171875,26714
2023-03-01,1087.3499755859375,1110.0,1081.5999755859375,1103.5999755859375,1103.5999755859375,19874
2023-03-02,1108.0,1110.0,1099.800048828125,1106.550048828125,1106.550048828125,45858
2023-03-03,1105.949951171875,1129.5999755859375,1098.0,1102.800048828125,1102.800048828125,41113
2023-03-06,1158.0,1158.0,1090.0,1095.0999755859375,1095.0999755859375,270203
2023-03-08,1095.0,1106.0,1090.199951171875,1101.949951171875,1101.949951171875,167640
2023-03-09,1107.5,1114.75,1093.0,1096.0999755859375,1096.0999755859375,29312
2023-03-10,1095.0,1098.0,1080.0,1084.6500244140625,1084.6500244140625,45830
2023-03-13,1084.550048828125,1089.449951171875,1052.0999755859375,1065.75,1065.75,56023
2023-03-14,1065.75,1076.9000244140625,1042.5,1056.75,1056.75,59159
2023-03-15,1065.050048828125,1083.9000244140625,1054.0,1073.550048828125,1073.550048828125,26598
2023-03-16,1073.550048828125,1088.0,1058.699951171875,1076.949951171875,1076.949951171875,28023
2023-03-17,1077.0,1091.6500244140625,1066.550048828125,1076.75,1076.75,43038
2023-03-20,1062.0,1095.0,1050.0,1086.449951171875,1086.449951171875,46730
2023-03-21,1086.449951171875,1098.0,1072.050048828125,1094.800048828125,1094.800048828125,62107
2023-03-22,1091.050048828125,1110.25,1084.800048828125,1104.449951171875,1104.449951171875,43863
2023-03-23,1105.0,1115.050048828125,1088.949951171875,1101.300048828125,1101.300048828125,33231
2023-03-24,1101.300048828125,1109.3499755859375,1078.050048828125,1105.3499755859375,1105.3499755859375,42061
2023-03-27,1098.800048828125,1115.0,1074.050048828125,1104.25,1104.25,44692
2023-03-28,1108.0,1115.0,1081.4000244140625,1101.050048828125,1101.050048828125,28452
2023-03-29,1094.449951171875,1113.0,1081.5999755859375,1098.9000244140625,1098.9000244140625,28777
