Date,Open,High,Low,Close,Adj Close,Volume
2004-08-30,108.0,132.93333435058594,100.16666412353516,129.73333740234375,79.55422973632812,5247286
2004-08-31,128.0,128.56666564941406,123.46666717529297,124.5999984741211,76.40637969970703,1026229
2004-09-01,124.9000015258789,126.66666412353516,120.9000015258789,121.5,74.50542449951172,598189
2004-09-02,122.66666412353516,124.5,117.43333435058594,118.19999694824219,72.48182678222656,523156
2004-09-03,118.66666412353516,121.33333587646484,117.69999694824219,118.16666412353516,72.46137237548828,415473
2004-09-06,119.30000305175781,120.06666564941406,114.43333435058594,114.80000305175781,70.39689636230469,415330
2004-09-07,115.83333587646484,117.26666259765625,114.66666412353516,115.53333282470703,70.84659576416016,294726
2004-09-08,116.0,116.46666717529297,113.56666564941406,114.03333282470703,69.9267807006836,197554
2004-09-09,114.93333435058594,115.19999694824219,110.83333587646484,111.30000305175781,68.25064849853516,222369
2004-09-10,112.26666259765625,113.93333435058594,110.0,112.63333129882812,69.06825256347656,274642
2004-09-13,112.66666412353516,122.5,112.66666412353516,119.46666717529297,73.2585678100586,895534
2004-09-14,120.0,122.63333129882812,118.0,120.0999984741211,73.64693450927734,470773
2004-09-15,120.93333435058594,121.19999694824219,116.66666412353516,117.5,72.05258178710938,273729
2004-09-16,113.4000015258789,117.66666412353516,113.4000015258789,114.53333282470703,70.23336791992188,241155
2004-09-17,115.96666717529297,115.96666717529297,114.66666412353516,114.93333435058594,70.47866821289062,143002
2004-09-20,116.66666412353516,116.66666412353516,114.0,114.16666412353516,70.00853729248047,86542
2004-09-21,114.5999984741211,116.5999984741211,114.19999694824219,115.53333282470703,70.84659576416016,154992
2004-09-22,115.33333587646484,117.0,114.66666412353516,115.0,70.51954650878906,154593
2004-09-23,114.0,114.86666870117188,112.23332977294922,112.53333282470703,69.00695037841797,129078
2004-09-24,111.0,113.13333129882812,110.83333587646484,111.33333587646484,68.27108764648438,110235
2004-09-27,112.33333587646484,112.66666412353516,110.80000305175781,111.36666870117188,68.2915267944336,57156
2004-09-28,112.66666412353516,112.66666412353516,109.33333587646484,109.5,67.1468734741211,83604
2004-09-29,110.66666412353516,111.73332977294922,109.03333282470703,110.03333282470703,67.47392272949219,75864
2004-09-30,112.66666412353516,112.66666412353516,110.66666412353516,111.0999984741211,68.12801361083984,107227
2004-10-01,111.0,112.5,110.0,111.83333587646484,68.57770538330078,95635
2004-10-04,113.26666259765625,115.93333435058594,112.0,112.19999694824219,68.80253601074219,122553
2004-10-05,112.73332977294922,114.9000015258789,112.43333435058594,112.93333435058594,69.25223541259766,131635
2004-10-06,112.0,116.66666412353516,112.0,112.86666870117188,69.21136474609375,254674
2004-10-07,114.0,114.0,112.13333129882812,112.63333129882812,69.06825256347656,75004
2004-10-08,112.33333587646484,115.53333282470703,112.33333587646484,113.30000305175781,69.47709655761719,178470
2004-10-11,120.0,120.0,112.13333129882812,112.43333435058594,68.94563293457031,116698
2004-10-12,114.53333282470703,114.66666412353516,110.73332977294922,111.16666412353516,68.16888427734375,79743
2004-10-13,111.16666412353516,111.16666412353516,111.16666412353516,111.16666412353516,68.16888427734375,0
2004-10-14,111.33333587646484,114.0,110.93333435058594,113.03333282470703,69.31354522705078,128548
2004-10-15,113.66666412353516,115.33333587646484,110.76666259765625,111.0999984741211,68.12801361083984,118698
2004-10-18,113.33333587646484,113.33333587646484,109.66666412353516,110.0,67.45347595214844,62530
2004-10-19,111.96666717529297,111.96666717529297,108.4000015258789,108.66666412353516,66.6358642578125,82269
2004-10-20,109.36666870117188,110.0,108.0,109.36666870117188,67.06510162353516,70453
2004-10-21,109.33333587646484,111.93333435058594,108.69999694824219,109.23332977294922,66.98334503173828,96997
2004-10-22,109.23332977294922,109.23332977294922,109.23332977294922,109.23332977294922,66.98334503173828,0
2004-10-25,110.0,110.0,106.36666870117188,107.0999984741211,65.67514038085938,81042
2004-10-26,107.19999694824219,107.73332977294922,105.33333587646484,105.76666259765625,64.85753631591797,66223
2004-10-27,108.0,114.06666564941406,105.69999694824219,110.80000305175781,67.94403839111328,271074
2004-10-28,114.5999984741211,115.9000015258789,109.66666412353516,110.16666412353516,67.55567932128906,276549
2004-10-29,111.83333587646484,111.83333587646484,107.13333129882812,107.86666870117188,66.1452865600586,99714
2004-11-01,108.66666412353516,108.66666412353516,106.66666412353516,106.96666717529297,65.5934066772461,64830
2004-11-02,108.0,108.33333587646484,105.36666870117188,105.83333587646484,64.8984375,76801
2004-11-03,106.0,110.0,106.0,108.19999694824219,66.34967041015625,140844
2004-11-04,108.76666259765625,109.86666870117188,105.4000015258789,106.13333129882812,65.08238983154297,120274
2004-11-05,107.33333587646484,107.33333587646484,103.46666717529297,104.0,63.77421188354492,96591
2004-11-08,104.53333282470703,106.0,103.4000015258789,103.80000305175781,63.65155029296875,79849
2004-11-09,105.5,106.36666870117188,103.56666564941406,104.13333129882812,63.85596466064453,71670
2004-11-10,105.13333129882812,105.13333129882812,103.36666870117188,103.56666564941406,63.50845718383789,55392
2004-11-11,103.43333435058594,105.26666259765625,102.69999694824219,103.30000305175781,63.34494400024414,99331
2004-11-12,103.43333435058594,103.93333435058594,101.73332977294922,102.5,62.85438537597656,45907
2004-11-15,102.5,102.5,102.5,102.5,62.85438537597656,0
2004-11-16,102.33333587646484,102.33333587646484,97.93333435058594,98.76666259765625,60.5650634765625,181674
2004-11-17,99.23332977294922,101.56666564941406,98.73332977294922,100.83333587646484,61.83234405517578,132189
2004-11-18,101.19999694824219,102.4000015258789,100.66666412353516,102.03333282470703,62.568214416503906,101404
2004-11-19,102.73332977294922,103.06666564941406,100.4000015258789,101.16666412353516,62.03676986694336,97567
2004-11-22,101.13333129882812,101.33333587646484,92.06666564941406,100.76666259765625,61.791473388671875,60109
2004-11-23,101.33333587646484,102.66666412353516,100.83333587646484,101.56666564941406,62.282039642333984,71056
2004-11-24,102.5,102.53333282470703,100.73332977294922,101.16666412353516,62.03676986694336,66205
2004-11-25,101.4000015258789,102.53333282470703,100.03333282470703,100.5,61.62794494628906,75658
2004-11-26,100.5,100.5,100.5,100.5,61.62794494628906,0
2004-11-29,102.16666412353516,106.53333282470703,101.33333587646484,105.86666870117188,64.91888427734375,324849
2004-11-30,106.0,108.5999984741211,103.86666870117188,104.36666870117188,63.99903869628906,269415
2004-12-01,104.66666412353516,104.66666412353516,102.0,102.63333129882812,62.936134338378906,167586
2004-12-02,104.0,104.93333435058594,101.76666259765625,102.13333129882812,62.62953186035156,122890
2004-12-03,103.23332977294922,103.23332977294922,101.13333129882812,101.46666717529297,62.2207145690918,82737
2004-12-06,102.93333435058594,102.93333435058594,100.06666564941406,100.30000305175781,61.505306243896484,70182
2004-12-07,101.0,101.5999984741211,98.83333587646484,99.16666412353516,60.81032943725586,117777
2004-12-08,99.33333587646484,100.86666870117188,98.03333282470703,100.03333282470703,61.341796875,92295
2004-12-09,99.73332977294922,100.66666412353516,98.43333435058594,98.83333587646484,60.605926513671875,61051
2004-12-10,99.93333435058594,104.86666870117188,99.0,102.03333282470703,62.568214416503906,261996
2004-12-13,102.93333435058594,105.19999694824219,100.73332977294922,102.0,62.54777145385742,118146
2004-12-14,103.0,103.0,101.0,101.33333587646484,62.13896942138672,69616
2004-12-15,102.0,104.0,101.4000015258789,102.33333587646484,62.75217056274414,143899
2004-12-16,103.26666259765625,104.93333435058594,102.06666564941406,102.66666412353516,62.95658874511719,147001
2004-12-17,102.66666412353516,102.83333587646484,100.06666564941406,100.36666870117188,61.54617691040039,70678
2004-12-20,101.33333587646484,102.66666412353516,100.16666412353516,100.96666717529297,61.91410827636719,84024
2004-12-21,100.96666717529297,102.53333282470703,100.33333587646484,100.66666412353516,61.730140686035156,77923
2004-12-22,101.80000305175781,104.0,100.33333587646484,100.63333129882812,61.709716796875,132696
2004-12-23,101.33333587646484,106.5,101.0,103.80000305175781,63.65155029296875,422710
2004-12-24,105.33333587646484,105.33333587646484,101.0,101.16666412353516,62.03676986694336,136081
2004-12-27,101.33333587646484,102.0,99.83333587646484,100.46666717529297,61.60749816894531,131827
2004-12-28,101.4000015258789,101.5,100.36666870117188,100.53333282470703,61.64839172363281,70222
2004-12-29,101.33333587646484,102.33333587646484,100.53333282470703,100.9000015258789,61.87324142456055,80671
2004-12-30,101.46666717529297,101.5,99.43333435058594,99.76666259765625,61.17825698852539,99976
2004-12-31,101.0999984741211,101.33333587646484,100.0,100.13333129882812,61.40311050415039,87096
2005-01-03,101.76666259765625,103.0999984741211,100.83333587646484,101.56666564941406,62.282039642333984,142257
2005-01-04,102.36666870117188,104.4000015258789,101.46666717529297,103.26666259765625,63.324501037597656,268063
2005-01-05,102.66666412353516,104.63333129882812,98.33333587646484,99.16666412353516,60.81032943725586,247140
2005-01-06,98.86666870117188,100.93333435058594,98.0,98.69999694824219,60.52415466308594,132141
2005-01-07,100.0,100.46666717529297,97.66666412353516,98.53333282470703,60.42194366455078,92379
2005-01-10,101.53333282470703,101.53333282470703,98.06666564941406,98.4000015258789,60.34020233154297,74920
2005-01-11,99.86666870117188,99.86666870117188,95.33333587646484,96.06666564941406,58.90937805175781,87147
2005-01-12,98.9000015258789,98.9000015258789,89.13333129882812,90.36666870117188,55.4140510559082,111318
2005-01-13,91.66666412353516,93.96666717529297,91.5999984741211,92.73332977294922,56.865318298339844,68106
2005-01-14,92.73332977294922,94.66666412353516,91.73332977294922,92.5999984741211,56.78356170654297,47916
2005-01-17,92.0,93.19999694824219,90.0,90.5,55.49581527709961,32254
2005-01-18,90.66666412353516,94.66666412353516,90.66666412353516,92.13333129882812,56.49738693237305,48898
2005-01-19,93.33333587646484,93.33333587646484,90.0,90.63333129882812,55.577571868896484,44946
2005-01-20,90.30000305175781,91.16666412353516,89.33333587646484,89.5999984741211,54.94390869140625,32352
2005-01-24,90.66666412353516,95.33333587646484,90.33333587646484,91.0999984741211,55.86373519897461,128079
2005-01-25,90.66666412353516,92.36666870117188,90.0,91.5999984741211,56.17035675048828,64282
2005-01-27,92.80000305175781,93.5999984741211,92.03333282470703,92.53333282470703,56.7426872253418,76618
2005-01-28,93.19999694824219,93.19999694824219,91.86666870117188,92.16666412353516,56.5178337097168,61329
2005-01-31,94.46666717529297,94.53333282470703,92.5999984741211,92.93333435058594,56.98796081542969,60075
2005-02-01,93.86666870117188,94.0,91.56666564941406,91.73332977294922,56.25210189819336,59595
2005-02-02,92.0999984741211,92.93333435058594,91.5,91.69999694824219,56.23166275024414,35922
2005-02-03,91.80000305175781,93.86666870117188,91.66666412353516,92.06666564941406,56.45651626586914,69582
2005-02-04,93.06666564941406,93.93333435058594,91.33333587646484,91.5,56.109031677246094,43692
2005-02-07,93.26666259765625,93.26666259765625,90.83333587646484,91.0,55.802425384521484,72904
2005-02-08,90.73332977294922,92.0,90.56666564941406,90.83333587646484,55.70021438598633,54933
2005-02-09,91.80000305175781,97.63333129882812,91.46666717529297,96.36666870117188,59.093326568603516,425451
2005-02-10,97.33333587646484,99.13333129882812,94.66666412353516,95.19999694824219,58.3779182434082,277920
2005-02-11,96.26666259765625,97.26666259765625,95.33333587646484,95.80000305175781,58.74583435058594,132876
2005-02-14,97.33333587646484,98.53333282470703,96.36666870117188,96.76666259765625,59.338626861572266,192507
2005-02-15,97.26666259765625,97.30000305175781,94.0,94.46666717529297,57.92822265625,120205
2005-02-16,95.19999694824219,96.53333282470703,91.73332977294922,92.5,56.72225570678711,100206
2005-02-17,93.0,93.93333435058594,91.80000305175781,92.69999694824219,56.84487533569336,61587
2005-02-18,92.5999984741211,93.86666870117188,92.06666564941406,92.36666870117188,56.64047622680664,80973
2005-02-21,93.66666412353516,93.76666259765625,91.53333282470703,91.93333435058594,56.37476348876953,46317
2005-02-22,92.36666870117188,92.5,91.06666564941406,91.4000015258789,56.04769515991211,40176
2005-02-23,91.80000305175781,92.66666412353516,91.0,91.23332977294922,55.94548797607422,40434
2005-02-24,91.33333587646484,91.9000015258789,90.06666564941406,90.26666259765625,55.35272216796875,53526
2005-02-25,92.23332977294922,92.23332977294922,88.0,88.56666564941406,54.31027603149414,61242
2005-02-28,90.66666412353516,93.33333587646484,88.66666412353516,89.43333435058594,54.84172439575195,62052
2005-03-01,89.5999984741211,89.5999984741211,88.66666412353516,88.83333587646484,54.47379684448242,43657
2005-03-02,89.16666412353516,92.0,88.93333435058594,89.63333129882812,54.96436309814453,84414
2005-03-03,91.5999984741211,94.66666412353516,90.66666412353516,93.76666259765625,57.49898147583008,199894
2005-03-04,94.16666412353516,95.83333587646484,93.66666412353516,95.30000305175781,58.439231872558594,154792
2005-03-07,97.23332977294922,99.26666259765625,96.66666412353516,97.5,59.78831100463867,300762
2005-03-08,97.66666412353516,102.83333587646484,97.66666412353516,101.5999984741211,62.30248260498047,463518
2005-03-09,102.0,104.53333282470703,100.76666259765625,102.23332977294922,62.69084167480469,472570
2005-03-10,101.33333587646484,103.33333587646484,101.33333587646484,102.30000305175781,62.73174285888672,215826
2005-03-11,102.16666412353516,103.0,101.06666564941406,101.83333587646484,62.44557571411133,162232
2005-03-14,102.33333587646484,103.80000305175781,101.86666870117188,102.83333587646484,63.05877685546875,223266
2005-03-15,105.9000015258789,105.9000015258789,101.19999694824219,102.0,62.54777145385742,209055
2005-03-16,102.0,102.26666259765625,97.66666412353516,98.23332977294922,60.237998962402344,77919
2005-03-17,98.33333587646484,98.33333587646484,95.0,95.83333587646484,58.76628875732422,61665
2005-03-18,97.26666259765625,97.26666259765625,94.0,95.43333435058594,58.520999908447266,82605
2005-03-21,96.0,98.5,96.0,96.86666870117188,59.39993667602539,80131
2005-03-22,96.66666412353516,96.66666412353516,91.4000015258789,92.66666412353516,56.82444763183594,69900
2005-03-23,92.33333587646484,93.16666412353516,88.23332977294922,88.80000305175781,54.453338623046875,94963
2005-03-24,89.33333587646484,91.26666259765625,88.0,88.19999694824219,54.08540725708008,84439
2005-03-28,89.86666870117188,92.0,83.33333587646484,84.63333129882812,51.898292541503906,105273
2005-03-29,84.66666412353516,84.69999694824219,76.66666412353516,77.76666259765625,47.68755340576172,316443
2005-03-30,80.0,82.56666564941406,78.53333282470703,80.13333129882812,49.138832092285156,233598
2005-03-31,80.83333587646484,85.9000015258789,80.83333587646484,84.33333587646484,51.71433639526367,287430
2005-04-01,85.5999984741211,86.66666412353516,84.66666412353516,86.0,52.73634719848633,354868
2005-04-04,88.23332977294922,90.0,87.33333587646484,88.36666870117188,54.1876335144043,169894
2005-04-05,88.36666870117188,89.56666564941406,84.19999694824219,86.56666564941406,53.08385467529297,192312
2005-04-06,87.33333587646484,87.66666412353516,84.46666717529297,84.9000015258789,52.06182098388672,108807
2005-04-07,86.43333435058594,87.66666412353516,85.43333435058594,85.83333587646484,52.6341552734375,220758
2005-04-08,85.93333435058594,87.66666412353516,85.66666412353516,86.46666717529297,53.022518157958984,118903
2005-04-11,86.33333587646484,87.33333587646484,85.33333587646484,85.96666717529297,52.715919494628906,83946
2005-04-12,86.0,87.93333435058594,85.93333435058594,87.19999694824219,53.472206115722656,62154
2005-04-13,87.66666412353516,97.19999694824219,87.66666412353516,94.4000015258789,57.88733673095703,688627
2005-04-15,93.33333587646484,93.33333587646484,88.13333129882812,88.53333282470703,54.28983688354492,437620
2005-04-18,88.53333282470703,91.83333587646484,85.33333587646484,87.26666259765625,53.51308822631836,395629
2005-04-19,88.0,89.66666412353516,80.0,81.23332977294922,49.81337356567383,257761
2005-04-20,83.33333587646484,84.0,81.16666412353516,82.73332977294922,50.733184814453125,214137
2005-04-21,83.33333587646484,83.33333587646484,79.0999984741211,79.76666259765625,48.91398620605469,408231
2005-04-22,81.53333282470703,83.19999694824219,80.06666564941406,81.16666412353516,49.77248764038086,427318
2005-04-25,81.66666412353516,90.0,81.33333587646484,88.56666564941406,54.31027603149414,561129
2005-04-26,88.83333587646484,91.5999984741211,87.16666412353516,87.66666412353516,53.75836944580078,321925
2005-04-27,88.19999694824219,90.0,85.93333435058594,86.73332977294922,53.186038970947266,175510
2005-04-28,86.73332977294922,88.16666412353516,86.73332977294922,87.46666717529297,53.6357421875,146760
2005-04-29,83.33333587646484,88.66666412353516,83.33333587646484,87.46666717529297,53.6357421875,109297
2005-05-02,89.33333587646484,91.19999694824219,87.06666564941406,90.03333282470703,55.209651947021484,213421
2005-05-03,90.03333282470703,92.0,88.69999694824219,91.53333282470703,56.12947463989258,241068
2005-05-04,92.53333282470703,95.33333587646484,89.66666412353516,92.0999984741211,56.47694396972656,342996
2005-05-05,92.56666564941406,94.0,91.66666412353516,92.66666412353516,56.82444763183594,220150
2005-05-06,93.0999984741211,93.9000015258789,91.43333435058594,93.4000015258789,57.27411651611328,72352
2005-05-09,93.33333587646484,96.0,93.33333587646484,95.13333129882812,58.33702850341797,108525
2005-05-10,94.66666412353516,95.06666564941406,92.43333435058594,93.0,57.02885818481445,41079
2005-05-11,92.46666717529297,92.66666412353516,91.03333282470703,92.03333282470703,56.43608856201172,124816
2005-05-12,94.66666412353516,94.66666412353516,92.0,92.73332977294922,56.865318298339844,71119
2005-05-13,93.93333435058594,98.0,93.93333435058594,96.26666259765625,59.032012939453125,355536
2005-05-16,97.4000015258789,99.33333587646484,95.93333435058594,97.73332977294922,59.93138122558594,343171
2005-05-17,98.0,99.19999694824219,94.0,94.63333129882812,58.03044509887695,149821
2005-05-18,96.0,96.0,92.80000305175781,93.76666259765625,57.49898147583008,98242
2005-05-19,94.33333587646484,95.83333587646484,92.33333587646484,92.93333435058594,56.98796081542969,130698
2005-05-20,84.66666412353516,92.16666412353516,84.66666412353516,91.66666412353516,56.21123504638672,69544
2005-05-23,92.19999694824219,95.33333587646484,92.19999694824219,93.69999694824219,57.458091735839844,131706
2005-05-24,95.26666259765625,95.33333587646484,91.66666412353516,91.96666717529297,56.395198822021484,63658
2005-05-25,92.5,93.5,91.80000305175781,92.16666412353516,56.5178337097168,133008
2005-05-26,92.4000015258789,92.69999694824219,91.03333282470703,92.0,56.415626525878906,63045
2005-05-27,90.33333587646484,93.93333435058594,90.33333587646484,91.16666412353516,55.904632568359375,91836
2005-05-30,91.69999694824219,93.93333435058594,91.16666412353516,91.43333435058594,56.068145751953125,63258
2005-05-31,91.93333435058594,92.33333587646484,91.26666259765625,91.5,56.109031677246094,39541
2005-06-01,92.03333282470703,93.33333587646484,90.4000015258789,90.93333435058594,55.76152801513672,78303
2005-06-02,92.66666412353516,92.66666412353516,88.66666412353516,89.30000305175781,54.75996017456055,74473
2005-06-03,89.96666717529297,92.0,89.66666412353516,91.13333129882812,55.884185791015625,62392
2005-06-06,93.76666259765625,95.73332977294922,92.66666412353516,93.0999984741211,57.09016418457031,274294
2005-06-07,93.4000015258789,95.66666412353516,92.16666412353516,92.96666717529297,57.00840759277344,286237
2005-06-08,97.33333587646484,111.56666564941406,97.33333587646484,111.56666564941406,68.41417694091797,3765090
2005-06-09,113.33333587646484,125.80000305175781,113.33333587646484,116.0,71.13274383544922,7031392
2005-06-10,118.46666717529297,118.53333282470703,112.0,113.13333129882812,69.37487030029297,1621800
2005-06-13,114.66666412353516,121.13333129882812,114.19999694824219,117.46666717529297,72.0321273803711,2578549
2005-06-14,118.66666412353516,118.93333435058594,115.13333129882812,116.26666259765625,71.2962875366211,880257
2005-06-15,117.06666564941406,117.13333129882812,114.0,115.06666564941406,70.56043243408203,481534
2005-06-16,115.83333587646484,122.96666717529297,113.36666870117188,114.19999694824219,70.02896881103516,2193468
2005-06-17,114.73332977294922,115.63333129882812,110.36666870117188,111.13333129882812,68.1484603881836,536971
2005-06-20,112.66666412353516,112.66666412353516,107.69999694824219,110.0999984741211,67.51480102539062,481053
2005-06-21,110.66666412353516,112.0,108.5,110.56666564941406,67.80096435546875,247012
2005-06-22,111.26666259765625,113.33333587646484,109.33333587646484,110.19999694824219,67.57610321044922,238582
2005-06-23,111.0,113.0,110.03333282470703,111.16666412353516,68.16888427734375,235158
2005-06-24,109.46666717529297,113.80000305175781,108.73332977294922,112.83333587646484,69.19092559814453,370204
2005-06-27,113.33333587646484,114.33333587646484,110.16666412353516,110.73332977294922,67.9031753540039,527241
2005-06-28,110.76666259765625,111.83333587646484,104.13333129882812,105.43333435058594,64.65312194824219,204157
2005-06-29,107.63333129882812,107.63333129882812,103.66666412353516,104.16666412353516,63.87639236450195,261529
2005-06-30,105.76666259765625,106.0,102.73332977294922,103.5,63.46759796142578,265129
2005-07-01,103.66666412353516,105.26666259765625,100.43333435058594,101.63333129882812,62.32291030883789,875145
2005-07-04,102.0,105.33333587646484,102.0,103.23332977294922,63.3040657043457,384601
2005-07-05,104.63333129882812,107.33333587646484,99.46666717529297,100.46666717529297,61.60749816894531,1580818
2005-07-06,101.33333587646484,104.26666259765625,101.33333587646484,103.13333129882812,63.24274826049805,409128
2005-07-07,104.19999694824219,109.26666259765625,103.4000015258789,104.93333435058594,64.34652709960938,840042
2005-07-08,106.0,107.96666717529297,105.33333587646484,106.26666259765625,65.16414642333984,331278
2005-07-11,108.33333587646484,108.5999984741211,105.93333435058594,106.46666717529297,65.28679656982422,233442
2005-07-12,106.69999694824219,112.0,105.93333435058594,111.19999694824219,68.18932342529297,756658
2005-07-13,112.0,112.66666412353516,109.36666870117188,110.5999984741211,67.82139587402344,392226
2005-07-14,111.5999984741211,112.66666412353516,109.69999694824219,110.5999984741211,67.82139587402344,365814
2005-07-15,108.66666412353516,110.53333282470703,107.03333282470703,109.80000305175781,69.6395492553711,302328
2005-07-18,110.66666412353516,113.96666717529297,110.13333129882812,112.26666259765625,71.20402526855469,534082
2005-07-19,112.26666259765625,116.63333129882812,112.26666259765625,114.96666717529297,72.9164810180664,730644
2005-07-20,116.46666717529297,116.66666412353516,110.73332977294922,111.63333129882812,70.80233001708984,383775
2005-07-21,111.4000015258789,113.5999984741211,109.33333587646484,111.63333129882812,70.80233001708984,262843
2005-07-22,110.66666412353516,113.63333129882812,110.0,111.43333435058594,70.67549133300781,230599
2005-07-25,112.5999984741211,112.5999984741211,107.46666717529297,108.19999694824219,68.62476348876953,572505
2005-07-26,110.0,111.23332977294922,104.66666412353516,108.26666259765625,68.66705322265625,622054
2005-07-27,107.33333587646484,108.66666412353516,102.9000015258789,105.13333129882812,66.67977142333984,293977
2005-07-28,105.13333129882812,105.13333129882812,105.13333129882812,105.13333129882812,66.67977142333984,0
2005-07-29,105.16666412353516,105.16666412353516,101.03333282470703,102.0,64.6924819946289,531957
2005-08-01,102.06666564941406,102.06666564941406,98.83333587646484,99.66666412353516,63.21260070800781,185565
2005-08-02,100.4000015258789,101.93333435058594,99.19999694824219,99.66666412353516,63.21260070800781,289333
2005-08-03,101.66666412353516,102.66666412353516,100.06666564941406,101.43333435058594,64.33308410644531,298593
2005-08-04,101.33333587646484,102.53333282470703,100.0,101.43333435058594,64.33308410644531,127155
2005-08-05,102.0,103.93333435058594,101.06666564941406,102.36666870117188,64.925048828125,170290
2005-08-08,103.06666564941406,103.66666412353516,100.19999694824219,100.66666412353516,63.84682846069336,110506
2005-08-09,100.36666870117188,102.0,99.0999984741211,100.06666564941406,63.466285705566406,108927
2005-08-10,100.53333282470703,101.86666870117188,100.0,100.56666564941406,63.78340148925781,98950
2005-08-11,100.93333435058594,104.0,100.66666412353516,102.43333435058594,64.96733093261719,221667
2005-08-12,101.66666412353516,102.96666717529297,99.5,100.03333282470703,63.44514846801758,189925
2005-08-16,100.66666412353516,100.93333435058594,98.66666412353516,99.13333129882812,62.87431716918945,352099
2005-08-17,100.63333129882812,102.33333587646484,99.66666412353516,101.19999694824219,64.18510437011719,199405
2005-08-18,101.86666870117188,108.53333282470703,101.76666259765625,106.56666564941406,67.58883666992188,1189174
2005-08-19,107.5999984741211,112.56666564941406,107.36666870117188,109.73332977294922,69.59727478027344,910072
2005-08-22,110.93333435058594,110.93333435058594,105.03333282470703,106.53333282470703,67.56771087646484,207829
2005-08-23,107.33333587646484,110.66666412353516,106.0,106.76666259765625,67.71569061279297,512827
2005-08-24,106.76666259765625,108.0,103.06666564941406,104.46666717529297,66.2569580078125,161407
2005-08-25,104.53333282470703,108.66666412353516,104.53333282470703,106.63333129882812,67.63113403320312,187410
2005-08-26,107.5999984741211,109.86666870117188,104.13333129882812,104.46666717529297,66.2569580078125,310441
2005-08-29,105.33333587646484,108.0,104.03333282470703,106.23332977294922,67.37742614746094,217150
2005-08-30,107.13333129882812,109.93333435058594,107.06666564941406,107.93333435058594,68.45565795898438,261058
2005-08-31,108.0,115.36666870117188,108.0,113.76666259765625,72.1553726196289,806692
2005-09-01,116.0,123.0,116.0,121.16666412353516,76.8487548828125,1642942
2005-09-02,122.03333282470703,124.33333587646484,117.5,118.46666717529297,75.13629913330078,866500
2005-09-05,118.46666717529297,122.33333587646484,116.80000305175781,118.56666564941406,75.19973754882812,451995
2005-09-06,118.83333587646484,120.13333129882812,116.66666412353516,118.16666412353516,74.94602966308594,241728
2005-09-08,119.96666717529297,127.16666412353516,118.0999984741211,123.30000305175781,78.2018051147461,1005169
2005-09-09,119.93333435058594,124.0,119.93333435058594,120.69999694824219,76.5527572631836,462699
2005-09-12,120.69999694824219,121.86666870117188,119.0,119.5,75.79168701171875,198760
2005-09-13,120.56666564941406,123.13333129882812,118.80000305175781,121.93333435058594,77.33500671386719,313872
2005-09-14,122.53333282470703,125.26666259765625,120.0,121.23332977294922,76.89102935791016,575859
2005-09-15,121.86666870117188,127.80000305175781,121.69999694824219,125.43333435058594,79.55484771728516,1306510
2005-09-16,126.66666412353516,132.46665954589844,126.66666412353516,129.6666717529297,82.23979949951172,1141771
2005-09-19,130.6666717529297,130.93333435058594,126.4000015258789,127.0999984741211,80.61190795898438,277968
2005-09-20,126.66666412353516,126.66666412353516,123.5,124.73332977294922,79.11087799072266,243637
2005-09-21,124.73332977294922,129.3333282470703,118.66666412353516,120.80000305175781,76.6162109375,536370
2005-09-22,120.66666412353516,120.66666412353516,109.26666259765625,110.5999984741211,70.14694213867188,416032
2005-09-23,112.66666412353516,121.0,109.33333587646484,113.80000305175781,72.17652893066406,229003
2005-09-26,116.5,118.93333435058594,114.66666412353516,118.13333129882812,74.92487335205078,129732
2005-09-27,119.33333587646484,124.0,117.4000015258789,121.33333587646484,76.95445251464844,460071
2005-09-28,123.33333587646484,125.33333587646484,121.56666564941406,122.56666564941406,77.7366943359375,402166
2005-09-29,123.23332977294922,123.23332977294922,118.13333129882812,118.56666564941406,75.19973754882812,325513
2005-09-30,118.66666412353516,120.0,112.0,115.83333587646484,73.46614074707031,175426
2005-10-03,118.5999984741211,119.0,116.0,118.83333587646484,75.36885833740234,146706
2005-10-04,120.13333129882812,121.66666412353516,119.0,120.56666564941406,76.46820068359375,248457
2005-10-05,121.33333587646484,125.33333587646484,118.0,121.93333435058594,77.33500671386719,519568
2005-10-06,121.66666412353516,121.66666412353516,116.66666412353516,118.93333435058594,75.43228149414062,187705
2005-10-07,118.0999984741211,121.06666564941406,117.0999984741211,117.73332977294922,74.67119598388672,121275
2005-10-10,119.5999984741211,119.5999984741211,115.66666412353516,116.5999984741211,73.95238494873047,106957
2005-10-11,118.5999984741211,119.06666564941406,115.33333587646484,115.73332977294922,73.40270233154297,125430
2005-10-13,116.06666564941406,121.13333129882812,115.73332977294922,116.19999694824219,73.6987075805664,209706
2005-10-14,118.0,118.0,112.83333587646484,113.46666717529297,71.96509552001953,125431
2005-10-17,114.86666870117188,116.66666412353516,112.0,116.16666412353516,73.67755889892578,299979
2005-10-18,116.0,116.66666412353516,113.46666717529297,114.56666564941406,72.66275024414062,144379
2005-10-19,113.46666717529297,113.46666717529297,110.0,110.16666412353516,69.87210845947266,96913
2005-10-20,115.9000015258789,115.9000015258789,107.73332977294922,108.43333435058594,68.77276611328125,128886
2005-10-21,109.86666870117188,109.86666870117188,106.0999984741211,108.4000015258789,68.75162506103516,94446
2005-10-24,111.0,111.0,107.33333587646484,108.16666412353516,68.6036376953125,63441
2005-10-25,109.5999984741211,109.76666259765625,107.0999984741211,107.73332977294922,68.32881164550781,52978
2005-10-26,108.33333587646484,111.26666259765625,108.33333587646484,109.5,69.44929504394531,68568
2005-10-27,109.9000015258789,109.9000015258789,107.33333587646484,108.03333282470703,68.51907348632812,36724
2005-10-28,108.76666259765625,108.80000305175781,101.43333435058594,102.43333435058594,64.96733093261719,92307
2005-10-31,102.0,103.5,100.53333282470703,101.56666564941406,64.41766357421875,157561
2005-11-02,102.33333587646484,106.0,102.33333587646484,104.63333129882812,66.36266326904297,113407
2005-11-04,104.63333129882812,104.63333129882812,104.63333129882812,104.63333129882812,66.36266326904297,0
2005-11-07,102.13333129882812,106.66666412353516,102.13333129882812,104.33333587646484,66.1723861694336,134595
2005-11-08,104.80000305175781,109.56666564941406,104.33333587646484,108.30000305175781,68.68820190429688,468288
2005-11-09,108.66666412353516,112.53333282470703,108.66666412353516,111.53333282470703,70.73889923095703,247458
2005-11-10,112.56666564941406,112.5999984741211,109.33333587646484,109.69999694824219,69.57612609863281,49888
2005-11-11,110.56666564941406,111.33333587646484,109.63333129882812,110.26666259765625,69.93553161621094,71185
2005-11-14,111.0,111.66666412353516,110.33333587646484,111.06666564941406,70.44292449951172,68410
2005-11-16,111.16666412353516,111.9000015258789,109.5,110.4000015258789,70.02010345458984,71563
2005-11-17,110.73332977294922,113.83333587646484,110.16666412353516,112.66666412353516,71.45772552490234,149871
2005-11-18,113.33333587646484,116.30000305175781,112.0,114.06666564941406,72.34567260742188,227133
2005-11-21,114.96666717529297,114.96666717529297,110.66666412353516,112.23332977294922,71.18287658691406,81082
2005-11-22,113.30000305175781,113.30000305175781,109.46666717529297,110.0,69.76640319824219,49671
2005-11-23,110.33333587646484,111.80000305175781,108.66666412353516,110.30000305175781,69.9566879272461,160623
2005-11-24,109.33333587646484,113.33333587646484,109.33333587646484,110.83333587646484,70.29495239257812,78565
2005-11-25,112.63333129882812,114.93333435058594,111.13333129882812,112.13333129882812,71.11943054199219,236418
2005-11-28,118.56666564941406,120.80000305175781,117.5,118.0999984741211,74.90374755859375,279054
2005-11-29,118.66666412353516,119.06666564941406,113.5,114.19999694824219,72.4301986694336,132487
2005-11-30,115.26666259765625,116.96666717529297,112.06666564941406,112.53333282470703,71.3731460571289,187779
2005-12-01,113.33333587646484,113.66666412353516,112.0,112.80000305175781,71.54226684570312,80338
2005-12-02,113.9000015258789,114.66666412353516,108.80000305175781,110.5,70.08353424072266,236845
2005-12-05,112.33333587646484,112.56666564941406,108.83333587646484,111.33333587646484,70.612060546875,154906
2005-12-06,111.33333587646484,114.93333435058594,110.4000015258789,110.9000015258789,70.33721923828125,143146
2005-12-07,111.96666717529297,112.66666412353516,109.66666412353516,109.96666717529297,69.74525451660156,152238
2005-12-08,110.66666412353516,112.66666412353516,108.66666412353516,109.66666412353516,69.55500030517578,118918
2005-12-09,110.5999984741211,112.66666412353516,108.46666717529297,109.33333587646484,69.34358978271484,238285
2005-12-12,110.0,111.0,108.93333435058594,109.43333435058594,69.40699768066406,170358
2005-12-13,110.0,111.33333587646484,109.53333282470703,110.76666259765625,70.25264739990234,119140
2005-12-14,111.80000305175781,112.33333587646484,109.5,110.0999984741211,69.82984161376953,114583
2005-12-15,110.66666412353516,111.83333587646484,107.4000015258789,108.63333129882812,68.89962768554688,118761
2005-12-16,109.23332977294922,110.66666412353516,108.66666412353516,109.9000015258789,69.7030029296875,72595
2005-12-19,110.86666870117188,111.19999694824219,108.73332977294922,109.26666259765625,69.3012924194336,101431
2005-12-20,109.93333435058594,110.16666412353516,107.06666564941406,107.63333129882812,68.26537322998047,110794
2005-12-21,108.16666412353516,110.66666412353516,107.93333435058594,109.5999984741211,69.51270294189453,254061
2005-12-22,110.5,111.26666259765625,109.5,109.80000305175781,69.6395492553711,78250
2005-12-23,110.03333282470703,110.9000015258789,107.66666412353516,108.03333282470703,68.51907348632812,61731
2005-12-26,108.0,108.06666564941406,106.0999984741211,106.53333282470703,67.56771087646484,85833
2005-12-27,106.0,108.36666870117188,106.0,107.80000305175781,68.37107849121094,36579
2005-12-28,107.46666717529297,108.83333587646484,106.66666412353516,107.5,68.1808090209961,38616
2005-12-29,108.33333587646484,108.5,106.66666412353516,107.0999984741211,67.92709350585938,74139
2005-12-30,108.5999984741211,111.73332977294922,107.5,109.66666412353516,69.55500030517578,128424
2006-01-02,110.0,110.76666259765625,107.33333587646484,109.03333282470703,69.15332794189453,56176
2006-01-03,109.80000305175781,114.66666412353516,109.36666870117188,112.36666870117188,71.2674560546875,469240
2006-01-04,115.33333587646484,118.0,112.36666870117188,117.19999694824219,74.33293151855469,1109967
2006-01-05,120.0,122.4000015258789,118.73332977294922,119.69999694824219,75.91856384277344,1134471
2006-01-06,120.66666412353516,121.93333435058594,117.36666870117188,118.76666259765625,75.32658386230469,371148
2006-01-09,119.0,120.36666870117188,115.46666717529297,115.96666717529297,73.55070495605469,271486
2006-01-10,116.36666870117188,116.76666259765625,113.86666870117188,114.33333587646484,72.51477813720703,110830
2006-01-12,114.0,114.0,107.36666870117188,112.06666564941406,71.0771713256836,174376
2006-01-13,112.13333129882812,114.66666412353516,111.4000015258789,112.23332977294922,71.18287658691406,120981
2006-01-16,112.96666717529297,113.0,111.03333282470703,111.56666564941406,70.76004791259766,81732
2006-01-17,112.26666259765625,113.0,109.33333587646484,109.5999984741211,69.51270294189453,94479
2006-01-18,110.0,113.19999694824219,108.76666259765625,112.4000015258789,71.28858947753906,91648
2006-01-19,115.5999984741211,121.26666259765625,115.5999984741211,118.9000015258789,75.41114807128906,463080
2006-01-20,117.13333129882812,122.5999984741211,117.13333129882812,120.13333129882812,76.1933822631836,458028
2006-01-23,119.96666717529297,121.30000305175781,116.83333587646484,118.83333587646484,75.36885833740234,188403
2006-01-24,120.26666259765625,122.56666564941406,119.5,120.46666717529297,76.40478515625,245346
2006-01-25,120.66666412353516,121.13333129882812,118.19999694824219,119.03333282470703,75.4957046508789,156522
2006-01-27,119.66666412353516,120.66666412353516,118.83333587646484,119.36666870117188,75.70712280273438,82230
2006-01-30,118.69999694824219,120.66666412353516,116.76666259765625,118.9000015258789,75.41114807128906,118482
2006-01-31,118.33333587646484,119.19999694824219,116.66666412353516,117.96666717529297,74.8191909790039,86218
2006-02-01,117.0999984741211,118.0,116.19999694824219,116.73332977294922,74.03695678710938,78715
2006-02-02,116.06666564941406,117.66666412353516,116.06666564941406,116.83333587646484,74.10037994384766,118074
2006-02-03,115.36666870117188,117.5,115.33333587646484,117.0999984741211,74.2695083618164,54654
2006-02-06,119.93333435058594,121.33333587646484,118.16666412353516,119.73332977294922,75.93968963623047,164037
2006-02-07,121.23332977294922,125.23332977294922,119.03333282470703,119.9000015258789,76.04537963867188,556828
2006-02-08,120.66666412353516,126.0,118.66666412353516,125.23332977294922,79.42799377441406,585684
2006-02-10,127.13333129882812,130.0,123.5,124.0,78.6457748413086,588027
2006-02-13,125.33333587646484,125.9000015258789,120.76666259765625,121.16666412353516,76.8487548828125,313509
2006-02-14,122.33333587646484,122.33333587646484,118.66666412353516,119.0,75.47456359863281,152988
2006-02-15,120.33333587646484,121.13333129882812,118.03333282470703,120.0,76.10881042480469,127098
2006-02-16,120.0,122.0,118.4000015258789,119.9000015258789,76.04537963867188,327924
2006-02-17,121.93333435058594,125.33333587646484,120.66666412353516,121.56666564941406,77.10244750976562,508819
2006-02-20,122.83333587646484,124.0,117.69999694824219,118.9000015258789,75.41114807128906,269259
2006-02-21,119.4000015258789,122.0,118.76666259765625,119.43333435058594,75.74942016601562,298923
2006-02-22,120.0,120.4000015258789,118.66666412353516,119.66666412353516,75.89736938476562,172198
2006-02-23,120.63333129882812,121.26666259765625,115.83333587646484,116.19999694824219,73.6987075805664,123438
2006-02-24,117.83333587646484,118.0,116.33333587646484,117.46666717529297,74.50205993652344,91401
2006-02-27,117.46666717529297,120.0,114.33333587646484,115.0999984741211,73.00102996826172,106951
2006-02-28,116.73332977294922,119.23332977294922,115.0999984741211,117.26666259765625,74.37521362304688,122868
2006-03-01,116.66666412353516,120.33333587646484,115.56666564941406,118.93333435058594,75.43228149414062,180453
2006-03-02,120.0,120.83333587646484,116.73332977294922,117.13333129882812,74.2906494140625,144001
2006-03-03,118.0,123.66666412353516,116.0999984741211,122.03333282470703,77.39842224121094,693274
2006-03-06,123.33333587646484,124.26666259765625,120.0,121.26666259765625,76.91217803955078,557680
2006-03-07,121.93333435058594,121.93333435058594,118.83333587646484,119.96666717529297,76.08766174316406,238300
2006-03-08,120.0,121.26666259765625,118.16666412353516,120.0999984741211,76.1722183227539,210447
2006-03-09,118.73332977294922,121.26666259765625,116.83333587646484,119.66666412353516,75.89736938476562,121588
2006-03-10,120.56666564941406,121.0,119.66666412353516,120.66666412353516,76.5316390991211,170328
2006-03-13,121.66666412353516,126.30000305175781,120.16666412353516,125.13333129882812,79.36457061767578,488859
2006-03-14,126.0,126.53333282470703,122.4000015258789,125.46666717529297,79.57597351074219,259686
2006-03-16,126.66666412353516,139.3333282470703,126.53333282470703,137.93333435058594,87.48286437988281,1744422
2006-03-17,139.26666259765625,141.10000610351562,132.03334045410156,132.53334045410156,84.05795288085938,656362
2006-03-20,133.73333740234375,138.0,132.3333282470703,133.93333435058594,84.94587707519531,364341
2006-03-21,136.39999389648438,138.6666717529297,133.6999969482422,134.6666717529297,85.41100311279297,373198
2006-03-22,134.63333129882812,134.63333129882812,130.73333740234375,132.10000610351562,83.78312683105469,192972
2006-03-23,133.53334045410156,136.3333282470703,130.8333282470703,131.96665954589844,83.69853973388672,153982
2006-03-24,130.6666717529297,134.53334045410156,128.23333740234375,133.6999969482422,84.79789733886719,223053
2006-03-27,135.3000030517578,136.53334045410156,132.1666717529297,134.6666717529297,85.41100311279297,213978
2006-03-28,135.3333282470703,135.3333282470703,129.5,130.36666870117188,82.68375396728516,77182
2006-03-29,129.56666564941406,133.0,129.56666564941406,130.8333282470703,82.97975158691406,61767
2006-03-30,132.1666717529297,137.6666717529297,130.26666259765625,135.60000610351562,86.00296783447266,171471
2006-03-31,138.3333282470703,154.6666717529297,136.0,152.36666870117188,96.63704681396484,1352770
2006-04-03,154.46665954589844,155.73333740234375,147.73333740234375,149.39999389648438,94.75545501708984,413857
2006-04-04,150.1999969482422,156.6666717529297,149.6666717529297,154.56666564941406,98.03236389160156,577221
2006-04-05,155.53334045410156,158.3000030517578,153.3333282470703,157.1666717529297,99.681396484375,425992
2006-04-07,156.0,158.0,126.66666412353516,155.8333282470703,98.83573150634766,501771
2006-04-10,156.0,156.6666717529297,151.6999969482422,153.60000610351562,97.41929626464844,126118
2006-04-12,152.6666717529297,154.6666717529297,133.3333282470703,140.73333740234375,89.25872802734375,407982
2006-04-13,142.6666717529297,146.6666717529297,136.0,136.6666717529297,86.67948150634766,351585
2006-04-17,138.6666717529297,153.26666259765625,138.6666717529297,149.96665954589844,95.11485290527344,381016
2006-04-18,151.73333740234375,151.73333740234375,144.1999969482422,148.93333435058594,94.45948791503906,115743
2006-04-19,150.93333435058594,152.86666870117188,148.0,149.3000030517578,94.6920166015625,119908
2006-04-20,148.0,152.0,147.36666870117188,150.86666870117188,95.68568420410156,92430
2006-04-21,151.3333282470703,156.3333282470703,148.3333282470703,150.1666717529297,95.24171447753906,267679
2006-04-24,152.0,154.6666717529297,147.6999969482422,151.60000610351562,96.1507797241211,164889
2006-04-25,153.3333282470703,153.3333282470703,144.03334045410156,145.43333435058594,92.23963928222656,153268
2006-04-26,146.0,151.3333282470703,144.10000610351562,145.3333282470703,92.17623901367188,150081
2006-04-27,148.26666259765625,149.3333282470703,146.03334045410156,146.53334045410156,92.93732452392578,72418
2006-04-28,137.3333282470703,147.3333282470703,137.3333282470703,144.5,91.647705078125,135544
2006-05-02,146.6666717529297,148.1666717529297,146.0,146.93333435058594,93.19100952148438,97678
2006-05-03,148.0,149.0,146.0,146.6999969482422,93.04302978515625,122554
2006-05-04,148.0,156.6666717529297,146.6666717529297,150.6666717529297,95.55884552001953,372063
2006-05-05,152.60000610351562,153.0,149.3333282470703,150.23333740234375,95.28399658203125,190854
2006-05-08,151.3333282470703,161.3333282470703,151.3333282470703,153.06666564941406,97.08101654052734,1024018
2006-05-09,153.96665954589844,155.6666717529297,150.6666717529297,151.26666259765625,95.93936157226562,410530
2006-05-10,153.13333129882812,154.93333435058594,151.26666259765625,152.73333740234375,96.86959075927734,165982
2006-05-11,155.3000030517578,155.3000030517578,150.0,151.06666564941406,95.81253814697266,150319
2006-05-12,150.53334045410156,150.53334045410156,145.36666870117188,146.13333129882812,92.6836166381836,155736
2006-05-15,146.13333129882812,151.3333282470703,143.39999389648438,146.43333435058594,92.87389373779297,481426
2006-05-16,148.0,149.3333282470703,137.6999969482422,146.10000610351562,92.6624755859375,309372
2006-05-17,150.6666717529297,150.6666717529297,146.0,147.8333282470703,93.7618179321289,306312
2006-05-18,146.6999969482422,148.93333435058594,141.36666870117188,147.3333282470703,93.44468688964844,177996
2006-05-19,146.6666717529297,148.63333129882812,134.86666870117188,139.8000030517578,88.66676330566406,344880
2006-05-22,134.6666717529297,140.0,120.0,123.66666412353516,78.4343490600586,154114
2006-05-23,124.0,132.6666717529297,120.66666412353516,131.3333282470703,83.29685974121094,53295
2006-05-24,130.06666564941406,135.93333435058594,129.3333282470703,130.73333740234375,82.91631317138672,75223
2006-05-25,130.0,131.10000610351562,122.06666564941406,124.0999984741211,78.70917510986328,95122
2006-05-26,127.30000305175781,132.6666717529297,125.33333587646484,126.0,79.91424560546875,109911
2006-05-29,130.76666259765625,130.76666259765625,125.33333587646484,126.33333587646484,80.12566375732422,70101
2006-05-30,126.66666412353516,132.1666717529297,126.0,131.3000030517578,83.2757339477539,89649
2006-05-31,130.0,130.0,123.33333587646484,125.0,79.2800064086914,52759
2006-06-01,126.66666412353516,131.23333740234375,116.93333435058594,118.5,75.15745544433594,44599
2006-06-02,119.5999984741211,120.66666412353516,116.06666564941406,117.86666870117188,74.75576782226562,56058
2006-06-05,123.26666259765625,123.26666259765625,115.13333129882812,116.76666259765625,74.05809020996094,82164
2006-06-06,112.4000015258789,112.66666412353516,108.0,109.13333129882812,69.21672058105469,39306
2006-06-07,110.0,112.0,103.33333587646484,103.73332977294922,65.7918472290039,73443
2006-06-08,101.0,104.63333129882812,90.33333587646484,93.53333282470703,59.32257080078125,197475
2006-06-09,94.19999694824219,110.80000305175781,94.19999694824219,109.23332977294922,69.2801513671875,127270
2006-06-12,108.0,109.16666412353516,103.93333435058594,104.80000305175781,66.46835327148438,96352
2006-06-13,100.66666412353516,100.66666412353516,88.93333435058594,90.19999694824219,57.20844650268555,183895
2006-06-14,98.66666412353516,98.66666412353516,88.66666412353516,91.0999984741211,57.77926254272461,124752
2006-06-15,94.66666412353516,102.66666412353516,92.66666412353516,97.63333129882812,61.92296600341797,168646
2006-06-16,102.5,108.66666412353516,98.66666412353516,100.80000305175781,63.9314079284668,127755
2006-06-19,101.33333587646484,104.66666412353516,99.36666870117188,100.0,63.42402648925781,150268
2006-06-20,98.4000015258789,105.33333587646484,98.4000015258789,102.0,64.6924819946289,121897
2006-06-21,103.26666259765625,108.5999984741211,103.26666259765625,104.5,66.2780990600586,168015
2006-06-22,107.96666717529297,109.93333435058594,104.76666259765625,105.83333587646484,67.12374114990234,99987
2006-06-23,105.66666412353516,112.26666259765625,105.66666412353516,109.30000305175781,69.32242584228516,180613
2006-06-26,112.33333587646484,114.33333587646484,107.43333435058594,110.19999694824219,69.89327239990234,184959
2006-06-27,120.0,120.0,108.83333587646484,113.23332977294922,71.81710815429688,272898
2006-06-28,114.0,114.0,108.0,112.83333587646484,71.56343841552734,83283
2006-06-29,116.0,116.53333282470703,114.06666564941406,114.66666412353516,72.7261962890625,58326
2006-06-30,118.93333435058594,119.83333587646484,116.16666412353516,117.0999984741211,74.2695083618164,51226
2006-07-03,121.66666412353516,122.0,118.0,119.83333587646484,76.00310516357422,65230
2006-07-04,121.33333587646484,122.5999984741211,118.36666870117188,119.4000015258789,75.72827911376953,62719
2006-07-05,119.63333129882812,119.66666412353516,115.53333282470703,116.26666259765625,73.74098205566406,65259
2006-07-06,115.0,118.19999694824219,114.80000305175781,116.33333587646484,73.78327178955078,49978
2006-07-07,118.0,123.0,117.0,118.19999694824219,74.96717071533203,220357
2006-07-10,125.0,125.0,116.06666564941406,118.13333129882812,74.92487335205078,45532
2006-07-11,118.0,119.96666717529297,116.0,116.5999984741211,73.95238494873047,38290
2006-07-12,116.73332977294922,122.66666412353516,116.66666412353516,122.36666870117188,77.6098403930664,120276
2006-07-13,122.0,123.16666412353516,120.03333282470703,120.66666412353516,76.5316390991211,38101
2006-07-14,116.83333587646484,120.86666870117188,116.83333587646484,120.46666717529297,76.40478515625,41179
2006-07-17,114.83333587646484,125.93333435058594,114.83333587646484,119.43333435058594,75.74942016601562,83902
2006-07-18,121.5999984741211,124.66666412353516,119.73332977294922,122.33333587646484,77.58869934082031,74311
2006-07-19,123.33333587646484,124.5999984741211,115.33333587646484,116.0,73.57184600830078,141339
2006-07-20,121.33333587646484,122.06666564941406,117.86666870117188,120.0999984741211,76.1722183227539,85186
2006-07-21,120.0999984741211,120.66666412353516,116.96666717529297,117.80000305175781,74.7134780883789,42132
2006-07-24,117.73332977294922,122.33333587646484,114.66666412353516,120.66666412353516,76.5316390991211,55204
2006-07-25,121.33333587646484,123.33333587646484,121.06666564941406,122.73332977294922,77.8423843383789,48016
2006-07-26,122.0,126.5,121.36666870117188,125.96666717529297,79.89311218261719,66630
2006-07-27,126.5,129.3333282470703,122.83333587646484,124.19999694824219,78.77261352539062,70681
2006-07-28,126.66666412353516,129.0,121.33333587646484,123.53333282470703,78.34980010986328,180715
2006-07-31,126.0,128.96665954589844,123.56666564941406,125.63333129882812,79.68169403076172,72973
2006-08-01,123.03333282470703,126.53333282470703,122.43333435058594,124.76666259765625,79.13202667236328,36985
2006-08-02,124.06666564941406,126.66666412353516,123.66666412353516,125.93333435058594,79.8719711303711,30382
2006-08-03,127.80000305175781,129.0,125.66666412353516,125.86666870117188,79.8296890258789,56730
2006-08-04,128.0,128.0,124.80000305175781,125.46666717529297,79.57597351074219,70767
2006-08-07,125.33333587646484,130.6666717529297,125.33333587646484,126.73332977294922,80.37936401367188,139762
2006-08-08,128.53334045410156,128.53334045410156,125.06666564941406,125.93333435058594,79.8719711303711,170749
2006-08-09,123.66666412353516,126.06666564941406,121.5,124.4000015258789,81.48773956298828,115543
2006-08-10,124.13333129882812,124.66666412353516,120.33333587646484,121.83333587646484,79.80647277832031,177396
2006-08-11,127.33333587646484,127.33333587646484,119.69999694824219,120.73332977294922,79.0859146118164,267163
2006-08-14,124.66666412353516,127.33333587646484,122.0,122.86666870117188,80.48333740234375,301269
2006-08-16,125.33333587646484,127.30000305175781,122.83333587646484,124.13333129882812,81.31306457519531,496186
2006-08-17,125.9000015258789,126.46666717529297,121.0,121.76666259765625,79.76277923583984,159915
2006-08-18,122.66666412353516,123.73332977294922,122.0,123.19999694824219,80.7016830444336,100372
2006-08-21,122.13333129882812,125.0999984741211,122.13333129882812,123.66666412353516,81.00736999511719,109066
2006-08-22,124.0,131.60000610351562,123.33333587646484,126.30000305175781,82.73233032226562,1005562
2006-08-23,128.0,134.3333282470703,127.33333587646484,129.1666717529297,84.6101303100586,1367134
2006-08-24,127.66666412353516,128.6666717529297,125.33333587646484,126.53333282470703,82.88516998291016,268903
2006-08-25,128.0,128.5,125.0,125.5,82.20829010009766,270820
2006-08-28,126.66666412353516,126.66666412353516,124.16666412353516,124.96666717529297,81.85895538330078,251224
2006-08-29,126.66666412353516,127.33333587646484,124.16666412353516,124.73332977294922,81.70609283447266,129736
2006-08-30,125.66666412353516,126.30000305175781,123.69999694824219,124.53333282470703,81.57508850097656,185296
2006-08-31,125.30000305175781,128.3333282470703,123.66666412353516,124.43333435058594,81.50957489013672,201486
2006-09-01,124.66666412353516,126.33333587646484,124.0,124.30000305175781,81.42223358154297,63067
2006-09-04,125.19999694824219,127.16666412353516,124.83333587646484,125.26666259765625,82.0554428100586,108885
2006-09-05,125.66666412353516,129.86666870117188,122.06666564941406,128.8000030517578,84.36995697021484,344407
2006-09-06,130.0,132.60000610351562,128.6666717529297,131.3333282470703,86.02940368652344,274807
2006-09-07,130.0,134.0,128.1666717529297,131.0,85.81105041503906,381606
2006-09-08,131.53334045410156,133.23333740234375,130.0,130.73333740234375,85.63636779785156,265395
2006-09-11,132.46665954589844,136.0,126.36666870117188,127.33333587646484,83.40922546386719,368929
2006-09-12,128.6666717529297,129.3333282470703,124.06666564941406,126.96666717529297,83.16902923583984,195046
2006-09-13,129.86666870117188,132.0,128.06666564941406,129.3333282470703,84.71930694580078,145366
2006-09-14,131.1999969482422,132.6666717529297,129.8333282470703,131.03334045410156,85.83289337158203,169855
2006-09-15,131.03334045410156,131.13333129882812,129.13333129882812,130.39999389648438,85.41801452636719,65788
2006-09-18,127.33333587646484,130.56666564941406,127.33333587646484,129.1999969482422,84.63197326660156,123393
2006-09-19,128.0,129.6666717529297,127.4000015258789,128.0,83.84591674804688,112980
2006-09-20,126.80000305175781,127.9000015258789,126.0,126.66666412353516,82.97250366210938,160863
2006-09-21,130.0,130.0,125.4000015258789,126.26666259765625,82.71050262451172,105460
2006-09-22,127.96666717529297,128.1666717529297,126.06666564941406,127.4000015258789,83.452880859375,71787
2006-09-25,126.43333435058594,128.43333435058594,125.63333129882812,126.43333435058594,82.81967163085938,65290
2006-09-26,128.3333282470703,129.26666259765625,124.66666412353516,126.5999984741211,82.92884826660156,77656
2006-09-27,127.0,128.86666870117188,127.0,127.46666717529297,83.4965591430664,71898
2006-09-28,127.66666412353516,128.26666259765625,124.5,125.53333282470703,82.23013305664062,44592
2006-09-29,126.66666412353516,126.66666412353516,123.73332977294922,124.9000015258789,81.8152847290039,83944
2006-10-03,129.3333282470703,129.3333282470703,123.80000305175781,124.86666870117188,81.79341888427734,92086
2006-10-04,127.30000305175781,127.30000305175781,124.13333129882812,125.06666564941406,81.9244384765625,89530
2006-10-05,126.33333587646484,127.66666412353516,124.33333587646484,124.5999984741211,81.61875915527344,166438
2006-10-06,126.0,126.30000305175781,123.76666259765625,125.36666870117188,82.12096405029297,156936
2006-10-09,125.36666870117188,131.3333282470703,124.5999984741211,127.80000305175781,83.71490478515625,265833
2006-10-10,130.0,130.6666717529297,126.23332977294922,127.23332977294922,83.34371948242188,108874
2006-10-11,129.8000030517578,130.0,126.73332977294922,127.43333435058594,83.4747085571289,88419
2006-10-12,126.0,128.26666259765625,126.0,126.5999984741211,82.92884826660156,117216
2006-10-13,128.0,128.96665954589844,124.4000015258789,124.83333587646484,81.77159118652344,105258
2006-10-16,126.16666412353516,129.53334045410156,124.83333587646484,125.66666412353516,82.31747436523438,214510
2006-10-17,125.69999694824219,127.33333587646484,117.06666564941406,125.46666717529297,82.18645477294922,72330
2006-10-18,124.5999984741211,127.5999984741211,124.5999984741211,125.56666564941406,82.2519760131836,104701
2006-10-19,125.36666870117188,126.66666412353516,122.26666259765625,123.16666412353516,80.67985534667969,98613
2006-10-20,124.66666412353516,145.8333282470703,124.66666412353516,137.56666564941406,90.11251831054688,1535116
2006-10-23,157.3333282470703,158.26666259765625,149.6666717529297,151.8000030517578,99.43600463867188,2163439
2006-10-26,151.86666870117188,157.3333282470703,148.43333435058594,156.3000030517578,102.38371276855469,1138183
2006-10-27,157.3333282470703,159.63333129882812,153.73333740234375,156.89999389648438,102.7767333984375,485374
2006-10-30,157.03334045410156,174.0,153.6666717529297,169.63333129882812,111.11766815185547,1741489
2006-10-31,169.3333282470703,171.13333129882812,160.1666717529297,162.5,106.44499206542969,652789
2006-11-01,164.0,174.0,164.0,170.3333282470703,111.57620239257812,1051381
2006-11-02,169.3333282470703,172.96665954589844,167.6666717529297,169.39999389648438,110.9648208618164,505770
2006-11-03,163.46665954589844,169.6666717529297,160.73333740234375,161.86666870117188,106.03013610839844,284998
2006-11-06,163.8333282470703,165.8333282470703,161.39999389648438,164.23333740234375,107.58043670654297,173679
2006-11-07,165.8333282470703,172.0,164.76666259765625,168.03334045410156,110.06959533691406,449749
2006-11-08,169.3333282470703,169.3333282470703,158.6666717529297,164.96665954589844,108.06080627441406,256768
2006-11-09,166.56666564941406,184.0,163.36666870117188,180.46665954589844,118.21401977539062,1758063
2006-11-10,182.60000610351562,187.6666717529297,178.03334045410156,182.89999389648438,119.80795288085938,1249414
2006-11-13,182.53334045410156,182.53334045410156,176.0,178.56666564941406,116.96941375732422,379896
2006-11-14,179.6666717529297,192.46665954589844,178.6666717529297,184.76666259765625,121.03069305419922,989685
2006-11-15,185.86666870117188,186.63333129882812,176.86666870117188,180.3000030517578,118.10481262207031,416349
2006-11-16,181.46665954589844,185.76666259765625,178.6666717529297,179.1999969482422,117.38427734375,215241
2006-11-17,181.1999969482422,182.60000610351562,170.0,175.46665954589844,114.93875885009766,237282
2006-11-20,167.5,179.1999969482422,166.73333740234375,176.3333282470703,115.50647735595703,222423
2006-11-21,178.26666259765625,182.60000610351562,172.06666564941406,173.63333129882812,113.73785400390625,257434
2006-11-22,176.13333129882812,178.6666717529297,170.0,173.56666564941406,113.69420623779297,260731
2006-11-23,174.73333740234375,181.3333282470703,173.3333282470703,179.93333435058594,117.86465454101562,426546
2006-11-24,181.26666259765625,187.86666870117188,178.8333282470703,180.73333740234375,118.38870239257812,448908
2006-11-27,146.6666717529297,181.63333129882812,146.6666717529297,178.43333435058594,116.88209533691406,105354
2006-11-28,173.46665954589844,179.26666259765625,173.46665954589844,175.76666259765625,115.13530731201172,98202
2006-11-29,176.46665954589844,181.0,171.0,172.39999389648438,112.92994689941406,289149
2006-11-30,175.0,176.6666717529297,172.73333740234375,173.3000030517578,113.51952362060547,120921
2006-12-01,175.89999389648438,180.0,174.6666717529297,178.46665954589844,116.90392303466797,191797
2006-12-04,180.06666564941406,186.6666717529297,177.3333282470703,180.76666259765625,118.41053009033203,362940
2006-12-05,182.8000030517578,184.46665954589844,179.6666717529297,181.39999389648438,118.82537841796875,298383
2006-12-06,183.1999969482422,183.1999969482422,174.1666717529297,176.1666717529297,115.39728546142578,181630
2006-12-07,177.6666717529297,178.3333282470703,172.6666717529297,174.89999389648438,114.56756591796875,105565
2006-12-08,174.0,176.3333282470703,171.3333282470703,172.86666870117188,113.23566436767578,137982
2006-12-11,173.3333282470703,178.6666717529297,167.3333282470703,170.5,111.68537902832031,146130
2006-12-12,168.0,173.26666259765625,156.6666717529297,164.06666564941406,107.47124481201172,169797
2006-12-13,163.8000030517578,168.6666717529297,158.8000030517578,166.86666870117188,109.30535125732422,85912
2006-12-14,169.23333740234375,175.96665954589844,166.6666717529297,173.53334045410156,113.6723403930664,120363
2006-12-15,177.0,178.60000610351562,173.53334045410156,174.89999389648438,114.56756591796875,53100
2006-12-18,175.27000427246094,180.6699981689453,170.27000427246094,178.5,116.92573547363281,160560
2006-12-19,177.92999267578125,178.0,172.07000732421875,173.22999572753906,113.4736557006836,102762
2006-12-20,176.6699981689453,176.6699981689453,172.07000732421875,173.6699981689453,113.76187133789062,251670
2006-12-21,176.0,184.60000610351562,170.6699981689453,182.72999572753906,119.69661712646484,498463
2006-12-22,183.6699981689453,194.60000610351562,182.6699981689453,187.60000610351562,122.88666534423828,904902
2006-12-26,190.52999877929688,197.0,185.5,193.97000122070312,127.05931091308594,693016
2006-12-27,190.07000732421875,203.60000610351562,190.07000732421875,197.3000030517578,129.24061584472656,888249
2006-12-28,199.8699951171875,202.60000610351562,194.0,196.6300048828125,128.80174255371094,436165
2006-12-29,199.72999572753906,207.27000427246094,196.6699981689453,203.77000427246094,133.47874450683594,626259
2007-01-02,203.77000427246094,209.1999969482422,200.0,207.89999389648438,136.18411254882812,370836
2007-01-03,209.3300018310547,211.97000122070312,205.42999267578125,206.60000610351562,135.33251953125,328743
2007-01-04,209.97000122070312,210.0,203.52999877929688,204.77000427246094,134.13377380371094,187743
2007-01-05,206.6699981689453,209.8300018310547,204.07000732421875,205.0,134.2845001220703,190822
2007-01-08,206.0,208.0,196.6999969482422,198.3300018310547,129.91531372070312,232356
2007-01-09,201.3699951171875,203.1999969482422,192.3000030517578,196.3000030517578,128.5855712890625,232207
2007-01-10,195.3699951171875,196.8699951171875,186.6699981689453,195.1999969482422,127.86505126953125,279628
2007-01-11,196.0,204.92999267578125,194.27000427246094,201.39999389648438,131.92628479003906,228030
2007-01-12,204.97000122070312,206.47000122070312,199.8699951171875,201.60000610351562,132.05731201171875,150072
2007-01-15,203.27000427246094,207.27000427246094,202.1300048828125,205.42999267578125,134.56614685058594,179235
2007-01-16,207.72999572753906,210.0,204.6699981689453,207.27000427246094,135.77142333984375,213760
2007-01-17,209.3300018310547,235.89999389648438,208.6699981689453,227.89999389648438,149.28504943847656,2032723
2007-01-18,231.10000610351562,273.5,230.8699951171875,273.5,179.15513610839844,2046988
2007-01-19,284.9700012207031,296.4700012207031,264.0,269.8699951171875,176.77734375,3904728
2007-01-22,270.6700134277344,284.5299987792969,261.70001220703125,271.0299987792969,177.53717041015625,1862617
2007-01-23,271.3299865722656,282.4700012207031,265.3299865722656,268.8999938964844,176.14193725585938,1412167
2007-01-24,272.20001220703125,276.2699890136719,265.57000732421875,268.6000061035156,175.94540405273438,385360
2007-01-25,270.20001220703125,273.3299865722656,265.6700134277344,269.57000732421875,176.58082580566406,488523
2007-01-29,271.7699890136719,282.3299865722656,270.0,273.6700134277344,179.26651000976562,697926
2007-01-31,276.3999938964844,276.3999938964844,263.42999267578125,265.6300048828125,173.99989318847656,356611
2007-02-01,267.3299865722656,275.3299865722656,264.2300109863281,268.1000061035156,175.617919921875,472876
2007-02-02,270.57000732421875,276.6700134277344,268.0,268.92999267578125,176.16156005859375,310963
2007-02-05,270.6700134277344,272.6700134277344,266.7300109863281,267.79998779296875,175.42135620117188,198780
2007-02-06,269.6700134277344,273.0,267.07000732421875,268.70001220703125,176.01092529296875,278827
2007-02-07,270.6700134277344,306.6700134277344,270.6700134277344,293.79998779296875,192.4525909423828,2355406
2007-02-08,297.3299865722656,306.0,286.70001220703125,291.6300048828125,191.0311279296875,1267102
2007-02-09,291.6300048828125,296.6700134277344,280.1300048828125,282.6000061035156,185.11605834960938,538057
2007-02-12,282.0,282.0,263.3299865722656,271.1000061035156,177.58302307128906,582072
2007-02-13,270.6700134277344,279.9700012207031,264.6700134277344,270.20001220703125,176.99349975585938,443797
2007-02-14,270.6700134277344,289.3299865722656,263.3299865722656,285.6000061035156,187.08120727539062,525897
2007-02-15,270.0,314.6700134277344,270.0,304.2300109863281,199.2847137451172,1273002
2007-02-19,304.92999267578125,318.2699890136719,300.0,312.20001220703125,204.5054168701172,710476
2007-02-20,308.20001220703125,356.4700012207031,304.2300109863281,341.8699951171875,223.940673828125,4121265
2007-02-21,345.0,349.29998779296875,328.7300109863281,333.3399963378906,218.35308837890625,2936515
2007-02-22,333.20001220703125,342.8699951171875,324.0,327.8299865722656,214.7438201904297,1309657
2007-02-23,329.79998779296875,331.2300109863281,305.3299865722656,322.1700134277344,211.03623962402344,1108669
2007-02-26,318.5299987792969,334.4700012207031,310.0,327.0299987792969,214.21974182128906,920544
2007-02-27,328.0,337.29998779296875,315.3299865722656,321.2699890136719,210.4467315673828,529570
2007-02-28,306.0,318.26666259765625,257.4333190917969,264.3666687011719,173.17239379882812,1562197
2007-03-01,276.6700134277344,312.6700134277344,267.3299865722656,305.42999267578125,200.07073974609375,1870731
2007-03-02,309.3299865722656,321.1300048828125,290.7300109863281,295.5299987792969,193.58580017089844,1526466
2007-03-05,286.0,286.0,266.8299865722656,278.70001220703125,182.5613555908203,1015243
2007-03-06,289.6000061035156,302.92999267578125,268.79998779296875,274.92999267578125,180.0918731689453,1009753
2007-03-07,281.3299865722656,285.6000061035156,260.3699951171875,271.9700012207031,178.1529083251953,915979
2007-03-08,276.2699890136719,282.6000061035156,263.3299865722656,280.0299987792969,183.43260192871094,635872
2007-03-09,282.0,283.3299865722656,265.3299865722656,267.6300048828125,175.30999755859375,590100
2007-03-12,269.6000061035156,285.3299865722656,263.3299865722656,265.8699951171875,174.15713500976562,592068
2007-03-13,269.3299865722656,301.3299865722656,268.2699890136719,297.57000732421875,194.92208862304688,2293942
2007-03-14,276.79998779296875,291.3299865722656,274.07000732421875,285.9700012207031,187.32354736328125,1499446
2007-03-15,293.3299865722656,307.2699890136719,284.3299865722656,287.0299987792969,188.01791381835938,990847
2007-03-16,286.6700134277344,296.6700134277344,276.07000732421875,290.42999267578125,190.24502563476562,801544
2007-03-19,292.8299865722656,319.3299865722656,287.0,313.7699890136719,205.53384399414062,1787773
2007-03-20,317.79998779296875,321.1300048828125,301.3299865722656,303.29998779296875,198.6754913330078,1349425
2007-03-21,302.0,305.6000061035156,293.3299865722656,295.0,193.23861694335938,599149
2007-03-22,300.07000732421875,306.0,291.1300048828125,292.70001220703125,191.73199462890625,606940
2007-03-23,280.3999938964844,312.6700134277344,280.3999938964844,307.3699951171875,201.34153747558594,1377258
2007-03-26,308.5299987792969,311.1300048828125,300.07000732421875,301.29998779296875,197.3654022216797,559248
2007-03-28,294.6700134277344,299.3699951171875,287.07000732421875,288.6000061035156,189.0463409423828,328030
2007-03-29,286.6700134277344,297.8299865722656,284.6700134277344,288.6700134277344,189.09222412109375,852844
2007-03-30,291.8699951171875,297.8699951171875,291.5,292.79998779296875,191.79751586914062,501289
2007-04-02,290.0,294.0,280.3299865722656,282.70001220703125,185.18157958984375,367447
2007-04-03,283.3299865722656,288.8699951171875,274.8299865722656,284.3999938964844,186.2951202392578,589405
2007-04-04,289.2699890136719,291.29998779296875,280.92999267578125,282.9700012207031,185.3584747314453,361392
2007-04-05,284.07000732421875,289.2300109863281,280.0,281.5,184.39549255371094,332842
2007-04-09,282.8699951171875,291.6000061035156,282.8699951171875,287.9700012207031,188.63365173339844,383287
2007-04-10,292.5299987792969,294.3299865722656,282.79998779296875,288.6300048828125,189.0659942626953,520071
2007-04-11,290.6700134277344,292.4700012207031,283.3299865722656,284.3299865722656,186.249267578125,325722
2007-04-12,283.3299865722656,288.0,278.8999938964844,283.3999938964844,185.64007568359375,388311
2007-04-13,286.6700134277344,306.6700134277344,286.6700134277344,300.6000061035156,196.9068603515625,1262607
2007-04-16,306.6700134277344,318.4700012207031,303.3299865722656,309.29998779296875,202.6057891845703,1101732
2007-04-17,313.1300048828125,313.1300048828125,294.6700134277344,298.3999938964844,195.46578979492188,638812
2007-04-18,300.0,313.3299865722656,296.7300109863281,304.7699890136719,199.63839721679688,890811
2007-04-19,302.92999267578125,313.29998779296875,296.0,306.7300109863281,200.92230224609375,665728
2007-04-20,309.6000061035156,315.92999267578125,308.0,310.1000061035156,203.12982177734375,549532
2007-04-23,310.0,314.7699890136719,306.0,307.4700012207031,201.40707397460938,275917
2007-04-24,306.6000061035156,313.3299865722656,304.1000061035156,308.5,202.0817413330078,414657
2007-04-25,309.3299865722656,311.3299865722656,302.6700134277344,304.5,199.46157836914062,314599
2007-04-26,307.3299865722656,308.6700134277344,294.0,295.7699890136719,193.74302673339844,229798
2007-04-27,297.0,299.1300048828125,288.6700134277344,290.57000732421875,190.3367919921875,251107
2007-04-30,288.3299865722656,305.07000732421875,283.42999267578125,300.1300048828125,196.5990447998047,508363
2007-05-03,304.0,307.3299865722656,294.8699951171875,296.7300109863281,194.3718719482422,300373
2007-05-04,298.0,303.3299865722656,294.2699890136719,298.07000732421875,195.24966430664062,261201
2007-05-07,301.3299865722656,304.2699890136719,296.6700134277344,297.92999267578125,195.15794372558594,248866
2007-05-08,299.8699951171875,309.20001220703125,296.0,300.2300109863281,196.66453552246094,687771
2007-05-09,304.6700134277344,304.6700134277344,296.6700134277344,299.4700012207031,196.16668701171875,258463
2007-05-10,301.3299865722656,325.9700012207031,300.9700012207031,310.42999267578125,203.34600830078125,2001931
2007-05-11,302.1700134277344,327.3299865722656,302.1700134277344,324.6700134277344,212.6738739013672,2098321
2007-05-14,329.9700012207031,342.0,326.6000061035156,338.739990234375,221.8903350830078,1578900
2007-05-15,340.07000732421875,352.6700134277344,337.5,345.44000244140625,226.27914428710938,1695813
2007-05-16,349.8699951171875,364.0,345.3999938964844,358.8399963378906,235.0567626953125,1597930
2007-05-17,362.94000244140625,376.6700134277344,354.70001220703125,358.29998779296875,234.70306396484375,1419013
2007-05-18,354.6700134277344,358.0,337.3399963378906,343.739990234375,225.16558837890625,870766
2007-05-21,346.6700134277344,352.6700134277344,335.0,343.0,224.6808319091797,406545
2007-05-22,345.3999938964844,346.5400085449219,334.6700134277344,337.20001220703125,220.88162231445312,346390
2007-05-23,344.6700134277344,361.2699890136719,341.3399963378906,348.6700134277344,228.3949737548828,1721085
2007-05-24,390.0,396.6700134277344,361.7699890136719,366.6700134277344,240.185791015625,3488005
2007-05-25,363.57000732421875,411.239990234375,354.0,403.239990234375,264.14080810546875,3854430
2007-05-28,406.6700134277344,424.57000732421875,385.7699890136719,392.1000061035156,256.8435974121094,2821945
2007-05-29,396.0,411.1700134277344,392.6700134277344,404.29998779296875,264.8351745605469,1562929
2007-05-30,401.1400146484375,412.6000061035156,396.70001220703125,401.79998779296875,263.1975402832031,1264675
2007-05-31,406.07000732421875,412.5400085449219,396.6700134277344,401.739990234375,263.15826416015625,654541
2007-06-01,405.3399963378906,407.3399963378906,389.3399963378906,393.5400085449219,257.7868347167969,452227
2007-06-04,396.0,398.0400085449219,379.8699951171875,388.0,254.15797424316406,726576
2007-06-05,386.6700134277344,389.8399963378906,374.6700134277344,377.29998779296875,247.14889526367188,946116
2007-06-06,383.1400146484375,392.0,373.3399963378906,374.4700012207031,245.29515075683594,711880
2007-06-07,372.1400146484375,378.94000244140625,360.94000244140625,364.2699890136719,238.6136932373047,534814
2007-06-08,300.0,372.26666259765625,300.0,360.9333190917969,236.42803955078125,551340
2007-06-11,365.3399963378906,372.6700134277344,364.29998779296875,366.8399963378906,240.29713439941406,345906
2007-06-12,367.3399963378906,369.239990234375,350.0,363.79998779296875,238.30580139160156,395905
2007-06-13,362.6700134277344,370.0,353.3399963378906,355.3699951171875,232.78375244140625,530026
2007-06-14,358.6700134277344,361.3399963378906,353.3999938964844,355.8699951171875,233.1112823486328,424777
2007-06-15,356.6700134277344,363.3399963378906,354.1700134277344,356.739990234375,233.68115234375,316152
2007-06-18,358.6700134277344,359.739990234375,349.3699951171875,352.6700134277344,231.01519775390625,269412
2007-06-19,350.739990234375,353.3399963378906,338.739990234375,349.0,228.6111297607422,378967
2007-06-20,352.0,356.1000061035156,346.6700134277344,348.1000061035156,228.02159118652344,289012
2007-06-21,349.3399963378906,352.0,340.0,346.8999938964844,227.2354736328125,379465
2007-06-22,349.2699890136719,370.5,346.6700134277344,367.29998779296875,240.59844970703125,828049
2007-06-25,368.739990234375,371.20001220703125,356.739990234375,360.739990234375,236.30133056640625,420022
2007-06-26,364.6700134277344,365.1000061035156,352.6700134277344,354.239990234375,232.04351806640625,337209
2007-06-27,355.6000061035156,362.3399963378906,343.3399963378906,345.5,226.31846618652344,613695
2007-06-28,350.0,351.3399963378906,346.70001220703125,348.1700134277344,228.06739807128906,193474
2007-06-29,351.2699890136719,354.0,342.6700134277344,344.1400146484375,225.42764282226562,414570
2007-07-02,345.6700134277344,348.4700012207031,338.0,340.239990234375,222.87290954589844,408855
2007-07-03,343.3399963378906,355.6400146484375,340.6700134277344,352.1700134277344,230.6876220703125,754279
2007-07-04,354.0,356.5400085449219,338.6700134277344,346.70001220703125,227.10455322265625,293788
2007-07-05,346.6700134277344,347.29998779296875,337.70001220703125,343.3999938964844,224.94288635253906,289501
2007-07-06,344.3399963378906,352.0,341.7699890136719,343.239990234375,224.8380126953125,301675
2007-07-09,350.0,352.6400146484375,343.5,345.6000061035156,226.38394165039062,421642
2007-07-10,352.6700134277344,356.0,346.0,351.29998779296875,230.1177215576172,542686
2007-07-11,347.3399963378906,348.6700134277344,342.6700134277344,344.1000061035156,225.4014129638672,283896
2007-07-12,347.44000244140625,348.9700012207031,337.6700134277344,339.9700012207031,222.69602966308594,295350
2007-07-13,344.0,345.20001220703125,337.3399963378906,338.57000732421875,221.77899169921875,248001
2007-07-16,342.6700134277344,342.6700134277344,328.6700134277344,329.7300109863281,215.9883575439453,304587
2007-07-17,328.5299987792969,336.6700134277344,325.5,331.8299865722656,220.25860595703125,446580
2007-07-18,346.0,346.0,309.3299865722656,317.6000061035156,210.81320190429688,343930
2007-07-19,321.9700012207031,326.6700134277344,310.6700134277344,322.1700134277344,213.84661865234375,450957
2007-07-20,322.0,329.8999938964844,316.6700134277344,326.42999267578125,216.67422485351562,267157
2007-07-23,326.0,357.2699890136719,323.3299865722656,339.0,225.01785278320312,815422
2007-07-24,340.0,347.9700012207031,335.3399963378906,336.4700012207031,223.33848571777344,419715
2007-07-25,337.3399963378906,366.6700134277344,330.70001220703125,359.79998779296875,238.82420349121094,1606428
2007-07-26,363.3399963378906,383.3399963378906,360.0,362.3699951171875,240.53021240234375,1060539
2007-07-27,346.6700134277344,353.3399963378906,323.3299865722656,327.70001220703125,217.51727294921875,739411
2007-07-30,326.6700134277344,332.4700012207031,306.6700134277344,308.8699951171875,205.01849365234375,965539
2007-07-31,314.92999267578125,318.6000061035156,310.07000732421875,316.5,210.0830535888672,570733
2007-08-01,313.3299865722656,315.9700012207031,300.0,304.3999938964844,202.0514373779297,366904
2007-08-02,306.5299987792969,316.5,304.0,314.6300048828125,208.84181213378906,297280
2007-08-03,318.0,326.8299865722656,316.6300048828125,319.2300109863281,211.89511108398438,296247
2007-08-06,310.79998779296875,312.6000061035156,301.3299865722656,302.7699890136719,200.96946716308594,288697
2007-08-07,309.3299865722656,312.0,295.3299865722656,298.07000732421875,197.8497772216797,408949
2007-08-08,302.6700134277344,315.3299865722656,302.6700134277344,307.1000061035156,203.84361267089844,611001
2007-08-09,311.6000061035156,316.6700134277344,300.07000732421875,302.3999938964844,200.72384643554688,291031
2007-08-10,296.6700134277344,298.6700134277344,280.42999267578125,293.0,194.4844512939453,372292
2007-08-13,296.6700134277344,298.3299865722656,290.0,291.29998779296875,193.35604858398438,190861
2007-08-14,293.8699951171875,294.6000061035156,289.3699951171875,290.2699890136719,192.67234802246094,152245
2007-08-16,284.07000732421875,289.3299865722656,280.6000061035156,283.0,187.84678649902344,267487
2007-08-17,283.3299865722656,285.3299865722656,270.07000732421875,273.2300109863281,181.36172485351562,327028
2007-08-20,283.3299865722656,285.3299865722656,278.0,279.3699951171875,185.437255859375,286098
2007-08-21,284.0,284.0,253.0,256.8699951171875,170.50250244140625,230626
2007-08-22,261.20001220703125,267.8999938964844,256.6700134277344,265.5299987792969,176.25071716308594,266334
2007-08-23,270.6700134277344,275.3299865722656,260.0,262.29998779296875,174.1067352294922,233779
2007-08-24,266.3299865722656,273.3299865722656,263.3999938964844,271.8299865722656,180.4324493408203,126883
2007-08-27,279.79998779296875,313.3299865722656,279.79998779296875,298.8699951171875,198.38075256347656,518553
2007-08-28,301.3299865722656,306.0,288.79998779296875,291.1000061035156,193.2233428955078,405655
2007-08-29,287.3299865722656,290.3299865722656,276.6700134277344,286.9700012207031,190.48191833496094,374545
2007-08-30,299.8999938964844,299.8999938964844,280.0,281.45001220703125,186.81793212890625,165869
2007-08-31,286.5,314.54998779296875,286.0,309.54998779296875,205.46983337402344,713065
2007-09-03,317.3999938964844,354.0,312.0,347.3999938964844,230.59353637695312,1986323
2007-09-04,355.8999938964844,367.0,345.1000061035156,350.6000061035156,232.71759033203125,1327287
2007-09-05,354.95001220703125,357.3999938964844,334.0,342.6499938964844,227.4405975341797,666008
2007-09-06,340.0,365.0,335.0,362.8500061035156,240.8488311767578,2522455
2007-09-07,366.0,374.70001220703125,354.0,368.3999938964844,244.53260803222656,1868934
2007-09-10,364.70001220703125,369.04998779296875,356.54998779296875,360.70001220703125,239.42166137695312,1084334
2007-09-11,368.0,368.0,350.29998779296875,352.95001220703125,234.27740478515625,416958
2007-09-12,356.5,358.0,336.5,341.95001220703125,226.9759979248047,740899
2007-09-13,344.6000061035156,350.0,333.5,344.6499938964844,228.7681121826172,1099570
2007-09-14,349.3999938964844,356.0,339.1000061035156,341.3500061035156,226.57769775390625,646364
2007-09-17,344.0,345.0,330.6499938964844,338.0,224.3541717529297,644002
2007-09-18,340.70001220703125,361.75,340.0,354.20001220703125,235.107177734375,1978434
2007-09-19,364.0,369.8999938964844,348.95001220703125,356.20001220703125,236.4346160888672,1635976
2007-09-20,358.0,361.79998779296875,337.8999938964844,340.3999938964844,225.9471435546875,1567491
2007-09-21,332.5,340.0,326.0,334.45001220703125,221.99769592285156,1430118
2007-09-24,338.8999938964844,338.8999938964844,319.0,322.04998779296875,213.76693725585938,757531
2007-09-25,322.0,330.0,319.1000061035156,327.0,217.0526123046875,515222
2007-09-26,329.3500061035156,347.8999938964844,323.0,336.8999938964844,223.62388610839844,904846
2007-09-27,340.70001220703125,344.5,331.1000061035156,334.1000061035156,221.76539611816406,1026816
2007-09-28,383.3999938964844,383.3999938964844,340.0,354.29998779296875,235.17349243164062,1682179
2007-10-01,359.70001220703125,369.0,346.0,364.75,242.1099395751953,1293498
2007-10-03,364.0,380.0,325.20001220703125,363.1499938964844,241.0479278564453,1482397
2007-10-04,359.0,380.0,355.0,378.1000061035156,250.97120666503906,1327224
2007-10-05,381.0,386.3999938964844,358.54998779296875,363.45001220703125,241.24700927734375,1008324
2007-10-08,367.6499938964844,373.79998779296875,330.20001220703125,345.3999938964844,229.26597595214844,808293
2007-10-09,340.0,356.79998779296875,336.0,352.79998779296875,234.17787170410156,770387
2007-10-10,356.6000061035156,379.79998779296875,344.1000061035156,376.3500061035156,249.8096160888672,1292114
2007-10-11,380.0,380.95001220703125,357.3999938964844,368.70001220703125,244.7318115234375,883761
2007-10-12,369.0,371.79998779296875,349.1499938964844,362.5,240.61643981933594,1189156
2007-10-15,370.0,377.75,364.8999938964844,374.45001220703125,248.54844665527344,1131681
2007-10-16,373.1499938964844,376.5,361.0,366.5,243.27154541015625,596104
2007-10-17,345.0,364.5,334.0,355.8500061035156,236.20242309570312,661577
2007-10-18,364.95001220703125,409.0,364.95001220703125,378.75,251.4026641845703,3121144
2007-10-19,390.0,397.0,365.1000061035156,375.04998779296875,248.94671630859375,1890851
2007-10-22,375.0,375.0,344.6000061035156,347.79998779296875,230.85902404785156,1022429
2007-10-23,351.0,362.5,344.3999938964844,354.6499938964844,235.4058074951172,1816110
2007-10-24,361.5,365.0,327.1499938964844,331.1499938964844,219.80722045898438,2481034
2007-10-25,338.95001220703125,351.3999938964844,332.0,344.95001220703125,228.96728515625,2953736
2007-10-26,345.0,359.0,345.0,350.0,232.3192901611328,1425810
2007-10-29,352.0,369.0,351.1000061035156,365.3999938964844,242.54136657714844,1464488
2007-10-30,368.0,372.0,350.0,354.0,234.9743194580078,530649
2007-10-31,354.0,354.1000061035156,331.0,333.79998779296875,221.56625366210938,1633928
2007-11-01,335.0,340.0,292.0,297.0,197.1395721435547,1787276
2007-11-02,297.0,309.79998779296875,285.0,301.0,199.7946319580078,830705
2007-11-05,303.79998779296875,303.8500061035156,286.0,288.8500061035156,191.7298583984375,600207
2007-11-06,294.79998779296875,298.0,278.6000061035156,281.0,186.51922607421875,438081
2007-11-07,286.0,290.0,268.1499938964844,270.3500061035156,179.45005798339844,317968
2007-11-08,270.0,270.0,254.60000610351562,261.29998779296875,173.44293212890625,324996
2007-11-12,250.0,265.0,230.25,258.6000061035156,171.65081787109375,751268
2007-11-13,253.0,275.0,253.0,260.45001220703125,172.8787384033203,519461
2007-11-14,242.3000030517578,274.3999938964844,242.3000030517578,261.5,173.57569885253906,407294
2007-11-15,215.60000610351562,264.0,215.60000610351562,250.8000030517578,166.47340393066406,263818
2007-11-16,250.8000030517578,250.8000030517578,236.10000610351562,237.89999389648438,157.91075134277344,510751
2007-11-19,245.0,257.0,240.5,245.5,162.95538330078125,448215
2007-11-20,245.0,252.5,238.0,240.0,159.30467224121094,512272
2007-11-21,242.89999389648438,242.89999389648438,218.0,221.4499969482422,146.99176025390625,616635
2007-11-22,225.0,225.0,208.1999969482422,214.0,142.04666137695312,469986
2007-11-23,218.0,225.0,216.0,220.8000030517578,146.56033325195312,398129
2007-11-26,237.0,237.0,225.10000610351562,233.0,154.65829467773438,414790
2007-11-27,230.0,232.89999389648438,225.0,225.89999389648438,149.9455108642578,194320
2007-11-28,232.0,233.5,225.0,228.0,151.33944702148438,443371
2007-11-29,234.89999389648438,236.0,208.5,213.35000610351562,141.615234375,1819672
2007-11-30,211.0,224.5,211.0,222.85000610351562,147.92103576660156,994324
2007-12-03,226.60000610351562,233.0,224.0,227.14999389648438,150.77520751953125,524736
2007-12-04,228.75,230.0,218.85000610351562,223.5500030517578,148.38568115234375,470224
2007-12-05,227.0,228.9499969482422,224.0,226.14999389648438,150.1114501953125,262146
2007-12-06,229.89999389648438,234.89999389648438,226.10000610351562,228.3000030517578,151.53860473632812,555331
2007-12-07,231.8000030517578,248.0,228.6999969482422,244.89999389648438,162.55711364746094,1158147
2007-12-10,247.89999389648438,254.5,241.10000610351562,250.3000030517578,166.14149475097656,1056777
2007-12-11,254.0,255.0500030517578,241.0,242.14999389648438,160.7317657470703,449309
2007-12-12,240.0,245.85000610351562,236.0500030517578,239.3000030517578,158.84005737304688,317360
2007-12-13,254.8000030517578,254.8000030517578,237.5500030517578,238.3000030517578,158.17628479003906,310146
2007-12-14,240.8000030517578,244.0,232.5,235.3000030517578,156.18495178222656,446961
2007-12-17,235.8000030517578,240.0,225.3000030517578,228.4499969482422,151.6381378173828,297924
2007-12-18,229.0,232.89999389648438,223.0,225.39999389648438,149.6136474609375,324211
2007-12-19,229.0,235.0,223.0,226.0500030517578,150.04507446289062,331728
2007-12-20,228.0,235.0,226.0,231.39999389648438,153.59625244140625,370724
2007-12-24,235.0,242.10000610351562,234.0500030517578,240.9499969482422,159.9352569580078,528655
2007-12-26,245.0,245.0,237.60000610351562,239.0,158.64089965820312,272801
2007-12-27,239.1999969482422,244.4499969482422,232.0,235.85000610351562,156.55003356933594,792516
2007-12-28,235.85000610351562,240.89999389648438,234.89999389648438,237.85000610351562,157.87757873535156,269489
2007-12-31,240.64999389648438,241.6999969482422,233.35000610351562,236.60000610351562,157.04788208007812,448380
2008-01-01,239.0,239.4499969482422,236.0500030517578,238.14999389648438,158.0767059326172,208790
2008-01-02,240.0,244.6999969482422,239.0,241.14999389648438,160.06800842285156,413556
2008-01-03,236.6999969482422,251.39999389648438,236.6999969482422,239.89999389648438,159.23826599121094,1124695
2008-01-04,240.0,243.89999389648438,238.0500030517578,239.3000030517578,158.84005737304688,273913
2008-01-07,238.0,238.0,228.10000610351562,231.10000610351562,153.39712524414062,227323
2008-01-08,233.89999389648438,238.0,229.0500030517578,232.64999389648438,154.4259796142578,350212
2008-01-09,234.0,237.8000030517578,230.0,230.89999389648438,153.26438903808594,386638
2008-01-10,233.39999389648438,235.39999389648438,221.0,223.64999389648438,148.45205688476562,357933
2008-01-11,225.0,228.0,215.5500030517578,218.0,144.70176696777344,281655
2008-01-14,219.60000610351562,219.8000030517578,212.25,216.14999389648438,143.47378540039062,160143
2008-01-15,220.0,220.0,210.0,211.75,140.55316162109375,183587
2008-01-16,212.0,212.0,198.5500030517578,202.60000610351562,134.47970581054688,213601
2008-01-17,203.0,207.0,200.0500030517578,201.10000610351562,133.4840850830078,226122
2008-01-18,213.89999389648438,213.89999389648438,183.14999389648438,187.5500030517578,124.49000549316406,284908
2008-01-21,185.0,186.0,133.0,147.64999389648438,98.00556945800781,650093
2008-01-22,147.0,149.5,91.69999694824219,117.4000015258789,77.92654418945312,796531
2008-01-23,133.0,144.6999969482422,120.0,136.14999389648438,90.3722152709961,545646
2008-01-24,144.0,148.85000610351562,120.0,123.80000305175781,82.17467498779297,626410
2008-01-25,129.9499969482422,148.5,127.0,144.85000610351562,96.14701080322266,438178
2008-01-28,142.0,154.6999969482422,135.0,152.5,101.224853515625,486568
2008-01-29,154.0,162.89999389648438,145.10000610351562,150.35000610351562,99.79776000976562,516257
2008-01-30,150.35000610351562,152.0,133.10000610351562,135.14999389648438,89.70844268798828,617438
2008-01-31,136.0,143.0,127.25,131.85000610351562,87.51801300048828,1249108
2008-02-01,134.8000030517578,141.5,130.0,140.3000030517578,93.12686920166016,474993
2008-02-04,144.39999389648438,148.89999389648438,141.0,144.1999969482422,95.71556091308594,451022
2008-02-05,145.0,147.0,142.25,145.89999389648438,96.84394073486328,227153
2008-02-06,141.0,141.75,136.5,139.39999389648438,92.52946472167969,262919
2008-02-07,139.0,144.1999969482422,134.0500030517578,134.89999389648438,89.54249572753906,227312
2008-02-08,137.89999389648438,138.5,130.0,131.6999969482422,87.41842651367188,276927
2008-02-11,132.0,135.0,121.1500015258789,124.1500015258789,82.406982421875,459895
2008-02-12,127.69999694824219,129.0,116.0,117.80000305175781,78.19204711914062,470667
2008-02-13,123.0,123.0,112.5,114.69999694824219,76.13435363769531,646182
2008-02-14,115.5,126.5,115.5,122.30000305175781,81.17903137207031,575878
2008-02-15,119.0,128.9499969482422,117.0,127.44999694824219,84.59742736816406,341162
2008-02-18,128.0,129.89999389648438,119.4000015258789,120.25,79.81829071044922,533424
2008-02-19,118.8499984741211,136.5,118.8499984741211,127.8499984741211,84.8629379272461,1708478
2008-02-20,127.8499984741211,132.89999389648438,124.0,129.3000030517578,85.82540893554688,582747
2008-02-21,131.10000610351562,136.3000030517578,129.0,133.3000030517578,88.4804916381836,1168146
2008-02-22,130.0,138.8000030517578,129.0,132.5500030517578,87.98265075683594,892215
2008-02-25,133.0,135.0,127.55000305175781,132.60000610351562,88.0158462524414,426548
2008-02-26,133.0,135.9499969482422,132.5,135.0500030517578,89.64205932617188,381316
2008-02-27,136.4499969482422,137.1999969482422,134.10000610351562,135.0500030517578,89.64205932617188,378594
2008-02-28,135.0,135.39999389648438,129.39999389648438,130.6999969482422,86.75467681884766,799917
2008-02-29,130.4499969482422,135.60000610351562,130.0,131.10000610351562,87.0201644897461,438543
2008-03-03,129.0,134.5,123.80000305175781,124.69999694824219,82.77204895019531,239652
2008-03-04,125.44999694824219,125.75,116.19999694824219,117.69999694824219,78.12567138671875,441454
2008-03-05,118.9000015258789,120.94999694824219,117.5,118.9000015258789,78.92217254638672,248938
2008-03-07,117.0,117.0,109.0,111.69999694824219,74.1430435180664,331863
2008-03-10,109.9000015258789,115.0,104.0,112.1500015258789,74.44174194335938,367375
2008-03-11,110.25,115.0,108.1500015258789,112.94999694824219,74.9727554321289,198392
2008-03-12,116.25,124.4000015258789,107.55000305175781,109.9000015258789,72.9482650756836,322654
2008-03-13,111.44999694824219,111.44999694824219,99.5,100.55000305175781,66.7420425415039,400976
2008-03-14,101.0,103.9000015258789,94.4000015258789,102.6500015258789,68.13594818115234,216288
2008-03-17,102.0,102.0,95.0,95.4000015258789,63.3236198425293,277891
2008-03-18,95.4000015258789,99.5,95.0,96.19999694824219,63.854610443115234,194711
2008-03-19,99.5999984741211,100.9000015258789,88.0,90.5999984741211,60.13751983642578,415266
2008-03-24,91.4000015258789,92.3499984741211,85.0,86.4000015258789,57.34967041015625,289354
2008-03-25,89.19999694824219,105.5,88.1500015258789,101.55000305175781,67.40579986572266,1163069
2008-03-26,106.3499984741211,106.3499984741211,99.19999694824219,101.3499984741211,67.27303314208984,592958
2008-03-27,100.0,107.9000015258789,95.0,99.55000305175781,66.07825469970703,1143423
2008-03-28,100.9000015258789,109.4000015258789,100.9000015258789,106.4000015258789,70.62507629394531,717176
2008-03-31,102.5,106.5,100.5999984741211,101.9000015258789,67.63809967041016,270044
2008-04-01,104.0,108.0,103.0,106.44999694824219,70.65825653076172,485452
2008-04-02,110.0,114.0,103.80000305175781,105.3499984741211,69.92810821533203,374957
2008-04-03,105.80000305175781,110.5,104.05000305175781,108.55000305175781,72.05217742919922,433378
2008-04-04,109.0,112.0,106.0,106.30000305175781,70.55870056152344,417781
2008-04-07,105.25,113.0,105.25,110.80000305175781,73.54564666748047,475805
2008-04-08,110.0999984741211,112.5,108.5,110.9000015258789,73.61204528808594,243140
2008-04-09,109.75,129.3000030517578,109.5,125.1500015258789,83.07074737548828,1396167
2008-04-10,128.8000030517578,131.0,120.0,121.44999694824219,80.61479949951172,1468030
2008-04-11,121.0,128.3000030517578,121.0,125.1500015258789,83.07074737548828,781712
2008-04-15,124.0,131.5,123.0999984741211,128.64999389648438,85.3939437866211,1146001
2008-04-16,130.5,135.60000610351562,128.14999389648438,132.8000030517578,88.1485824584961,1243565
2008-04-17,136.4499969482422,141.5,134.60000610351562,138.85000610351562,92.16439819335938,1264905
2008-04-21,142.0,148.10000610351562,141.0,146.0,96.91033935546875,1172937
2008-04-22,144.10000610351562,146.39999389648438,135.60000610351562,136.5500030517578,90.6377182006836,681064
2008-04-23,136.5500030517578,141.8000030517578,135.4499969482422,136.5500030517578,90.6377182006836,564595
2008-04-24,139.39999389648438,139.8000030517578,130.5500030517578,131.39999389648438,87.21929931640625,717495
2008-04-25,132.0,135.4499969482422,128.10000610351562,131.0500030517578,86.98697662353516,544013
2008-04-28,132.0,132.89999389648438,128.0,128.8000030517578,85.49349975585938,276494
2008-04-29,129.89999389648438,141.5,125.5,138.25,91.7661361694336,1550355
2008-04-30,142.39999389648438,146.39999389648438,140.0,141.75,94.08932495117188,1192498
2008-05-02,145.0,154.35000610351562,143.10000610351562,151.35000610351562,100.46150970458984,1663261
2008-05-05,152.5,155.6999969482422,145.5,147.0,97.5741195678711,1008406
2008-05-06,140.3000030517578,148.6999969482422,140.0,145.14999389648438,96.34612274169922,832105
2008-05-07,148.6999969482422,152.0,145.0,146.5500030517578,97.27542877197266,1064557
2008-05-08,146.5500030517578,146.5500030517578,141.35000610351562,144.89999389648438,96.18018341064453,542075
2008-05-09,143.8000030517578,147.0,137.0,138.85000610351562,92.16439819335938,524464
2008-05-12,136.39999389648438,142.5,132.5500030517578,141.0500030517578,93.62467956542969,797093
2008-05-13,141.0,146.5,137.5,138.5500030517578,91.96525573730469,527310
2008-05-14,140.0,147.5,137.0500030517578,145.85000610351562,96.81078338623047,820735
2008-05-15,147.0,152.0,146.5,148.75,98.73570251464844,811419
2008-05-16,151.60000610351562,155.0,149.0,151.89999389648438,100.82659149169922,1277517
2008-05-20,151.0,154.6999969482422,149.10000610351562,149.75,99.39948272705078,653122
2008-05-21,148.25,154.0,146.25,152.5500030517578,101.25802612304688,610836
2008-05-22,152.0,161.5,149.0,156.85000610351562,104.11225891113281,2133000
2008-05-23,158.25,161.39999389648438,154.5,155.60000610351562,103.28254699707031,1403162
2008-05-26,154.0,154.0,135.0,147.89999389648438,98.17150115966797,651126
2008-05-27,149.0,151.5,142.1999969482422,143.75,95.41685485839844,626343
2008-05-28,146.89999389648438,149.5,142.25,148.3000030517578,98.43701934814453,669167
2008-05-29,150.0,150.3000030517578,141.10000610351562,143.0500030517578,94.95222473144531,1083320
2008-05-30,144.10000610351562,147.4499969482422,141.39999389648438,144.0,95.58279418945312,543677
2008-06-02,145.4499969482422,147.25,136.5,137.6999969482422,91.40103912353516,369277
2008-06-03,136.0,138.5,132.10000610351562,137.4499969482422,91.23512268066406,444733
2008-06-04,138.10000610351562,141.39999389648438,127.19999694824219,129.25,85.79218292236328,416391
2008-06-05,128.39999389648438,142.5,128.10000610351562,140.89999389648438,93.5251235961914,593101
2008-06-06,144.0,144.0,135.0500030517578,136.5,90.60453033447266,570236
2008-06-09,130.5500030517578,132.89999389648438,126.25,127.69999694824219,84.76334381103516,405778
2008-06-10,127.69999694824219,131.0,121.0,123.44999694824219,81.94235229492188,428652
2008-06-11,138.3000030517578,138.3000030517578,125.5,135.1999969482422,89.74163818359375,855684
2008-06-12,134.25,141.9499969482422,128.5,138.10000610351562,91.66655731201172,989956
2008-06-13,140.89999389648438,144.89999389648438,137.60000610351562,142.1999969482422,94.38800811767578,689984
2008-06-16,144.0,148.3000030517578,143.10000610351562,145.75,96.74440002441406,566693
2008-06-17,146.0,148.64999389648438,144.0,145.89999389648438,96.84394073486328,468918
2008-06-18,147.0,150.0,142.85000610351562,144.1999969482422,95.71556091308594,450243
2008-06-19,143.89999389648438,143.89999389648438,137.5,138.8000030517578,92.13119506835938,319921
2008-06-20,140.9499969482422,141.25,128.0,129.25,85.79218292236328,476329
2008-06-23,129.25,133.5,125.05000305175781,126.6500015258789,84.06639862060547,568357
2008-06-24,121.0999984741211,130.89999389648438,121.05000305175781,128.0500030517578,84.99568939208984,381569
2008-06-25,127.80000305175781,133.0,123.3499984741211,132.0,87.6175765991211,444538
2008-06-26,136.9499969482422,139.60000610351562,130.0,131.0,86.95381164550781,1699997
2008-06-27,126.05000305175781,132.39999389648438,126.0,129.10000610351562,85.6926498413086,485910
2008-06-30,129.10000610351562,131.25,120.30000305175781,121.5,80.64798736572266,373522
2008-07-01,121.1500015258789,123.19999694824219,115.80000305175781,116.75,77.49507904052734,360671
2008-07-02,117.05000305175781,123.3499984741211,107.55000305175781,121.30000305175781,80.51524353027344,497915
2008-07-03,118.5,120.30000305175781,115.0,116.3499984741211,77.22956085205078,199334
2008-07-04,116.69999694824219,121.9000015258789,116.0999984741211,120.30000305175781,79.85147857666016,239541
2008-07-07,102.9000015258789,125.80000305175781,102.9000015258789,122.55000305175781,81.34494018554688,417842
2008-07-08,120.0999984741211,122.0,118.05000305175781,119.3499984741211,79.22087860107422,238179
2008-07-09,125.0,126.9000015258789,121.0,123.75,82.14146423339844,524401
2008-07-10,123.25,128.0,120.0,123.55000305175781,82.00872039794922,618851
2008-07-11,127.75,128.0,119.1500015258789,120.05000305175781,79.68551635742188,469330
2008-07-14,123.5999984741211,123.5999984741211,114.5,115.55000305175781,76.69856262207031,283321
2008-07-15,112.19999694824219,117.4000015258789,111.0,112.80000305175781,74.8731918334961,429841
2008-07-16,113.25,115.69999694824219,110.0999984741211,111.80000305175781,74.20941925048828,314024
2008-07-17,115.8499984741211,117.0,111.80000305175781,115.30000305175781,76.5326156616211,417786
2008-07-18,111.6500015258789,113.0,108.0,110.3499984741211,77.62291717529297,432611
2008-07-21,112.0999984741211,112.0999984741211,107.30000305175781,108.19999694824219,76.11055755615234,190561
2008-07-22,109.5999984741211,113.3499984741211,103.5,107.55000305175781,75.6533432006836,877912
2008-07-23,112.0,112.0,109.30000305175781,110.6500015258789,77.83395385742188,1023725
2008-07-24,111.5,112.5,108.0,109.8499984741211,77.27122497558594,920791
2008-07-25,104.0,109.44999694824219,104.0,107.4000015258789,75.54783630371094,951184
2008-07-28,105.0999984741211,116.75,105.0999984741211,115.44999694824219,81.21039581298828,587465
2008-07-29,113.9000015258789,116.4000015258789,110.0,110.80000305175781,77.93949127197266,530711
2008-07-30,112.05000305175781,114.4000015258789,111.75,112.44999694824219,79.1001205444336,269703
2008-07-31,112.0999984741211,113.69999694824219,108.0999984741211,109.30000305175781,76.88433837890625,374661
2008-08-01,110.0,113.25,107.5,111.0999984741211,78.15049743652344,273723
2008-08-04,111.5999984741211,113.80000305175781,110.55000305175781,111.8499984741211,78.67807006835938,332915
2008-08-05,111.3499984741211,114.69999694824219,111.3499984741211,113.69999694824219,79.97940063476562,276809
2008-08-06,116.0,122.19999694824219,114.0,119.69999694824219,84.19995880126953,870937
2008-08-07,124.0,128.75,121.0999984741211,123.30000305175781,86.7322769165039,1395014
2008-08-08,123.30000305175781,126.25,115.0,123.0999984741211,86.59159851074219,597802
2008-08-11,125.25,126.0,121.0999984741211,122.44999694824219,86.13436889648438,324317
2008-08-12,124.9000015258789,124.94999694824219,118.30000305175781,119.1500015258789,83.81305694580078,269550
2008-08-13,119.1500015258789,121.8499984741211,116.1500015258789,117.5,82.65241241455078,515748
2008-08-14,115.0,121.55000305175781,115.0,118.0,83.0041275024414,712429
2008-08-18,116.30000305175781,120.9000015258789,116.05000305175781,116.55000305175781,81.98418426513672,314272
2008-08-19,115.19999694824219,117.5,113.80000305175781,114.9000015258789,80.82351684570312,349035
2008-08-20,117.0,118.9000015258789,114.5,117.8499984741211,82.89860534667969,386110
2008-08-21,116.5,117.75,112.69999694824219,113.80000305175781,80.04975128173828,188617
2008-08-22,113.0999984741211,113.9000015258789,110.25,112.4000015258789,79.06494903564453,284356
2008-08-25,115.0,116.0,112.75,113.19999694824219,79.62769317626953,157294
2008-08-26,113.19999694824219,115.4000015258789,112.0999984741211,114.8499984741211,80.78834533691406,336861
2008-08-27,116.0,117.4000015258789,114.05000305175781,115.0999984741211,80.96417999267578,413840
2008-08-28,115.0,115.9000015258789,111.5,112.0999984741211,78.85391235351562,580808
2008-08-29,114.5,115.9000015258789,113.5999984741211,115.3499984741211,81.14005279541016,175551
2008-09-01,114.9000015258789,116.94999694824219,114.05000305175781,116.4000015258789,81.87865447998047,190689
2008-09-02,117.0,119.25,116.5,117.94999694824219,82.96895599365234,227692
2008-09-04,115.0,121.4000015258789,115.0,120.4000015258789,84.69233703613281,442029
2008-09-05,115.5999984741211,120.5,115.0999984741211,119.1500015258789,83.81305694580078,202100
2008-09-08,120.0999984741211,121.5,119.19999694824219,119.75,84.235107421875,140622
2008-09-09,115.0999984741211,121.0,110.0999984741211,119.3499984741211,83.95375061035156,205823
2008-09-10,119.25,120.44999694824219,118.19999694824219,119.69999694824219,84.19995880126953,243994
2008-09-11,119.0,122.0999984741211,118.19999694824219,119.05000305175781,83.74273681640625,328695
2008-09-12,120.44999694824219,120.5,115.55000305175781,117.1500015258789,82.40621185302734,252126
2008-09-15,115.0,116.0,102.55000305175781,112.25,78.95944213867188,414884
2008-09-16,106.80000305175781,110.0,103.5,106.75,75.0905990600586,339257
2008-09-17,106.75,108.0999984741211,101.0999984741211,101.55000305175781,71.43279266357422,212582
2008-09-18,97.19999694824219,97.19999694824219,91.30000305175781,92.9000015258789,65.3481674194336,429021
2008-09-19,97.5,97.80000305175781,93.0,94.05000305175781,66.15709686279297,402753
2008-09-22,95.4000015258789,98.75,94.1500015258789,95.19999694824219,66.96604919433594,275822
2008-09-23,94.0999984741211,98.0,93.25,96.0,67.52879333496094,413521
2008-09-24,97.5,97.80000305175781,93.55000305175781,94.9000015258789,66.75501251220703,174422
2008-09-25,94.6500015258789,96.44999694824219,92.8499984741211,94.6500015258789,66.57917022705078,417400
2008-09-26,94.0,99.94999694824219,92.0999984741211,93.3499984741211,65.66470336914062,905011
2008-09-29,93.0,94.0,85.9000015258789,87.75,61.725521087646484,376355
2008-09-30,82.0,90.75,78.69999694824219,86.6500015258789,60.951759338378906,257390
2008-10-01,90.5,90.5,86.30000305175781,86.9000015258789,61.12760543823242,144915
2008-10-03,86.5999984741211,87.6500015258789,83.5,84.05000305175781,59.122867584228516,103186
2008-10-06,83.75,83.75,73.0999984741211,74.0999984741211,52.12378692626953,380323
2008-10-07,76.0,77.44999694824219,72.0999984741211,73.94999694824219,52.01827621459961,181028
2008-10-08,72.0,72.80000305175781,68.0999984741211,71.30000305175781,50.15420150756836,253640
2008-10-10,68.69999694824219,68.69999694824219,63.0,65.3499984741211,45.968807220458984,280923
2008-10-13,70.0,72.3499984741211,64.0,71.30000305175781,50.15420150756836,225586
2008-10-14,72.25,81.80000305175781,72.25,75.3499984741211,53.00306701660156,358357
2008-10-15,73.0999984741211,75.9000015258789,72.25,73.0999984741211,51.420345306396484,147501
2008-10-16,70.0,80.94999694824219,65.5,78.30000305175781,55.07815933227539,607573
2008-10-17,79.94999694824219,81.0,71.0,72.19999694824219,50.78727340698242,220737
2008-10-20,71.69999694824219,73.94999694824219,68.25,69.44999694824219,48.85285186767578,295128
2008-10-21,70.5,76.5,70.5,74.69999694824219,52.545833587646484,181618
2008-10-22,72.0,76.30000305175781,71.80000305175781,75.05000305175781,52.79203796386719,194793
2008-10-23,72.0,76.05000305175781,70.0,74.69999694824219,52.545833587646484,153626
2008-10-24,73.80000305175781,89.05000305175781,65.0,66.6500015258789,46.88326644897461,257998
2008-10-27,65.0,66.0,56.099998474121094,59.79999923706055,42.064796447753906,254655
2008-10-29,66.1500015258789,69.0,59.099998474121094,61.349998474121094,43.155113220214844,334161
2008-10-31,64.9000015258789,65.80000305175781,62.04999923706055,63.75,44.843326568603516,137033
2008-11-03,65.0,69.0,64.6500015258789,67.8499984741211,47.72737503051758,206532
2008-11-04,68.05000305175781,70.69999694824219,65.0,68.8499984741211,48.430789947509766,128119
2008-11-05,70.5,71.19999694824219,65.19999694824219,66.05000305175781,46.461212158203125,185147
2008-11-06,65.0,67.5,64.0,64.5999984741211,45.441246032714844,72197
2008-11-07,64.5999984741211,65.9000015258789,61.54999923706055,62.650001525878906,44.06956481933594,219747
2008-11-10,64.5,64.9000015258789,62.099998474121094,64.30000305175781,45.2302131652832,228725
2008-11-11,63.0,66.0999984741211,62.099998474121094,62.79999923706055,44.175071716308594,203314
2008-11-12,61.70000076293945,63.349998474121094,59.70000076293945,60.599998474121094,42.62754821777344,102368
2008-11-14,62.5,64.9000015258789,60.20000076293945,63.599998474121094,44.73781967163086,211130
2008-11-17,53.25,63.849998474121094,53.25,61.95000076293945,43.57715606689453,146549
2008-11-18,61.70000076293945,61.70000076293945,59.29999923706055,60.45000076293945,42.522029876708984,52768
2008-11-19,59.0,62.25,59.0,60.099998474121094,42.27582931518555,59638
2008-11-20,59.0,59.0,56.04999923706055,56.75,39.91936111450195,51897
2008-11-21,56.04999923706055,58.79999923706055,55.0,56.849998474121094,39.98970031738281,71889
2008-11-24,56.849998474121094,58.400001525878906,56.0,56.45000076293945,39.708335876464844,27347
2008-11-25,59.0,59.0,56.5,56.900001525878906,40.02487564086914,50368
2008-11-26,56.29999923706055,58.0,55.25,56.54999923706055,39.77867126464844,62247
2008-11-27,56.54999923706055,56.54999923706055,56.54999923706055,56.54999923706055,39.77867126464844,0
2008-11-28,56.79999923706055,56.79999923706055,53.20000076293945,54.349998474121094,38.231143951416016,116476
2008-12-01,55.099998474121094,57.150001525878906,54.5,56.5,39.74351119995117,73765
2008-12-02,54.20000076293945,55.400001525878906,53.70000076293945,55.04999923706055,38.72353744506836,35371
2008-12-03,55.0,57.95000076293945,54.599998474121094,56.400001525878906,39.673160552978516,252395
2008-12-04,56.900001525878906,57.5,54.099998474121094,55.400001525878906,38.96974563598633,328817
2008-12-05,54.900001525878906,57.0,54.900001525878906,55.849998474121094,39.28627014160156,177999
2008-12-08,57.0,57.5,55.25,55.79999923706055,39.2511100769043,46028
2008-12-10,55.5,57.0,55.5,56.54999923706055,39.77867126464844,39903
2008-12-11,57.0,60.5,56.5,58.54999923706055,41.18552780151367,254692
2008-12-12,57.0,59.5,56.349998474121094,58.20000076293945,40.939327239990234,73827
2008-12-15,58.29999923706055,61.900001525878906,57.150001525878906,59.45000076293945,41.81861114501953,183857
2008-12-16,58.599998474121094,66.05000305175781,58.599998474121094,64.9000015258789,45.65227127075195,339841
2008-12-17,64.0,68.69999694824219,59.599998474121094,60.599998474121094,42.62754821777344,180346
2008-12-18,60.70000076293945,63.0,59.54999923706055,62.04999923706055,43.64751052856445,113650
2008-12-19,62.849998474121094,63.70000076293945,61.099998474121094,62.54999923706055,43.99922180175781,121038
2008-12-22,64.5,64.6500015258789,62.04999923706055,63.45000076293945,44.63230514526367,214864
2008-12-23,62.599998474121094,62.79999923706055,58.54999923706055,59.5,41.85378646850586,154717
2008-12-24,59.099998474121094,61.849998474121094,59.099998474121094,61.0,42.90891647338867,90413
2008-12-26,61.0,64.0,60.849998474121094,62.75,44.1399040222168,155694
2008-12-29,62.400001525878906,64.75,60.29999923706055,62.95000076293945,44.28059387207031,71040
2008-12-30,62.29999923706055,67.9000015258789,62.29999923706055,67.1500015258789,47.23497009277344,242413
2008-12-31,68.5,72.25,68.0,70.5,49.591453552246094,319068
2009-01-02,75.5999984741211,76.4000015258789,72.69999694824219,73.3499984741211,51.59621047973633,150250
2009-01-05,74.0,77.0,72.0,75.9000015258789,53.38995361328125,191476
2009-01-06,76.0,79.25,73.05000305175781,75.05000305175781,52.79203796386719,333233
2009-01-07,75.5,76.69999694824219,61.0,64.3499984741211,45.265384674072266,232962
2009-01-09,62.0,65.5,59.29999923706055,62.20000076293945,43.75303649902344,100355
2009-01-12,61.20000076293945,63.95000076293945,60.0,61.900001525878906,43.5419921875,73455
2009-01-13,61.099998474121094,64.44999694824219,55.04999923706055,60.900001525878906,42.838565826416016,133480
2009-01-14,62.0,63.79999923706055,56.0,59.04999923706055,41.5372314453125,600876
2009-01-15,56.0,59.95000076293945,53.25,55.099998474121094,38.75871658325195,399563
2009-01-16,56.0,56.0,54.099998474121094,55.400001525878906,38.96974563598633,108306
2009-01-19,55.0,56.70000076293945,54.599998474121094,56.20000076293945,39.532474517822266,49915
2009-01-20,55.0,57.5,55.0,56.150001525878906,39.49729919433594,72535
2009-01-21,55.099998474121094,56.45000076293945,54.54999923706055,54.900001525878906,38.6180305480957,38047
2009-01-22,56.099998474121094,56.349998474121094,54.29999923706055,54.95000076293945,38.6531867980957,32269
2009-01-23,54.0,55.150001525878906,51.099998474121094,51.599998474121094,36.29671096801758,56415
2009-01-27,51.04999923706055,55.0,51.04999923706055,53.95000076293945,37.949771881103516,91847
2009-01-28,54.0,54.900001525878906,53.099998474121094,54.099998474121094,38.05527877807617,52471
2009-01-29,54.900001525878906,56.0,52.70000076293945,52.95000076293945,37.246341705322266,187657
2009-01-30,51.5,54.20000076293945,51.5,53.54999923706055,37.66839599609375,57276
2009-02-02,53.75,56.20000076293945,53.099998474121094,54.099998474121094,38.05527877807617,35831
2009-02-03,55.0,60.0,54.0,54.099998474121094,38.05527877807617,147376
2009-02-04,54.150001525878906,54.75,53.650001525878906,53.95000076293945,37.949771881103516,108106
2009-02-05,53.95000076293945,54.70000076293945,53.5,54.0,37.98493957519531,65977
2009-02-06,54.5,61.79999923706055,53.54999923706055,55.0,38.6883544921875,390216
2009-02-09,55.5,57.5,54.5,54.849998474121094,38.58285140991211,86454
2009-02-10,55.5,56.0,54.70000076293945,55.04999923706055,38.72353744506836,74072
2009-02-11,55.0,56.0,55.0,55.349998474121094,38.9345588684082,68261
2009-02-12,55.5,61.650001525878906,55.29999923706055,56.75,39.91936111450195,386859
2009-02-13,57.0,58.70000076293945,57.0,58.0,40.79863739013672,114469
2009-02-16,57.04999923706055,59.79999923706055,56.29999923706055,56.599998474121094,39.813846588134766,105254
2009-02-17,56.0,56.70000076293945,53.79999923706055,54.04999923706055,38.02011489868164,41463
2009-02-18,53.29999923706055,54.29999923706055,53.0,53.25,37.45737075805664,35616
2009-02-19,53.20000076293945,54.29999923706055,52.25,52.54999923706055,36.96498107910156,45920
2009-02-20,52.54999923706055,53.29999923706055,51.75,52.04999923706055,36.61326599121094,49645
2009-02-24,51.599998474121094,51.900001525878906,50.099998474121094,51.599998474121094,36.29671096801758,379145
2009-02-25,52.0,52.79999923706055,47.70000076293945,49.95000076293945,35.136070251464844,203915
2009-02-26,49.5,50.79999923706055,43.20000076293945,47.70000076293945,33.553367614746094,185136
2009-02-27,48.29999923706055,49.349998474121094,47.25,48.0,33.76439666748047,37973
2009-03-02,47.099998474121094,47.95000076293945,46.099998474121094,46.70000076293945,32.849937438964844,26948
2009-03-03,46.099998474121094,48.0,43.54999923706055,44.349998474121094,31.196897506713867,55844
2009-03-04,45.0,45.650001525878906,44.20000076293945,45.04999923706055,31.68929672241211,30430
2009-03-05,45.150001525878906,48.0,44.150001525878906,45.70000076293945,32.146514892578125,119973
2009-03-06,44.900001525878906,45.29999923706055,43.54999923706055,44.0,30.950695037841797,60986
2009-03-09,45.0,45.900001525878906,42.5,43.45000076293945,30.56380271911621,69138
2009-03-12,44.0,45.0,42.79999923706055,43.5,30.598979949951172,25226
2009-03-13,43.5,44.900001525878906,41.5,43.29999923706055,30.458295822143555,390735
2009-03-16,44.0,46.599998474121094,43.5,45.95000076293945,32.32237243652344,210028
2009-03-17,46.29999923706055,48.29999923706055,45.5,46.0,32.35753631591797,100331
2009-03-18,46.5,50.900001525878906,46.5,50.099998474121094,35.241580963134766,249308
2009-03-19,50.599998474121094,58.650001525878906,50.25,52.349998474121094,36.82428741455078,837698
2009-03-20,50.0,53.29999923706055,49.04999923706055,49.849998474121094,35.065731048583984,105090
2009-03-23,50.0,51.45000076293945,48.04999923706055,50.400001525878906,35.45261001586914,157654
2009-03-24,51.70000076293945,53.25,50.650001525878906,51.349998474121094,36.12086868286133,199989
2009-03-25,52.0,53.04999923706055,50.599998474121094,52.04999923706055,36.61326599121094,160322
2009-03-26,52.900001525878906,53.95000076293945,51.150001525878906,52.150001525878906,36.68361282348633,205067
2009-03-27,52.0,53.70000076293945,52.0,53.099998474121094,37.35186004638672,89752
2009-03-30,52.099998474121094,55.400001525878906,51.150001525878906,51.54999923706055,36.26154327392578,113217
2009-03-31,51.75,53.79999923706055,51.5,52.79999923706055,37.14082717895508,147598
2009-04-01,54.79999923706055,56.5,52.70000076293945,53.04999923706055,37.316688537597656,260160
2009-04-02,54.0,56.0,53.599998474121094,54.400001525878906,38.26630783081055,255422
2009-04-06,55.900001525878906,56.95000076293945,53.650001525878906,54.5,38.3366584777832,255651
2009-04-08,53.5,57.0,53.0,55.95000076293945,39.356624603271484,387013
2009-04-09,57.0,62.099998474121094,56.0,60.099998474121094,42.27582931518555,496431
2009-04-13,63.400001525878906,64.9000015258789,62.0,63.29999923706055,44.526790618896484,401514
2009-04-15,62.79999923706055,72.0,60.20000076293945,67.19999694824219,47.270145416259766,444679
2009-04-16,69.4000015258789,72.0,67.0999984741211,69.0,48.53630447387695,429993
2009-04-17,70.30000305175781,76.80000305175781,70.1500015258789,73.25,51.52587127685547,567027
2009-04-20,73.5,76.94999694824219,70.05000305175781,76.25,53.636138916015625,463128
2009-04-21,74.5,75.69999694824219,71.25,73.05000305175781,51.38518142700195,148938
2009-04-22,74.19999694824219,74.94999694824219,67.1500015258789,68.05000305175781,47.86806869506836,138099
2009-04-23,66.4000015258789,68.94999694824219,64.6500015258789,66.19999694824219,46.56672286987305,150095
2009-04-24,66.19999694824219,69.0,66.19999694824219,68.1500015258789,47.93840408325195,83362
2009-04-27,68.0,72.05000305175781,68.0,70.4000015258789,49.5211067199707,176881
2009-04-28,70.5,71.69999694824219,68.69999694824219,69.1500015258789,48.64182662963867,108322
2009-04-29,70.0,70.94999694824219,66.0,69.5999984741211,48.958370208740234,117449
2009-04-30,68.5,68.5,68.5,68.5,48.18458938598633,0
2009-05-04,71.8499984741211,73.80000305175781,70.0,72.6500015258789,51.10381317138672,148815
2009-05-05,73.0,77.8499984741211,72.69999694824219,76.05000305175781,53.49546432495117,304832
2009-05-06,76.0,76.94999694824219,73.5,74.3499984741211,52.29963684082031,182548
2009-05-07,74.0,86.9000015258789,74.0,80.6500015258789,56.731204986572266,1034111
2009-05-08,80.6500015258789,81.8499984741211,76.19999694824219,76.94999694824219,54.128536224365234,241417
2009-05-11,78.69999694824219,79.80000305175781,75.5,76.3499984741211,53.70647048950195,131450
2009-05-12,76.5,83.4000015258789,74.30000305175781,80.30000305175781,56.48501968383789,237413
2009-05-13,81.0,81.6500015258789,76.0,77.19999694824219,54.30439376831055,135571
2009-05-14,73.0,80.5,73.0,79.6500015258789,56.02777862548828,133055
2009-05-15,79.6500015258789,81.0,76.69999694824219,77.69999694824219,54.65610885620117,204612
2009-05-18,84.9000015258789,89.0,84.9000015258789,87.80000305175781,61.76070022583008,615
2009-05-19,86.0,86.44999694824219,78.0,85.05000305175781,59.8262825012207,265689
2009-05-20,83.0,94.9000015258789,83.0,92.55000305175781,65.10195922851562,325757
2009-05-21,92.19999694824219,101.0999984741211,92.19999694824219,96.4000015258789,67.81015014648438,593163
2009-05-22,95.5,107.19999694824219,95.30000305175781,102.75,72.27689361572266,790064
2009-05-25,103.0,108.0,102.0,107.05000305175781,75.30164337158203,402861
2009-05-26,108.1500015258789,110.5999984741211,100.0,103.9000015258789,73.08583068847656,711421
2009-05-27,107.0,109.5,105.0,105.8499984741211,74.45751953125,379239
2009-05-28,107.9000015258789,109.8499984741211,105.5,106.0999984741211,74.63337707519531,246422
2009-05-29,107.0,112.8499984741211,106.05000305175781,109.25,76.84915161132812,308377
2009-06-01,111.9000015258789,112.80000305175781,104.5,107.4000015258789,75.54783630371094,428455
2009-06-02,109.5,114.5,106.69999694824219,109.3499984741211,76.91951751708984,582406
2009-06-03,111.1500015258789,113.5,108.0,109.1500015258789,76.77882385253906,462301
2009-06-04,109.1500015258789,111.0,107.0999984741211,109.1500015258789,76.77882385253906,392620
2009-06-05,110.9000015258789,111.0,107.19999694824219,107.69999694824219,75.75885772705078,306026
2009-06-08,107.0,111.5,103.5,105.44999694824219,74.1761474609375,455272
2009-06-09,104.0,112.44999694824219,103.5,109.5999984741211,77.09535217285156,545001
2009-06-10,111.05000305175781,113.5,108.0,110.9000015258789,78.00980377197266,558123
2009-06-11,110.9000015258789,112.0,107.0,109.5999984741211,77.09535217285156,391820
2009-06-12,115.0,119.80000305175781,104.19999694824219,105.8499984741211,74.45751953125,1361682
2009-06-15,104.0,106.0,100.0,100.75,70.87004089355469,341764
2009-06-16,100.0,102.4000015258789,97.05000305175781,101.44999694824219,71.36244201660156,366823
2009-06-17,102.0,104.3499984741211,98.0999984741211,98.8499984741211,69.53353118896484,263742
2009-06-18,99.9000015258789,99.9000015258789,92.5,94.0999984741211,66.1922836303711,311643
2009-06-19,96.4000015258789,97.4000015258789,93.3499984741211,95.69999694824219,67.31774139404297,256939
2009-06-22,96.94999694824219,98.94999694824219,95.4000015258789,96.4000015258789,67.81015014648438,210441
2009-06-23,93.25,97.4000015258789,92.0,96.8499984741211,68.12669372558594,139559
2009-06-24,97.5,100.80000305175781,96.1500015258789,99.9000015258789,70.27214050292969,179608
2009-06-25,99.44999694824219,103.9000015258789,97.0999984741211,100.69999694824219,70.83486938476562,258420
2009-06-26,102.80000305175781,102.80000305175781,101.05000305175781,101.9000015258789,71.67898559570312,142567
2009-06-29,102.0,103.5,101.0999984741211,103.05000305175781,72.4879379272461,107425
2009-06-30,103.0,104.25,99.30000305175781,100.0,70.34247589111328,146243
2009-07-01,101.0,108.5,99.05000305175781,106.69999694824219,75.05541229248047,800600
2009-07-02,107.9000015258789,110.5,104.5999984741211,106.0,74.56303405761719,762599
2009-07-03,105.94999694824219,106.80000305175781,103.5,105.44999694824219,74.1761474609375,229227
2009-07-06,106.44999694824219,108.5,100.05000305175781,101.25,71.22176361083984,342743
2009-07-07,103.0,103.69999694824219,98.75,100.0,70.34247589111328,170216
2009-07-08,100.0,100.0,97.4000015258789,97.94999694824219,68.90045928955078,142221
2009-07-09,97.94999694824219,99.5,95.1500015258789,96.05000305175781,67.5639419555664,277173
2009-07-10,97.05000305175781,98.44999694824219,95.1500015258789,96.1500015258789,67.6343002319336,185697
2009-07-13,96.1500015258789,96.9000015258789,94.30000305175781,95.0999984741211,66.89569854736328,170274
2009-07-14,97.0,100.4000015258789,96.3499984741211,99.8499984741211,70.23696899414062,204289
2009-07-15,102.0,106.75,100.5,106.0999984741211,74.63337707519531,288045
2009-07-16,107.9000015258789,109.9000015258789,105.1500015258789,106.44999694824219,74.87957000732422,381771
2009-07-17,102.4000015258789,106.44999694824219,98.5999984741211,104.55000305175781,78.32575988769531,866122
2009-07-20,105.80000305175781,110.0,104.9000015258789,109.25,81.84685516357422,861771
2009-07-21,111.30000305175781,113.0999984741211,106.4000015258789,109.55000305175781,82.07160949707031,378551
2009-07-22,110.5,111.0,105.0,107.6500015258789,80.64817810058594,253815
2009-07-23,108.9000015258789,108.9000015258789,106.25,108.5,81.28498077392578,139096
2009-07-24,108.0,111.5,107.0,110.44999694824219,82.745849609375,269539
2009-07-27,110.4000015258789,114.25,109.05000305175781,110.55000305175781,82.82077026367188,382711
2009-07-28,109.0999984741211,110.94999694824219,104.80000305175781,109.1500015258789,81.7719497680664,188684
2009-07-29,106.5,109.94999694824219,95.0,97.6500015258789,73.15647888183594,1074138
2009-07-30,100.0,100.94999694824219,97.0,98.94999694824219,74.13040161132812,861321
2009-07-31,99.4000015258789,103.5,99.0,100.25,75.10431671142578,395493
2009-08-03,101.5,102.30000305175781,99.3499984741211,102.0,76.4153823852539,236006
2009-08-04,103.5,106.5,100.69999694824219,105.55000305175781,79.07493591308594,553183
2009-08-05,107.0,108.0,104.5999984741211,105.9000015258789,79.33715057373047,275986
2009-08-06,106.69999694824219,109.4000015258789,105.1500015258789,106.4000015258789,79.71172332763672,503558
2009-08-07,105.1500015258789,106.5,103.19999694824219,104.75,78.47557830810547,291926
2009-08-10,104.75,106.69999694824219,100.8499984741211,105.0,78.66287994384766,123957
2009-08-11,108.0,108.0,102.5,104.19999694824219,78.06352233886719,96389
2009-08-12,104.80000305175781,105.0,101.0999984741211,104.30000305175781,78.1384506225586,101171
2009-08-13,108.4000015258789,108.4000015258789,104.75,105.8499984741211,79.29969024658203,212493
2009-08-14,107.9000015258789,127.05000305175781,107.19999694824219,127.05000305175781,95.1821060180664,5946812
2009-08-17,126.0,145.1999969482422,125.0,130.35000610351562,97.65433502197266,12034603
2009-08-18,132.0,136.39999389648438,128.5500030517578,134.0,100.38883209228516,5663151
2009-08-19,134.5,135.4499969482422,126.3499984741211,131.5,98.51590728759766,1801619
2009-08-20,132.85000610351562,134.35000610351562,127.5,128.60000610351562,96.34329986572266,1265725
2009-08-21,129.0,131.4499969482422,126.44999694824219,129.25,96.83026885986328,834273
2009-08-24,131.5,134.39999389648438,128.0,132.4499969482422,99.22759246826172,1024518
2009-08-25,132.0,137.89999389648438,130.60000610351562,135.89999389648438,101.8122329711914,2130553
2009-08-26,137.4499969482422,143.1999969482422,132.14999389648438,133.60000610351562,100.08915710449219,2019330
2009-08-27,132.9499969482422,134.75,130.3000030517578,131.0500030517578,98.17876434326172,438270
2009-08-28,131.0,132.1999969482422,127.1500015258789,127.9000015258789,95.81887817382812,415486
2009-08-31,127.4000015258789,129.6999969482422,125.0,126.5999984741211,94.84495544433594,435709
2009-09-01,126.5999984741211,132.39999389648438,125.1500015258789,126.1500015258789,94.5078125,871077
2009-09-02,125.5,126.9000015258789,124.05000305175781,125.0,93.64627838134766,339990
2009-09-03,126.0,130.6999969482422,125.0,125.6500015258789,94.13325500488281,565039
2009-09-04,126.69999694824219,127.0,124.30000305175781,125.0,93.64627838134766,246888
2009-09-07,126.5,132.89999389648438,125.8499984741211,128.64999389648438,96.38074493408203,953383
2009-09-08,129.39999389648438,131.64999389648438,126.0,126.94999694824219,95.10717010498047,589676
2009-09-09,126.9000015258789,129.89999389648438,126.0,126.5,94.77005767822266,409856
2009-09-10,128.35000610351562,129.39999389648438,119.0,120.0999984741211,89.97534942626953,761199
2009-09-11,120.0999984741211,122.0,116.0,117.75,88.21479034423828,323393
2009-09-14,117.75,120.1500015258789,115.25,117.30000305175781,87.877685546875,280321
2009-09-15,118.4000015258789,127.4000015258789,117.69999694824219,126.05000305175781,94.43292236328125,1523487
2009-09-16,129.39999389648438,129.5,122.1500015258789,122.9000015258789,92.07302856445312,1027180
2009-09-17,123.5999984741211,125.80000305175781,121.05000305175781,122.5,91.77336120605469,715989
2009-09-18,122.5,125.80000305175781,122.0,123.05000305175781,92.18540954589844,559322
2009-09-22,123.69999694824219,129.0,123.5999984741211,127.3499984741211,95.40682983398438,825685
2009-09-23,128.39999389648438,128.6999969482422,121.30000305175781,122.44999694824219,91.73590087890625,698473
2009-09-24,120.9000015258789,125.0999984741211,120.9000015258789,124.19999694824219,93.04694366455078,328960
2009-09-25,123.69999694824219,124.9000015258789,120.0,121.75,91.21148681640625,343347
2009-09-29,123.9000015258789,127.0,122.3499984741211,124.9000015258789,93.57137298583984,702204
2009-09-30,124.9000015258789,125.69999694824219,122.75,123.0999984741211,92.22286224365234,308270
2009-10-01,123.0999984741211,127.69999694824219,122.55000305175781,124.94999694824219,93.60883331298828,827405
2009-10-05,124.94999694824219,128.0,123.5,123.9000015258789,92.82220458984375,692447
2009-10-06,124.9000015258789,126.19999694824219,123.19999694824219,125.4000015258789,93.94595336914062,456505
2009-10-07,126.0999984741211,134.39999389648438,126.0999984741211,130.89999389648438,98.06637573242188,2187915
2009-10-08,132.39999389648438,132.39999389648438,125.0,125.75,94.20816040039062,727123
2009-10-09,125.75,128.64999389648438,122.55000305175781,123.05000305175781,92.18540954589844,688353
2009-10-12,123.9000015258789,126.0,120.19999694824219,125.4000015258789,93.94595336914062,281107
2009-10-13,125.69999694824219,125.69999694824219,125.69999694824219,125.69999694824219,94.17070770263672,0
2009-10-14,126.9000015258789,129.0500030517578,126.4000015258789,127.75,95.70650482177734,500908
2009-10-15,128.89999389648438,129.3000030517578,125.9000015258789,126.69999694824219,94.91986846923828,256266
2009-10-16,127.30000305175781,127.30000305175781,124.0999984741211,124.75,93.458984375,301763
2009-10-20,128.0,138.0,128.0,130.0,97.3921127319336,1590232
2009-10-21,131.0,151.89999389648438,129.5500030517578,145.3000030517578,108.85442352294922,5547198
2009-10-22,145.3000030517578,154.35000610351562,140.5,144.8000030517578,108.4798583984375,4333874
2009-10-23,147.0,152.5500030517578,146.1999969482422,148.5500030517578,111.28925323486328,1820512
2009-10-26,148.0,149.1999969482422,139.3000030517578,140.14999389648438,104.99620056152344,583196
2009-10-27,139.10000610351562,145.5,134.3000030517578,135.35000610351562,101.40018463134766,866465
2009-10-28,134.9499969482422,140.6999969482422,133.5500030517578,138.39999389648438,103.68516540527344,533444
2009-10-29,134.39999389648438,146.0,133.0,139.60000610351562,104.58419799804688,733266
2009-10-30,144.0,145.8000030517578,135.0,136.5500030517578,102.29920959472656,459211
2009-11-03,133.64999389648438,142.75,133.64999389648438,135.39999389648438,101.43763732910156,576681
2009-11-04,137.0,138.39999389648438,132.0,134.14999389648438,100.50120544433594,426046
2009-11-05,132.75,141.39999389648438,132.75,138.8000030517578,103.98483276367188,447120
2009-11-06,140.0,143.0,140.0,141.35000610351562,105.89523315429688,348674
2009-11-09,143.0,147.5500030517578,139.0,146.0,109.37886047363281,714046
2009-11-10,148.89999389648438,148.89999389648438,142.14999389648438,143.8000030517578,107.73067474365234,272569
2009-11-11,143.0,144.8000030517578,139.75,141.5,106.00760650634766,406668
2009-11-12,140.0,143.4499969482422,135.14999389648438,137.35000610351562,102.89856719970703,737413
2009-11-13,137.89999389648438,141.6999969482422,136.10000610351562,138.1999969482422,103.53531646728516,593168
2009-11-16,139.85000610351562,140.9499969482422,138.60000610351562,140.35000610351562,105.14606475830078,348741
2009-11-17,141.3000030517578,145.0,140.60000610351562,142.9499969482422,107.0938949584961,714027
2009-11-18,144.0,148.9499969482422,143.3000030517578,145.0500030517578,108.66716003417969,733438
2009-11-19,146.5,148.5,142.0500030517578,144.1999969482422,108.0303726196289,463979
2009-11-20,145.0,150.85000610351562,140.10000610351562,147.14999389648438,110.24040222167969,943480
2009-11-23,148.10000610351562,159.8000030517578,144.64999389648438,158.35000610351562,118.63109588623047,1970578
2009-11-24,159.39999389648438,162.39999389648438,154.14999389648438,155.1999969482422,116.27124786376953,1203388
2009-11-25,156.39999389648438,162.0,153.5500030517578,158.64999389648438,118.8558578491211,545564
2009-11-26,159.89999389648438,162.0,153.0500030517578,154.9499969482422,116.0839614868164,398921
2009-11-27,154.3000030517578,158.89999389648438,146.5500030517578,157.75,118.1816177368164,609071
2009-11-30,159.35000610351562,165.60000610351562,155.0,162.35000610351562,121.62781524658203,1256916
2009-12-01,163.0,166.5,160.5,164.0500030517578,122.90139770507812,767559
2009-12-02,165.0,173.4499969482422,160.0500030517578,172.1999969482422,129.00709533691406,1263880
2009-12-03,175.0,179.35000610351562,172.25,174.35000610351562,130.6178436279297,1008293
2009-12-04,174.35000610351562,176.0,163.89999389648438,167.5500030517578,125.52349853515625,545294
2009-12-07,168.0,174.89999389648438,166.6999969482422,169.9499969482422,127.32147979736328,346572
2009-12-08,169.0500030517578,174.9499969482422,169.0,174.39999389648438,130.6553192138672,571563
2009-12-09,172.0500030517578,173.5,169.0,172.5,129.2318572998047,456970
2009-12-10,173.0,176.0,170.10000610351562,173.0,129.60646057128906,525812
2009-12-11,174.0,174.39999389648438,169.60000610351562,171.25,128.29541015625,334966
2009-12-14,171.0,177.75,169.35000610351562,176.5500030517578,132.26602172851562,623455
2009-12-15,177.0,192.3000030517578,173.0,189.4499969482422,141.93031311035156,2337845
2009-12-16,189.8000030517578,191.39999389648438,182.14999389648438,183.39999389648438,137.39781188964844,848304
2009-12-17,184.8000030517578,189.5,182.0500030517578,183.14999389648438,137.2104949951172,543442
2009-12-18,183.0,194.89999389648438,182.0,183.5500030517578,137.5101776123047,1992522
2009-12-21,183.0,188.0,176.75,177.75,133.16500854492188,439095
2009-12-22,179.89999389648438,184.5,177.9499969482422,180.35000610351562,135.11285400390625,389917
2009-12-23,182.0,183.89999389648438,180.0,181.8000030517578,136.19918823242188,377315
2009-12-24,183.60000610351562,187.1999969482422,181.64999389648438,182.9499969482422,137.0607147216797,339414
2009-12-29,184.0,186.0,179.60000610351562,181.0,135.59979248046875,176152
2009-12-30,181.5,183.5,179.0,179.89999389648438,134.77572631835938,210734
2009-12-31,181.0,183.0,178.5,179.6999969482422,134.6259002685547,155192
2010-01-04,181.39999389648438,182.0,177.14999389648438,179.25,134.28878784179688,222777
2010-01-05,179.89999389648438,182.25,177.8000030517578,178.60000610351562,133.80181884765625,459899
2010-01-06,179.8000030517578,181.5,176.0,176.75,132.41587829589844,252438
2010-01-07,178.0,179.5,173.0,174.14999389648438,130.468017578125,272994
2010-01-08,176.0,177.89999389648438,174.14999389648438,175.64999389648438,131.59178161621094,180602
2010-01-11,176.8000030517578,180.39999389648438,175.6999969482422,178.9499969482422,134.06402587890625,260865
2010-01-12,181.0,188.25,179.64999389648438,185.0500030517578,138.63394165039062,1057196
2010-01-13,184.0,185.89999389648438,177.10000610351562,180.9499969482422,135.56239318847656,653824
2010-01-14,182.0,186.0,182.0,185.0,138.59649658203125,284235
2010-01-15,186.8000030517578,188.39999389648438,180.0,186.75,139.9075469970703,884563
2010-01-18,187.0,199.60000610351562,186.85000610351562,197.75,148.14845275878906,1260657
2010-01-19,199.89999389648438,200.0,190.0500030517578,195.6999969482422,146.6125946044922,457396
2010-01-20,197.9499969482422,204.0,194.0,199.10000610351562,149.15980529785156,804593
2010-01-21,197.89999389648438,201.5,190.0,191.9499969482422,143.80322265625,370531
2010-01-22,190.1999969482422,190.1999969482422,181.35000610351562,186.35000610351562,139.6078643798828,257692
2010-01-25,185.0,194.0,181.39999389648438,190.0,142.34234619140625,423406
2010-01-27,186.0,191.4499969482422,172.60000610351562,175.1999969482422,131.254638671875,323605
2010-01-28,175.1999969482422,180.5,171.10000610351562,173.4499969482422,129.94357299804688,284902
2010-01-29,171.39999389648438,172.5,167.0,169.8000030517578,127.20911407470703,266562
2010-02-01,168.9499969482422,172.0,167.6999969482422,168.75,126.42247772216797,331163
2010-02-02,171.0,172.89999389648438,166.10000610351562,168.0500030517578,125.89808654785156,254800
2010-02-03,170.0,171.0,167.60000610351562,169.85000610351562,127.24656677246094,193114
2010-02-04,182.0,182.0,163.5,165.4499969482422,123.9502182006836,350158
2010-02-05,162.0,167.64999389648438,157.0,163.89999389648438,122.78901672363281,251885
2010-02-08,165.85000610351562,167.89999389648438,157.5,158.39999389648438,118.6685562133789,264005
2010-02-09,158.8000030517578,161.5500030517578,157.0,158.6999969482422,118.89331817626953,157282
2010-02-10,161.8000030517578,174.25,160.0,171.0500030517578,128.1455841064453,883724
2010-02-11,173.0,175.4499969482422,168.5,170.8000030517578,127.958251953125,384841
2010-02-15,172.0,172.9499969482422,168.0,171.0500030517578,128.1455841064453,167120
2010-02-16,173.9499969482422,173.9499969482422,166.10000610351562,170.5,127.73353576660156,94737
2010-02-17,172.0,172.6999969482422,169.5,171.25,128.29541015625,107865
2010-02-18,172.0,177.89999389648438,170.10000610351562,175.14999389648438,131.21717834472656,270095
2010-02-19,174.60000610351562,177.5,171.0500030517578,175.25,131.29209899902344,182385
2010-02-22,177.39999389648438,181.5,175.6999969482422,179.0,134.10147094726562,364790
2010-02-23,179.0,203.6999969482422,175.0,177.35000610351562,132.8653564453125,338344
2010-02-24,176.9499969482422,178.64999389648438,169.1999969482422,171.9499969482422,128.81982421875,210516
2010-02-25,171.9499969482422,174.75,166.0,166.9499969482422,125.07396697998047,226403
2010-02-26,167.64999389648438,174.10000610351562,166.25,171.85000610351562,128.7449188232422,261297
2010-03-02,174.64999389648438,178.8000030517578,170.0,176.75,132.41587829589844,146637
2010-03-03,179.1999969482422,180.4499969482422,174.8000030517578,177.14999389648438,132.7155303955078,153553
2010-03-04,177.14999389648438,177.4499969482422,173.25,174.6999969482422,130.88006591796875,152316
2010-03-05,175.3000030517578,179.0,174.5,175.0500030517578,131.1422576904297,121484
2010-03-08,182.39999389648438,182.89999389648438,173.1999969482422,174.1999969482422,130.5054473876953,198551
2010-03-09,175.0,175.0,172.0,172.9499969482422,129.5690155029297,129824
2010-03-10,172.9499969482422,174.3000030517578,170.5,173.35000610351562,129.86865234375,93725
2010-03-11,175.8000030517578,175.8000030517578,158.10000610351562,172.85000610351562,129.4940948486328,178599
2010-03-12,174.0,174.0,171.14999389648438,172.60000610351562,129.3067626953125,134748
2010-03-15,173.5,173.89999389648438,168.14999389648438,170.60000610351562,127.80843353271484,71971
2010-03-16,169.39999389648438,173.0,168.5,172.10000610351562,128.9322052001953,125046
2010-03-17,174.4499969482422,174.4499969482422,169.8000030517578,170.75,127.92082214355469,97162
2010-03-18,172.9499969482422,173.0,170.0,170.9499969482422,128.07064819335938,96507
2010-03-19,169.0,173.25,169.0,171.5500030517578,128.52017211914062,149715
2010-03-22,168.10000610351562,173.8000030517578,163.3000030517578,168.75,126.42247772216797,155022
2010-03-23,169.1999969482422,173.8000030517578,169.1999969482422,171.64999389648438,128.59507751464844,303652
2010-03-25,171.5,172.4499969482422,168.5,170.64999389648438,127.84590148925781,83564
2010-03-26,172.89999389648438,173.5,168.60000610351562,169.5,126.98435974121094,101542
2010-03-29,170.35000610351562,184.3000030517578,170.0,177.5500030517578,133.01516723632812,454308
2010-03-30,178.0,178.0,171.0,171.5,128.48269653320312,100184
2010-03-31,172.0,178.5,169.10000610351562,169.75,127.17166137695312,90526
2010-04-01,170.89999389648438,173.39999389648438,170.5,171.85000610351562,128.7449188232422,39883
2010-04-05,175.0,175.0,170.25,172.5500030517578,129.2693634033203,71262
2010-04-06,172.0,174.6999969482422,171.60000610351562,172.39999389648438,129.15692138671875,115765
2010-04-07,173.89999389648438,178.0,171.1999969482422,172.9499969482422,129.5690155029297,121743
2010-04-08,172.9499969482422,175.5,171.60000610351562,172.5500030517578,129.2693634033203,146909
2010-04-09,172.9499969482422,173.89999389648438,168.5500030517578,169.75,127.17166137695312,96253
2010-04-12,169.0500030517578,175.6999969482422,161.10000610351562,169.89999389648438,127.2840347290039,380226
2010-04-13,173.89999389648438,176.89999389648438,169.0,172.25,129.04458618164062,407088
2010-04-15,173.0,182.1999969482422,173.0,181.0500030517578,135.6372528076172,805108
2010-04-16,182.8000030517578,184.4499969482422,178.1999969482422,179.14999389648438,134.21388244628906,387881
2010-04-19,177.6999969482422,177.6999969482422,171.75,173.0500030517578,129.64389038085938,134456
2010-04-20,175.4499969482422,178.25,174.0,174.9499969482422,131.06736755371094,169239
2010-04-21,176.64999389648438,177.75,174.60000610351562,175.14999389648438,131.21717834472656,168530
2010-04-22,176.0,178.25,173.25,175.60000610351562,131.5543212890625,150137
2010-04-23,176.0,180.0,175.14999389648438,177.9499969482422,133.31484985351562,179575
2010-04-26,179.5,186.0,179.5,184.9499969482422,138.55902099609375,360188
2010-04-27,185.0,189.0,180.0,187.3000030517578,140.319580078125,427993
2010-04-28,185.0,190.5,178.8000030517578,185.5500030517578,139.00856018066406,378577
2010-04-29,184.5500030517578,190.39999389648438,184.0,188.10000610351562,140.9189453125,179890
2010-04-30,188.0,189.89999389648438,180.0,187.10000610351562,140.1697540283203,227985
2010-05-03,187.5500030517578,194.8000030517578,185.0,191.64999389648438,143.5784912109375,355425
2010-05-04,193.0,194.4499969482422,187.0,188.1999969482422,140.9938507080078,311825
2010-05-05,185.0,192.0,182.75,188.6999969482422,141.368408203125,332414
2010-05-06,190.0,196.39999389648438,190.0,195.3000030517578,146.31295776367188,420043
2010-05-07,191.0,198.0,188.25,196.3000030517578,147.0621337890625,321886
2010-05-10,198.0,199.89999389648438,192.5,194.3000030517578,145.5637969970703,239289
2010-05-11,195.3000030517578,196.85000610351562,190.0,194.39999389648438,145.63868713378906,84483
2010-05-12,194.0,195.85000610351562,191.14999389648438,192.89999389648438,144.51495361328125,65308
2010-05-13,192.1999969482422,201.8000030517578,192.1999969482422,195.0,146.08822631835938,261631
2010-05-14,195.89999389648438,198.0,191.10000610351562,192.5500030517578,144.25274658203125,261576
2010-05-17,188.5500030517578,194.0,181.6999969482422,191.8000030517578,143.6908721923828,46205
2010-05-18,192.0,194.75,188.5,189.1999969482422,141.7429962158203,27290
2010-05-19,186.0,193.8000030517578,184.60000610351562,185.64999389648438,139.08349609375,129590
2010-05-20,188.9499969482422,191.0,183.5500030517578,184.0,137.84732055664062,79731
2010-05-21,180.0,188.35000610351562,177.5,184.1999969482422,137.99716186523438,112439
2010-05-24,186.0,190.10000610351562,184.0,185.75,139.1583709716797,73299
2010-05-25,182.5,188.5,180.10000610351562,185.39999389648438,138.89614868164062,115981
2010-05-26,186.0,188.75,182.5,184.0500030517578,137.88479614257812,86517
2010-05-27,184.9499969482422,187.8000030517578,183.0,187.0,140.09481811523438,44189
2010-05-28,188.1999969482422,189.0,182.0,183.89999389648438,137.77244567871094,70740
2010-05-31,184.8000030517578,185.8000030517578,178.39999389648438,179.25,134.28878784179688,80138
2010-06-01,179.75,182.39999389648438,173.25,174.6999969482422,130.88006591796875,77709
2010-06-02,175.1999969482422,178.0,174.3000030517578,176.1999969482422,132.00381469726562,65687
2010-06-03,178.39999389648438,180.39999389648438,176.5500030517578,178.89999389648438,134.02655029296875,50278
2010-06-04,179.0,179.0,173.0,175.0,131.10476684570312,66854
2010-06-07,172.9499969482422,173.0,171.1999969482422,171.8000030517578,128.7074737548828,41280
2010-06-08,171.8000030517578,173.3000030517578,170.10000610351562,171.4499969482422,128.44522094726562,38703
2010-06-09,172.10000610351562,172.5500030517578,167.0,167.64999389648438,125.59841918945312,95482
2010-06-10,167.89999389648438,168.5,163.60000610351562,165.5,123.98768615722656,112299
2010-06-11,169.39999389648438,172.0,167.10000610351562,170.89999389648438,128.033203125,96242
2010-06-14,171.0,175.3000030517578,171.0,172.60000610351562,129.3067626953125,39738
2010-06-15,174.8000030517578,177.0500030517578,173.3000030517578,176.39999389648438,132.15362548828125,101833
2010-06-16,178.0,181.10000610351562,176.6999969482422,179.10000610351562,134.17642211914062,125324
2010-06-17,180.5,181.0,177.0,177.60000610351562,133.05267333984375,66519
2010-06-18,179.0,179.0,176.1999969482422,176.9499969482422,132.56568908691406,65575
2010-06-21,180.0,183.0,178.8000030517578,179.3000030517578,134.3262481689453,92009
2010-06-22,179.5,181.0,176.89999389648438,179.8000030517578,134.70083618164062,68324
2010-06-23,182.89999389648438,183.0,179.35000610351562,180.25,135.0379638671875,119032
2010-06-24,181.5,182.0,177.64999389648438,179.0,134.10147094726562,133131
2010-06-25,179.10000610351562,183.89999389648438,177.10000610351562,178.8000030517578,133.95166015625,213651
2010-06-28,178.85000610351562,182.89999389648438,178.85000610351562,181.35000610351562,135.86204528808594,234861
2010-06-29,177.5,177.5,172.0500030517578,172.75,134.61520385742188,177432
2010-06-30,172.75,172.75,168.8000030517578,170.89999389648438,133.17361450195312,76854
2010-07-01,170.89999389648438,173.5,168.0,172.39999389648438,134.3424530029297,107501
2010-07-02,172.0,174.4499969482422,169.5,169.9499969482422,132.43331909179688,208457
2010-07-05,170.9499969482422,171.0,168.0,169.35000610351562,131.96578979492188,90697
2010-07-06,170.75,174.60000610351562,168.5500030517578,173.60000610351562,135.277587890625,130061
2010-07-07,173.10000610351562,174.89999389648438,171.0,171.75,133.8359832763672,93168
2010-07-08,173.1999969482422,174.39999389648438,163.6999969482422,172.5500030517578,134.4593963623047,93192
2010-07-09,173.35000610351562,177.64999389648438,172.60000610351562,176.1999969482422,137.30361938476562,148173
2010-07-12,178.39999389648438,179.60000610351562,175.4499969482422,177.39999389648438,138.23875427246094,128193
2010-07-13,176.0,180.5,174.25,176.10000610351562,137.22573852539062,265696
2010-07-14,179.39999389648438,181.6999969482422,178.0,178.3000030517578,138.94007873535156,229519
2010-07-15,179.0,179.6999969482422,174.14999389648438,175.25,136.5633544921875,50291
2010-07-16,175.25,184.5,174.35000610351562,182.14999389648438,141.94017028808594,510367
2010-07-19,184.5,187.6999969482422,180.6999969482422,182.4499969482422,142.17393493652344,493877
2010-07-20,188.6999969482422,190.8000030517578,183.60000610351562,185.35000610351562,144.43377685546875,982688
2010-07-21,187.0,199.60000610351562,187.0,197.0,153.51202392578125,955310
2010-07-22,198.0,200.0,193.0,193.89999389648438,151.09637451171875,325285
2010-07-23,195.0,195.0,188.5,189.9499969482422,148.018310546875,143831
2010-07-26,190.60000610351562,192.0,181.39999389648438,182.25,142.0181121826172,158538
2010-07-27,182.5,184.3000030517578,180.10000610351562,181.64999389648438,141.55055236816406,134742
2010-07-28,180.14999389648438,185.0,180.14999389648438,184.14999389648438,143.4986572265625,69868
2010-07-29,185.0,189.0,181.5,182.14999389648438,141.94017028808594,116492
2010-07-30,180.25,184.6999969482422,179.4499969482422,180.10000610351562,140.34271240234375,120680
2010-08-02,181.10000610351562,183.0,181.0,181.85000610351562,141.70640563964844,87464
2010-08-03,181.85000610351562,184.6999969482422,181.10000610351562,182.1999969482422,141.97911071777344,72131
2010-08-04,182.9499969482422,189.35000610351562,180.3000030517578,186.3000030517578,145.17405700683594,323731
2010-08-05,188.39999389648438,188.8000030517578,183.5500030517578,184.35000610351562,143.65451049804688,87040
2010-08-06,184.10000610351562,186.0,181.8000030517578,182.10000610351562,141.90122985839844,65085
2010-08-09,182.10000610351562,184.5,182.0,183.5500030517578,143.03111267089844,65584
2010-08-10,182.5500030517578,184.0,180.10000610351562,181.0500030517578,141.0829620361328,35840
2010-08-11,179.0,183.89999389648438,179.0,181.4499969482422,141.3946990966797,55542
2010-08-12,181.0,182.0,178.5500030517578,179.0500030517578,139.52450561523438,143188
2010-08-13,178.60000610351562,184.5,177.10000610351562,182.89999389648438,142.5246124267578,140766
2010-08-16,184.89999389648438,184.89999389648438,180.1999969482422,181.75,141.6284942626953,56225
2010-08-17,183.39999389648438,183.39999389648438,179.0,180.8000030517578,140.88818359375,53249
2010-08-18,181.0,186.10000610351562,180.0,184.0500030517578,143.4207305908203,218039
2010-08-19,185.5,189.1999969482422,183.0,184.10000610351562,143.45970153808594,136923
2010-08-20,184.0,187.89999389648438,183.5,185.85000610351562,144.82334899902344,65548
2010-08-23,185.25,187.0,183.64999389648438,184.6999969482422,143.92727661132812,35897
2010-08-24,184.6999969482422,186.0,180.6999969482422,182.35000610351562,142.0959930419922,74645
2010-08-25,183.0,184.64999389648438,180.10000610351562,180.9499969482422,141.0050811767578,81093
2010-08-26,180.3000030517578,182.89999389648438,180.0,180.9499969482422,141.0050811767578,54826
2010-08-27,180.5,185.25,180.0,183.64999389648438,143.10903930664062,69097
2010-08-30,186.8000030517578,186.8000030517578,178.1999969482422,181.0,141.0440216064453,33144
2010-08-31,180.0,183.4499969482422,179.14999389648438,181.10000610351562,141.1219940185547,74736
2010-09-01,182.85000610351562,182.9499969482422,179.10000610351562,180.60000610351562,140.73233032226562,60884
2010-09-02,183.85000610351562,183.85000610351562,180.0,180.5,140.65440368652344,31507
2010-09-03,180.3000030517578,181.9499969482422,179.8000030517578,180.10000610351562,140.34271240234375,42156
2010-09-06,188.8000030517578,188.8000030517578,181.35000610351562,182.0500030517578,141.86227416992188,73371
2010-09-07,183.14999389648438,183.9499969482422,181.0,182.0500030517578,141.86227416992188,41343
2010-09-08,182.89999389648438,184.5,181.0,181.5,141.43362426757812,54783
2010-09-09,192.0,192.0,181.0,183.0,142.6025390625,129764
2010-09-13,189.0,189.0,184.0,185.8000030517578,144.78440856933594,127671
2010-09-14,186.8000030517578,186.9499969482422,180.35000610351562,181.0500030517578,141.0829620361328,71874
2010-09-15,182.3000030517578,185.0,181.0500030517578,181.64999389648438,141.55055236816406,94311
2010-09-16,183.39999389648438,191.85000610351562,180.10000610351562,189.39999389648438,147.58973693847656,638673
2010-09-17,190.89999389648438,192.89999389648438,186.6999969482422,188.0500030517578,146.53775024414062,169446
2010-09-20,189.0,192.0,183.0,186.14999389648438,145.05714416503906,89202
2010-09-21,187.39999389648438,188.0,182.0,185.10000610351562,144.23898315429688,106471
2010-09-22,186.89999389648438,188.89999389648438,184.0,185.35000610351562,144.43377685546875,82717
2010-09-23,186.25,196.89999389648438,186.10000610351562,193.39999389648438,150.7067108154297,527728
2010-09-24,191.5,194.9499969482422,191.0,192.25,149.8105926513672,92029
2010-09-27,192.39999389648438,197.89999389648438,192.39999389648438,194.39999389648438,151.48594665527344,184704
2010-09-28,196.3000030517578,196.3000030517578,192.14999389648438,195.1999969482422,152.10935974121094,76006
2010-09-29,197.4499969482422,197.4499969482422,192.39999389648438,194.5500030517578,151.60289001464844,77697
2010-09-30,196.0,208.64999389648438,192.89999389648438,202.8000030517578,158.03164672851562,766118
2010-10-01,204.10000610351562,212.0,203.5,205.6999969482422,160.2914581298828,651051
2010-10-04,207.0,212.0,203.0500030517578,204.64999389648438,159.47325134277344,283335
2010-10-05,204.64999389648438,215.89999389648438,204.64999389648438,211.39999389648438,164.7332305908203,537264
2010-10-06,214.0,218.89999389648438,212.60000610351562,214.0,166.7592315673828,338146
2010-10-07,214.5,219.4499969482422,204.0,206.10000610351562,160.6031951904297,166176
2010-10-08,207.0,212.4499969482422,200.10000610351562,205.9499969482422,160.48629760742188,183043
2010-10-11,209.89999389648438,211.0,206.39999389648438,209.3000030517578,163.0967559814453,80874
2010-10-12,210.85000610351562,214.60000610351562,209.0,212.85000610351562,165.8631134033203,190889
2010-10-13,213.14999389648438,224.0,213.14999389648438,223.10000610351562,173.85037231445312,584436
2010-10-14,228.0,228.0,221.0,223.3000030517578,174.00624084472656,278782
2010-10-15,227.0,233.10000610351562,222.5,223.75,174.35690307617188,473922
2010-10-18,225.10000610351562,233.0,220.60000610351562,228.60000610351562,178.1363067626953,509659
2010-10-19,233.0,233.0,226.5,228.75,178.25318908691406,197202
2010-10-20,228.8000030517578,229.89999389648438,226.0,227.60000610351562,177.3570098876953,90154
2010-10-21,228.0,229.8000030517578,222.0,222.85000610351562,173.65557861328125,60048
2010-10-22,223.0,234.5,223.0,231.9499969482422,180.74673461914062,281296
2010-10-25,231.0,232.9499969482422,222.89999389648438,224.64999389648438,175.05825805664062,138056
2010-10-26,225.0,226.25,218.25,219.10000610351562,170.73341369628906,102015
2010-10-27,219.14999389648438,226.0,217.0,223.5,174.162109375,84789
2010-10-28,222.85000610351562,225.8000030517578,216.1999969482422,218.5,170.26588439941406,39478
2010-10-29,225.0,225.0,215.0,219.39999389648438,170.9671630859375,49386
2010-11-01,246.8000030517578,246.8000030517578,216.3000030517578,220.0,171.4347381591797,104341
2010-11-02,223.8000030517578,223.8000030517578,215.14999389648438,216.5500030517578,168.74632263183594,26216
2010-11-03,217.0,223.6999969482422,216.0500030517578,220.5500030517578,171.86331176757812,58527
2010-11-04,221.8000030517578,223.9499969482422,218.75,220.5500030517578,171.86331176757812,44608
2010-11-08,223.0,224.0,215.10000610351562,216.14999389648438,168.43460083007812,50965
2010-11-09,216.14999389648438,219.89999389648438,214.5,217.10000610351562,169.1749267578125,40703
2010-11-10,216.0500030517578,226.0,216.0500030517578,219.0500030517578,170.69444274902344,138314
2010-11-11,219.3000030517578,223.39999389648438,218.6999969482422,219.39999389648438,170.9671630859375,53861
2010-11-12,218.0,219.8000030517578,210.0500030517578,212.6999969482422,165.74624633789062,49153
2010-11-15,213.39999389648438,213.39999389648438,206.0500030517578,208.89999389648438,162.78506469726562,48839
2010-11-16,207.0500030517578,213.25,205.5,206.89999389648438,161.2265625,119524
2010-11-18,212.39999389648438,212.39999389648438,199.10000610351562,205.89999389648438,160.4473114013672,42187
2010-11-19,205.89999389648438,208.0,203.5500030517578,205.10000610351562,159.8239288330078,35226
2010-11-22,205.60000610351562,209.0,195.0,206.9499969482422,161.26553344726562,49032
2010-11-23,214.0,214.0,199.0,204.10000610351562,159.044677734375,60594
2010-11-24,203.0,207.89999389648438,199.0,203.60000610351562,158.65504455566406,39493
2010-11-25,204.39999389648438,204.39999389648438,192.6999969482422,195.39999389648438,152.26524353027344,26254
2010-11-26,194.0500030517578,199.8000030517578,180.0,188.14999389648438,146.6156463623047,49549
2010-11-29,188.25,192.0,186.0500030517578,189.85000610351562,147.94041442871094,34344
2010-11-30,189.89999389648438,213.5,187.14999389648438,209.39999389648438,163.17469787597656,153981
2010-12-01,210.8000030517578,219.39999389648438,209.5,217.75,169.68142700195312,160678
2010-12-02,218.10000610351562,218.89999389648438,209.0,210.25,163.8370819091797,66903
2010-12-03,211.0,215.0,205.5,207.4499969482422,161.65516662597656,56468
2010-12-06,209.1999969482422,211.0,204.35000610351562,205.3000030517578,159.97976684570312,43952
2010-12-07,204.0,206.85000610351562,195.4499969482422,198.35000610351562,154.56399536132812,49552
2010-12-08,204.39999389648438,204.39999389648438,193.0500030517578,194.25,151.36907958984375,79926
2010-12-09,204.39999389648438,204.39999389648438,183.10000610351562,186.25,145.1350555419922,57356
2010-12-10,186.0,188.89999389648438,182.5,186.9499969482422,145.68057250976562,63410
2010-12-13,188.0,192.5,184.0500030517578,191.5,149.2261505126953,43349
2010-12-14,191.5,193.0,189.0,190.14999389648438,148.17416381835938,36840
2010-12-15,190.0,191.5,187.10000610351562,188.85000610351562,147.1611328125,20546
2010-12-16,189.0,194.0,189.0,192.1999969482422,149.77162170410156,213428
2010-12-20,196.39999389648438,196.9499969482422,192.0,194.5500030517578,151.60289001464844,202484
2010-12-21,194.0,203.0,194.0,202.3000030517578,157.64205932617188,120766
2010-12-22,202.0500030517578,204.89999389648438,197.1999969482422,199.4499969482422,155.421142578125,33899
2010-12-23,199.89999389648438,202.8000030517578,196.14999389648438,199.0500030517578,155.10946655273438,31234
2010-12-24,198.9499969482422,206.8000030517578,197.25,204.5500030517578,159.39535522460938,101881
2010-12-27,206.6999969482422,206.6999969482422,201.0,201.89999389648438,157.33035278320312,31087
2010-12-28,203.0,205.60000610351562,200.0,201.10000610351562,156.7069549560547,34668
2010-12-29,201.5,203.85000610351562,199.6999969482422,200.5,156.23936462402344,60264
2010-12-30,200.89999389648438,202.9499969482422,198.14999389648438,199.0,155.0705108642578,67868
2010-12-31,200.0,203.0,197.64999389648438,198.10000610351562,154.3691864013672,26740
2011-01-03,198.5,202.6999969482422,197.39999389648438,200.85000610351562,156.51214599609375,31116
2011-01-04,202.0,210.89999389648438,201.0,206.9499969482422,161.26553344726562,230496
2011-01-05,206.0,212.1999969482422,202.4499969482422,210.3000030517578,163.87600708007812,141770
2011-01-06,208.39999389648438,213.6999969482422,206.5500030517578,209.39999389648438,163.17469787597656,110124
2011-01-07,211.10000610351562,211.3000030517578,199.0,200.25,156.04452514648438,67063
2011-01-10,202.5500030517578,204.5,198.0,200.39999389648438,156.16146850585938,95907
2011-01-11,201.0,206.6999969482422,200.0,204.0,158.9667510986328,95193
2011-01-12,204.0,207.0,204.0,205.10000610351562,159.8239288330078,51247
2011-01-13,204.0,205.8000030517578,201.14999389648438,204.25,159.16156005859375,25912
2011-01-14,203.39999389648438,205.0,200.0500030517578,204.14999389648438,159.0836181640625,36770
2011-01-17,200.3000030517578,209.0,200.3000030517578,206.1999969482422,160.68112182617188,86745
2011-01-18,208.0,213.0,195.8000030517578,209.5,163.2526092529297,664063
2011-01-19,210.5,217.9499969482422,210.0,211.6999969482422,164.9669647216797,308978
2011-01-20,213.0,215.9499969482422,210.3000030517578,212.14999389648438,165.317626953125,106517
2011-01-21,215.0,215.0,206.10000610351562,207.9499969482422,162.04478454589844,124414
2011-01-24,208.5,211.60000610351562,203.0,209.0,162.8629913330078,85647
2011-01-25,209.6999969482422,212.0,203.0,204.4499969482422,159.3174285888672,75405
2011-01-27,205.0,206.0,195.0,197.1999969482422,153.66787719726562,98317
2011-01-28,196.5,198.89999389648438,185.3000030517578,187.85000610351562,146.38189697265625,141641
2011-01-31,189.10000610351562,202.0500030517578,177.25,198.75,154.87571716308594,210110
2011-02-01,201.3000030517578,201.6999969482422,192.3000030517578,193.8000030517578,151.0184326171875,47144
2011-02-02,197.60000610351562,197.60000610351562,190.10000610351562,192.85000610351562,150.2781524658203,43385
2011-02-03,190.25,196.5,188.0,194.25,151.36907958984375,27371
2011-02-04,190.0,195.39999389648438,186.10000610351562,189.5500030517578,147.70660400390625,32676
2011-02-07,189.0,195.5,187.8000030517578,190.8000030517578,148.6806640625,124956
2011-02-08,194.89999389648438,219.6999969482422,178.6999969482422,181.0500030517578,141.0829620361328,136820
2011-02-09,179.0,182.5500030517578,173.4499969482422,175.9499969482422,137.10882568359375,109639
2011-02-10,177.5,178.5,170.10000610351562,175.0500030517578,136.40748596191406,55981
2011-02-11,178.0,185.0,175.0,183.6999969482422,143.14797973632812,58846
2011-02-14,202.0500030517578,202.0500030517578,184.0500030517578,194.89999389648438,151.8755645751953,44347
2011-02-15,198.6999969482422,199.8000030517578,191.0,191.5500030517578,149.2650909423828,31567
2011-02-16,195.0,198.0,190.0500030517578,193.4499969482422,150.74569702148438,25190
2011-02-17,192.0,200.85000610351562,192.0,196.0,152.73277282714844,75192
2011-02-18,197.39999389648438,198.89999389648438,191.0,192.6999969482422,150.1612548828125,38805
2011-02-21,194.0,194.0,187.6999969482422,190.85000610351562,148.7196502685547,28792
2011-02-22,191.8000030517578,196.89999389648438,187.5500030517578,194.25,151.36907958984375,54054
2011-02-23,199.6999969482422,199.6999969482422,191.5500030517578,196.5,153.12237548828125,66911
2011-02-24,199.5,199.5,188.14999389648438,190.1999969482422,148.21315002441406,39254
2011-02-25,196.6999969482422,197.35000610351562,187.25,196.64999389648438,153.23927307128906,53322
2011-02-28,197.0,202.25,196.5,198.85000610351562,154.95361328125,108864
2011-03-01,202.6999969482422,202.6999969482422,193.0,195.0,151.95350646972656,22072
2011-03-03,197.0,197.0,192.1999969482422,193.8000030517578,151.0184326171875,29457
2011-03-04,194.8000030517578,195.6999969482422,189.0,191.0500030517578,148.87547302246094,41089
2011-03-07,189.10000610351562,190.0,184.10000610351562,186.0500030517578,144.979248046875,39302
2011-03-08,187.0,192.0,186.10000610351562,189.9499969482422,148.018310546875,34773
2011-03-09,191.0,191.8000030517578,181.3000030517578,183.5,142.9921417236328,137078
2011-03-10,182.0,187.8000030517578,182.0,184.14999389648438,143.4986572265625,70228
2011-03-11,183.1999969482422,186.89999389648438,179.60000610351562,181.3000030517578,141.27780151367188,33094
2011-03-14,179.25,183.5500030517578,178.0,183.10000610351562,142.6804656982422,14231
2011-03-15,182.0,182.0,176.14999389648438,179.1999969482422,139.64141845703125,28806
2011-03-16,179.10000610351562,182.8000030517578,179.10000610351562,181.0,141.0440216064453,17831
2011-03-17,179.9499969482422,181.5,177.5,178.3000030517578,138.94007873535156,36241
2011-03-18,178.64999389648438,179.85000610351562,173.25,175.0,136.36854553222656,37805
2011-03-21,175.85000610351562,175.85000610351562,171.5,173.4499969482422,135.16070556640625,23307
2011-03-22,174.3000030517578,179.5,173.4499969482422,178.1999969482422,138.8621368408203,38476
2011-03-23,178.1999969482422,180.89999389648438,177.0,178.3000030517578,138.94007873535156,42125
2011-03-24,179.5,185.0,179.5,183.89999389648438,143.30386352539062,61597
2011-03-25,187.25,187.25,182.5500030517578,186.25,145.1350555419922,36892
2011-03-28,187.1999969482422,188.10000610351562,184.0,184.8000030517578,144.0051727294922,21364
2011-03-29,185.6999969482422,188.89999389648438,176.9499969482422,187.6999969482422,146.26498413085938,51784
2011-03-30,185.0,189.89999389648438,180.64999389648438,182.60000610351562,142.29083251953125,40216
2011-03-31,186.6999969482422,186.6999969482422,183.64999389648438,184.5,143.7714080810547,15451
2011-04-01,181.10000610351562,187.14999389648438,179.0,179.75,140.06996154785156,96353
2011-04-04,180.0,184.5,180.0,182.0,141.82327270507812,73965
2011-04-05,183.3000030517578,186.0,181.25,181.9499969482422,141.78433227539062,133349
2011-04-06,182.0,194.1999969482422,180.5500030517578,188.85000610351562,147.1611328125,390681
2011-04-07,189.5,192.5,187.0,187.85000610351562,146.38189697265625,90499
2011-04-08,189.35000610351562,191.4499969482422,185.0,185.85000610351562,144.82334899902344,101549
2011-04-11,184.5,187.5,182.10000610351562,183.39999389648438,142.91419982910156,72228
2011-04-13,183.0,191.5,182.0500030517578,189.5,147.66761779785156,81354
2011-04-15,190.0,190.5,182.0500030517578,182.39999389648438,142.13497924804688,91621
2011-04-18,182.5,187.0,182.0,182.75,142.40774536132812,147299
2011-04-19,182.75,185.0,181.39999389648438,182.75,142.40774536132812,138937
2011-04-20,181.10000610351562,186.89999389648438,181.10000610351562,184.3000030517578,143.61557006835938,149769
2011-04-21,186.0,188.0,184.5,186.5500030517578,145.36888122558594,228465
2011-04-25,186.0,190.0,184.5,188.0,146.49876403808594,108564
2011-04-26,190.0500030517578,205.8000030517578,187.0,201.6999969482422,157.17446899414062,1777307
2011-04-27,203.0500030517578,203.4499969482422,191.10000610351562,192.3000030517578,149.8495635986328,299659
2011-04-28,194.4499969482422,194.75,188.5,189.10000610351562,147.35594177246094,116230
2011-04-29,190.6999969482422,192.8000030517578,185.64999389648438,188.1999969482422,146.65464782714844,66256
2011-05-02,181.5,190.1999969482422,181.5,186.10000610351562,145.0181884765625,45011
2011-05-03,185.10000610351562,197.5,184.10000610351562,184.85000610351562,144.04417419433594,263578
2011-05-04,185.6999969482422,189.0,184.85000610351562,187.25,145.91433715820312,66493
2011-05-05,188.89999389648438,191.0,187.0500030517578,188.25,146.69358825683594,69133
2011-05-06,189.8000030517578,196.0,186.39999389648438,191.1999969482422,148.9923858642578,349056
2011-05-09,193.0,197.25,191.64999389648438,194.25,151.36907958984375,138555
2011-05-10,195.60000610351562,197.4499969482422,192.0500030517578,193.0,150.39503479003906,80391
2011-05-11,191.0500030517578,197.9499969482422,191.0500030517578,196.8000030517578,153.3561248779297,130172
2011-05-12,197.0,203.5,194.64999389648438,195.5500030517578,152.38211059570312,179247
2011-05-13,196.0,198.25,194.0,195.10000610351562,152.03146362304688,39217
2011-05-16,193.0,196.0,192.3000030517578,193.9499969482422,151.1352996826172,36619
2011-05-17,194.35000610351562,195.0,190.8000030517578,193.64999389648438,150.9015350341797,49726
2011-05-18,193.4499969482422,195.14999389648438,190.0,192.3000030517578,149.8495635986328,64079
2011-05-19,192.5,194.0,188.14999389648438,191.60000610351562,149.30406188964844,25204
2011-05-20,192.89999389648438,194.0,189.5,190.60000610351562,148.52481079101562,47705
2011-05-23,191.75,191.75,186.60000610351562,186.85000610351562,145.60264587402344,14083
2011-05-24,185.5500030517578,189.5,183.75,184.8000030517578,144.0051727294922,51301
2011-05-25,185.0500030517578,185.85000610351562,184.0,184.9499969482422,144.12205505371094,47417
2011-05-26,186.75,188.60000610351562,184.0,185.0500030517578,144.1999969482422,89775
2011-05-27,185.0500030517578,187.5,184.10000610351562,185.4499969482422,144.51168823242188,74441
2011-05-30,186.39999389648438,187.1999969482422,184.25,184.9499969482422,144.12205505371094,32356
2011-05-31,186.75,187.75,184.5,184.89999389648438,144.08309936523438,75164
2011-06-01,185.0500030517578,192.0,185.0500030517578,189.0500030517578,147.3169708251953,261869
2011-06-02,188.0,190.8000030517578,187.0,188.4499969482422,146.84945678710938,27992
2011-06-03,189.0,190.3000030517578,186.0,187.64999389648438,146.22605895996094,33701
2011-06-06,188.39999389648438,191.0,187.0,189.0500030517578,147.3169708251953,26295
2011-06-07,189.6999969482422,189.6999969482422,184.8000030517578,186.25,145.1350555419922,106395
2011-06-08,186.25,187.6999969482422,184.5,186.0500030517578,144.979248046875,78630
2011-06-09,185.6999969482422,189.60000610351562,185.10000610351562,185.35000610351562,144.43377685546875,86889
2011-06-10,185.39999389648438,187.39999389648438,184.35000610351562,185.64999389648438,144.6675567626953,47773
2011-06-13,185.64999389648438,189.0,185.0,186.64999389648438,145.44677734375,94425
2011-06-14,186.75,188.39999389648438,186.1999969482422,187.9499969482422,146.45980834960938,56765
2011-06-15,187.3000030517578,189.39999389648438,187.1999969482422,188.1999969482422,146.65464782714844,77736
2011-06-16,185.5,190.75,185.5,188.14999389648438,146.6156463623047,106428
2011-06-17,187.10000610351562,192.8000030517578,186.10000610351562,186.8000030517578,145.5636749267578,87753
2011-06-20,187.0500030517578,188.75,181.89999389648438,182.9499969482422,142.56356811523438,147934
2011-06-21,186.8000030517578,187.5,183.5,184.35000610351562,143.65451049804688,132645
2011-06-22,179.89999389648438,181.39999389648438,171.0,173.1999969482422,140.68963623046875,148726
2011-06-23,173.1999969482422,173.1999969482422,166.5,171.8000030517578,139.5524139404297,130474
2011-06-24,172.0,173.5500030517578,170.25,171.35000610351562,139.18690490722656,127039
2011-06-27,172.0,174.8000030517578,171.35000610351562,173.89999389648438,141.2582550048828,30767
2011-06-28,175.5,177.64999389648438,174.0500030517578,176.0,142.96408081054688,65523
2011-06-29,176.0,177.4499969482422,174.1999969482422,175.75,142.76100158691406,46769
2011-06-30,175.5,180.0,174.60000610351562,179.75,146.01016235351562,138225
2011-07-01,180.5,189.4499969482422,179.14999389648438,185.10000610351562,150.3560028076172,357394
2011-07-04,182.0,185.10000610351562,180.5,181.64999389648438,147.55355834960938,52281
2011-07-05,183.64999389648438,183.6999969482422,180.5,181.14999389648438,147.1473846435547,23751
2011-07-06,180.39999389648438,182.6999969482422,180.39999389648438,182.10000610351562,147.91909790039062,44913
2011-07-07,180.39999389648438,187.39999389648438,180.39999389648438,186.14999389648438,151.20884704589844,71833
2011-07-08,185.5,185.9499969482422,180.60000610351562,181.39999389648438,147.35044860839844,36937
2011-07-11,183.0,187.8000030517578,182.5,184.14999389648438,149.5842742919922,232738
2011-07-12,185.0,186.0,183.10000610351562,185.0500030517578,150.3153533935547,125870
2011-07-13,185.89999389648438,205.85000610351562,184.39999389648438,199.14999389648438,161.76870727539062,1138336
2011-07-14,197.0,200.10000610351562,190.25,198.64999389648438,161.36253356933594,657017
2011-07-15,198.60000610351562,210.0,194.10000610351562,208.85000610351562,169.64797973632812,1009856
2011-07-18,210.10000610351562,213.4499969482422,204.8000030517578,206.14999389648438,167.45477294921875,653183
2011-07-19,208.10000610351562,210.5,192.39999389648438,202.75,164.6929931640625,1136946
2011-07-20,202.8000030517578,228.39999389648438,202.75,222.10000610351562,180.410888671875,2599217
2011-07-21,221.9499969482422,226.89999389648438,216.0,225.5,183.17269897460938,610385
2011-07-22,224.89999389648438,225.5500030517578,222.0,222.75,180.9389190673828,282124
2011-07-25,222.75,224.89999389648438,219.8000030517578,223.8000030517578,181.79177856445312,172538
2011-07-26,222.0,244.89999389648438,221.5,232.3000030517578,188.69630432128906,2426159
2011-07-27,234.5,241.64999389648438,229.64999389648438,237.1999969482422,192.6765594482422,703256
2011-07-28,235.6999969482422,237.64999389648438,227.5,228.25,185.40652465820312,239138
2011-07-29,228.8000030517578,235.0,213.4499969482422,222.8000030517578,180.97952270507812,279502
2011-08-01,225.0,230.9499969482422,220.64999389648438,225.8000030517578,183.4163818359375,160629
2011-08-02,225.0500030517578,231.39999389648438,220.3000030517578,224.25,182.15733337402344,279666
2011-08-03,221.10000610351562,227.0,220.0,222.39999389648438,180.6545867919922,117533
2011-08-04,221.5500030517578,226.89999389648438,210.0,217.35000610351562,176.55250549316406,198928
2011-08-05,207.5500030517578,214.3000030517578,201.6999969482422,209.60000610351562,170.2572021484375,277673
2011-08-08,205.0,205.8000030517578,195.0,201.5500030517578,163.71823120117188,170078
2011-08-09,195.0500030517578,207.0,185.0,201.8000030517578,163.92132568359375,166648
2011-08-10,205.0,209.8000030517578,199.10000610351562,201.0500030517578,163.31207275390625,215674
2011-08-11,198.10000610351562,199.75,194.10000610351562,195.14999389648438,158.51953125,51758
2011-08-12,198.89999389648438,199.75,190.60000610351562,192.4499969482422,156.3263397216797,157471
2011-08-16,196.6999969482422,202.4499969482422,192.4499969482422,196.85000610351562,159.9004364013672,397537
2011-08-17,199.0,205.3000030517578,196.25,197.39999389648438,160.34719848632812,220406
2011-08-18,200.10000610351562,204.0,182.39999389648438,187.5,152.3054962158203,90352
2011-08-19,180.0,187.9499969482422,173.10000610351562,176.5,143.37025451660156,337639
2011-08-22,175.0,180.0,170.0,174.3000030517578,141.5831756591797,209208
2011-08-23,176.0500030517578,183.0,175.14999389648438,177.60000610351562,144.2637481689453,66460
2011-08-24,178.0,184.0,176.5,180.89999389648438,146.94432067871094,111083
2011-08-25,182.89999389648438,183.89999389648438,177.6999969482422,181.6999969482422,147.5941925048828,218595
2011-08-26,180.0,180.75,174.1999969482422,177.0500030517578,143.81698608398438,27502
2011-08-29,180.0,189.64999389648438,163.60000610351562,182.14999389648438,147.95968627929688,61234
2011-08-30,185.0,195.0,183.0,193.5,157.1792449951172,158444
2011-09-02,195.8000030517578,195.8000030517578,187.0,189.3000030517578,153.7676239013672,54409
2011-09-05,189.0,194.5,185.5500030517578,192.75,156.57005310058594,65128
2011-09-06,196.89999389648438,198.60000610351562,190.8000030517578,197.14999389648438,160.1441192626953,52017
2011-09-07,197.0,212.0,197.0,210.1999969482422,170.7445831298828,335361
2011-09-08,208.10000610351562,212.39999389648438,205.0,207.8000030517578,168.7950897216797,83521
2011-09-09,206.10000610351562,208.5,203.60000610351562,205.25,166.7237091064453,70871
2011-09-12,204.14999389648438,204.14999389648438,198.64999389648438,199.35000610351562,161.9311981201172,20515
2011-09-13,200.39999389648438,212.39999389648438,200.39999389648438,205.5500030517578,166.9674072265625,116213
2011-09-14,206.3000030517578,210.60000610351562,205.5,207.3000030517578,168.38894653320312,121772
2011-09-15,209.89999389648438,217.8000030517578,208.25,214.10000610351562,173.9125518798828,133386
2011-09-16,216.89999389648438,216.89999389648438,207.10000610351562,208.3000030517578,169.2012481689453,60654
2011-09-19,202.89999389648438,207.9499969482422,202.89999389648438,205.0500030517578,166.56124877929688,18413
2011-09-20,204.0,213.60000610351562,202.5,209.3000030517578,170.0135040283203,125873
2011-09-21,207.64999389648438,214.25,207.60000610351562,211.89999389648438,172.12551879882812,62627
2011-09-22,208.0,212.85000610351562,203.3000030517578,205.5,166.9268035888672,45517
2011-09-23,200.0,206.5,196.10000610351562,205.0500030517578,166.56124877929688,103516
2011-09-26,205.0,207.0,200.0,204.0,165.70834350585938,32241
2011-09-27,209.0,209.0,202.35000610351562,203.5,165.3022003173828,49495
2011-09-28,205.0500030517578,208.39999389648438,201.10000610351562,202.3000030517578,164.32748413085938,151967
2011-09-29,197.0,202.9499969482422,197.0,200.14999389648438,162.58102416992188,43862
2011-09-30,200.1999969482422,202.5,194.3000030517578,196.5,159.61611938476562,36973
2011-10-03,196.64999389648438,196.64999389648438,193.10000610351562,195.25,158.6007537841797,21487
2011-10-04,193.0500030517578,205.8000030517578,193.0500030517578,199.9499969482422,162.41851806640625,116417
2011-10-05,204.8000030517578,204.8000030517578,193.5500030517578,194.10000610351562,157.66664123535156,38636
2011-10-07,196.3000030517578,200.8000030517578,195.5,196.1999969482422,159.3724365234375,17418
2011-10-10,199.0,200.89999389648438,193.0,194.1999969482422,157.7478485107422,62242
2011-10-11,197.6999969482422,198.5,193.5,194.9499969482422,158.3571014404297,16579
2011-10-12,198.5,202.5,196.8000030517578,200.25,162.66220092773438,147783
2011-10-13,201.0,207.0,201.0,203.10000610351562,164.97731018066406,49434
2011-10-14,201.9499969482422,212.9499969482422,201.3000030517578,211.39999389648438,171.71937561035156,75564
2011-10-17,213.8000030517578,245.0,213.8000030517578,234.3000030517578,190.32095336914062,465311
2011-10-18,232.1999969482422,238.8000030517578,208.5,228.60000610351562,185.69085693359375,1353175
2011-10-19,225.0,228.5,218.6999969482422,222.1999969482422,180.4921417236328,147452
2011-10-20,221.0,232.0,217.25,227.8000030517578,185.041015625,216193
2011-10-21,227.8000030517578,232.8000030517578,225.10000610351562,230.39999389648438,187.1529541015625,133537
2011-10-24,219.75,231.0,219.75,224.4499969482422,182.31980895996094,47545
2011-10-25,218.0,229.0,218.0,226.10000610351562,183.66009521484375,32380
2011-10-28,227.0,234.75,226.3000030517578,230.64999389648438,187.3560333251953,62972
2011-10-31,232.0,233.0,228.0,230.89999389648438,187.55911254882812,93852
2011-11-01,230.89999389648438,234.85000610351562,222.10000610351562,225.85000610351562,183.45700073242188,61607
2011-11-02,225.4499969482422,229.75,220.35000610351562,224.0500030517578,181.994873046875,29439
2011-11-03,216.5,228.0,216.5,227.8000030517578,185.041015625,83180
2011-11-04,228.9499969482422,229.89999389648438,225.10000610351562,227.25,184.59423828125,33266
2011-11-08,227.9499969482422,227.9499969482422,223.14999389648438,224.5,182.3603973388672,13107
2011-11-09,230.0500030517578,230.0500030517578,221.0,223.25,181.34506225585938,55657
2011-11-11,223.3000030517578,225.3000030517578,217.0,220.0500030517578,178.74569702148438,39710
2011-11-14,218.0,223.85000610351562,209.10000610351562,211.10000610351562,171.4756622314453,32287
2011-11-15,210.3000030517578,211.89999389648438,202.25,205.0500030517578,166.56124877929688,28873
2011-11-16,201.1999969482422,206.0,198.39999389648438,202.14999389648438,164.20559692382812,44089
2011-11-17,201.0,213.6999969482422,201.0,211.5500030517578,171.84117126464844,59211
2011-11-18,212.0,212.0,201.14999389648438,204.39999389648438,166.03329467773438,20150
2011-11-21,205.0500030517578,205.10000610351562,200.4499969482422,203.10000610351562,164.97731018066406,33917
2011-11-22,200.9499969482422,210.0,200.9499969482422,208.5,169.36366271972656,23614
2011-11-23,208.0,211.85000610351562,203.3000030517578,209.1999969482422,169.93228149414062,105563
2011-11-24,211.0,212.9499969482422,201.5,212.0,172.20675659179688,40588
2011-11-25,211.5,214.5,203.1999969482422,210.85000610351562,171.2725830078125,36928
2011-11-28,208.0500030517578,213.8000030517578,208.0500030517578,212.64999389648438,172.73468017578125,18768
2011-11-29,214.0,214.0,207.1999969482422,209.60000610351562,170.2572021484375,54884
2011-11-30,209.89999389648438,209.89999389648438,205.39999389648438,206.9499969482422,168.1046142578125,24181
2011-12-01,211.6999969482422,213.3000030517578,206.0,206.9499969482422,168.1046142578125,27428
2011-12-02,206.0500030517578,209.0,205.0,207.75,168.7544708251953,31988
2011-12-05,208.89999389648438,208.9499969482422,204.14999389648438,205.0500030517578,166.56124877929688,20795
2011-12-07,208.39999389648438,209.5,204.5,207.10000610351562,168.22647094726562,45123
2011-12-08,207.0,207.8000030517578,202.0500030517578,205.75,167.1298370361328,68665
2011-12-09,203.9499969482422,204.0,200.5,201.1999969482422,163.43394470214844,30275
2011-12-12,202.1999969482422,203.8000030517578,195.5500030517578,198.10000610351562,160.91580200195312,40481
2011-12-13,198.0,199.0,193.0,196.8000030517578,159.8597869873047,19885
2011-12-14,195.10000610351562,197.85000610351562,193.3000030517578,195.25,158.6007537841797,53820
2011-12-15,194.0,194.0,178.14999389648438,186.85000610351562,151.77748107910156,104417
2011-12-16,190.0,190.25,182.8000030517578,183.5,149.0562744140625,189927
2011-12-19,180.25,198.0,175.0,176.60000610351562,143.45147705078125,32556
2011-12-20,178.0,180.0,167.0,167.9499969482422,136.42506408691406,41837
2011-12-21,173.89999389648438,173.89999389648438,166.0500030517578,169.14999389648438,137.3998565673828,88871
2011-12-22,169.1999969482422,177.89999389648438,164.3000030517578,167.10000610351562,135.7346649169922,31550
2011-12-23,168.0,179.0,168.0,177.0,143.7763671875,64943
2011-12-26,175.64999389648438,184.0,174.0,182.10000610351562,147.91909790039062,30652
2011-12-27,183.0,186.0,176.39999389648438,177.89999389648438,144.50743103027344,17843
2011-12-28,176.0500030517578,179.6999969482422,173.25,176.1999969482422,143.12652587890625,18143
2011-12-29,174.3000030517578,182.0,174.3000030517578,180.0,146.2132568359375,17651
2011-12-30,184.0,185.6999969482422,177.5500030517578,184.14999389648438,149.5842742919922,17264
2012-01-02,184.0,185.0,180.25,183.0,148.65016174316406,8884
2012-01-03,186.5,188.89999389648438,182.9499969482422,184.9499969482422,150.23411560058594,31947
2012-01-04,188.89999389648438,193.0,185.0,191.35000610351562,155.43280029296875,37177
2012-01-05,191.35000610351562,197.9499969482422,189.1999969482422,191.8000030517578,155.79837036132812,40432
2012-01-06,191.6999969482422,192.8000030517578,186.60000610351562,189.1999969482422,153.68634033203125,35967
2012-01-09,188.8000030517578,198.5,188.8000030517578,194.60000610351562,158.07281494140625,86452
2012-01-10,196.0,206.5500030517578,195.39999389648438,200.3000030517578,162.702880859375,132216
2012-01-11,203.39999389648438,208.3000030517578,198.1999969482422,204.25,165.9114227294922,70177
2012-01-12,205.0,211.89999389648438,200.0,204.85000610351562,166.39878845214844,134532
2012-01-13,207.4499969482422,207.6999969482422,197.0,199.60000610351562,162.13426208496094,37150
2012-01-16,199.0,200.0,195.4499969482422,198.0,160.8345947265625,48340
2012-01-17,200.0,209.85000610351562,199.10000610351562,206.0500030517578,167.37353515625,92447
2012-01-18,207.89999389648438,219.64999389648438,200.0,212.0,172.20675659179688,713531
2012-01-19,212.9499969482422,221.0,211.5500030517578,219.5500030517578,178.3395538330078,285599
2012-01-20,219.75,220.5500030517578,210.0,213.0,173.01901245117188,145701
2012-01-23,213.3000030517578,213.5500030517578,208.14999389648438,210.35000610351562,170.86642456054688,101349
2012-01-24,220.0,220.0,206.0,207.5500030517578,168.59197998046875,60182
2012-01-25,210.8000030517578,213.0,206.5500030517578,207.4499969482422,168.51075744628906,76140
2012-01-27,207.0,211.6999969482422,207.0,210.0500030517578,170.6227569580078,80049
2012-01-30,210.0,210.3000030517578,204.0,204.9499969482422,166.4800262451172,38594
2012-01-31,204.9499969482422,212.35000610351562,204.89999389648438,209.0500030517578,169.8104248046875,127005
2012-02-01,210.9499969482422,216.5,207.3000030517578,212.60000610351562,172.69410705566406,143507
2012-02-02,217.3000030517578,217.3000030517578,210.0500030517578,213.25,173.22207641601562,116755
2012-02-03,214.60000610351562,215.0,208.5,210.9499969482422,171.3538055419922,78567
2012-02-06,213.0,217.0500030517578,211.35000610351562,215.0500030517578,174.68423461914062,152352
2012-02-07,215.5,234.39999389648438,211.60000610351562,231.0,187.6403350830078,565204
2012-02-08,233.3000030517578,241.85000610351562,232.39999389648438,240.10000610351562,195.0322723388672,460011
2012-02-09,238.0,238.0,230.3000030517578,233.25,189.4679718017578,74415
2012-02-10,232.0500030517578,236.8000030517578,225.10000610351562,233.39999389648438,189.58985900878906,100369
2012-02-13,233.0,239.0,232.10000610351562,236.6999969482422,192.27041625976562,93281
2012-02-14,237.0,246.8000030517578,237.0,242.75,197.18482971191406,111653
2012-02-15,245.0,255.60000610351562,243.25,250.4499969482422,203.43951416015625,273140
2012-02-16,251.0,258.45001220703125,249.5,255.9499969482422,207.90711975097656,121655
2012-02-17,258.1000061035156,260.8999938964844,247.0,250.10000610351562,203.1551971435547,105525
2012-02-21,250.9499969482422,285.3999938964844,241.25,259.5,210.7907257080078,1226692
2012-02-22,263.0,271.0,246.0,251.0,203.8862762451172,218943
2012-02-23,249.0,252.25,242.5,247.6999969482422,201.20567321777344,81250
2012-02-24,237.0,264.8999938964844,237.0,246.0,199.82476806640625,167191
2012-02-27,254.6999969482422,254.6999969482422,232.25,236.14999389648438,191.8236541748047,48346
2012-02-28,242.89999389648438,245.6999969482422,237.8000030517578,241.25,195.96640014648438,56294
2012-02-29,252.39999389648438,252.39999389648438,235.5,246.5500030517578,200.27154541015625,113130
2012-03-01,254.0,254.0,239.3000030517578,242.0,196.57557678222656,21880
2012-03-02,240.0500030517578,245.5,237.25,238.9499969482422,194.0980682373047,19923
2012-03-05,235.0500030517578,241.0,233.0,236.35000610351562,191.98614501953125,36303
2012-03-06,234.10000610351562,241.5,228.60000610351562,230.4499969482422,187.19358825683594,27104
2012-03-07,228.0,237.8000030517578,225.0,234.35000610351562,190.36154174804688,41750
2012-03-09,239.89999389648438,241.9499969482422,236.0,237.25,192.71719360351562,17388
2012-03-12,242.60000610351562,242.60000610351562,237.39999389648438,240.5,195.3571319580078,34110
2012-03-13,242.60000610351562,253.8000030517578,238.0,252.14999389648438,204.8203582763672,152037
2012-03-14,252.8000030517578,254.85000610351562,243.0,245.5,199.41860961914062,65181
2012-03-15,243.3000030517578,252.0,237.5500030517578,247.39999389648438,200.96200561523438,79216
2012-03-16,245.0,249.89999389648438,238.5500030517578,240.85000610351562,195.6414337158203,34534
2012-03-19,241.14999389648438,243.0,234.10000610351562,239.0500030517578,194.1793212890625,22945
2012-03-20,235.64999389648438,244.75,234.5,243.5500030517578,197.83468627929688,28828
2012-03-21,243.25,247.9499969482422,239.39999389648438,245.35000610351562,199.2967987060547,33010
2012-03-22,245.0,245.0,239.0,242.0500030517578,196.61619567871094,23467
2012-03-23,241.0,246.85000610351562,235.5500030517578,243.4499969482422,197.75341796875,31571
2012-03-26,241.0,242.9499969482422,236.10000610351562,238.9499969482422,194.0980682373047,13384
2012-03-27,246.60000610351562,246.60000610351562,235.0,240.0500030517578,194.99160766601562,20877
2012-03-28,239.89999389648438,253.0,235.5,251.1999969482422,204.04872131347656,74642
2012-03-29,248.0,260.0,242.0,259.5,210.7907257080078,129095
2012-03-30,259.0,275.0,252.5500030517578,272.6000061035156,221.43185424804688,672562
2012-04-02,270.0,279.79998779296875,262.1000061035156,265.8500061035156,215.94883728027344,149986
2012-04-03,266.04998779296875,268.0,261.3999938964844,266.04998779296875,216.11126708984375,121888
2012-04-04,265.0,270.0,263.25,268.79998779296875,218.3450927734375,61420
2012-04-09,263.0,266.8999938964844,260.8999938964844,264.5,214.85227966308594,31663
2012-04-10,264.0,268.0,257.8999938964844,261.45001220703125,212.37478637695312,28668
2012-04-11,256.1499938964844,261.0,253.10000610351562,255.89999389648438,207.8665313720703,54867
2012-04-12,256.20001220703125,268.0,255.5,264.6000061035156,214.9335174560547,49932
2012-04-13,264.0,266.04998779296875,257.54998779296875,259.1000061035156,210.46585083007812,79101
2012-04-16,256.0,258.5,252.60000610351562,255.60000610351562,207.62283325195312,24057
2012-04-17,258.0,259.0,251.4499969482422,256.0,207.94772338867188,71628
2012-04-18,258.0,262.75,253.0,255.14999389648438,207.2572784423828,32038
2012-04-19,255.60000610351562,255.60000610351562,250.0500030517578,252.10000610351562,204.77978515625,36826
2012-04-20,252.0500030517578,257.29998779296875,248.14999389648438,252.0,204.6985321044922,87184
2012-04-23,252.89999389648438,254.85000610351562,250.0,253.89999389648438,206.2418975830078,34422
2012-04-24,255.0,259.5,250.5500030517578,256.1000061035156,208.0289764404297,30618
2012-04-25,255.9499969482422,256.75,249.60000610351562,251.39999389648438,204.211181640625,40686
2012-04-26,250.10000610351562,252.9499969482422,247.35000610351562,249.4499969482422,202.62718200683594,25097
2012-04-27,247.9499969482422,250.39999389648438,238.4499969482422,243.9499969482422,198.15957641601562,86083
2012-04-30,239.35000610351562,270.0,239.35000610351562,260.8500061035156,211.88734436035156,172486
2012-05-02,280.0,288.0,255.0,256.6000061035156,208.4351043701172,102995
2012-05-03,256.04998779296875,266.5,256.04998779296875,265.3500061035156,215.542724609375,96763
2012-05-04,266.0,266.0,227.25,250.5500030517578,203.52073669433594,1080537
2012-05-07,249.39999389648438,263.5,240.3000030517578,259.1000061035156,210.46585083007812,264741
2012-05-08,251.0,262.0,249.10000610351562,255.60000610351562,207.62283325195312,144282
2012-05-09,256.04998779296875,259.5,252.0,257.20001220703125,208.9224853515625,138658
2012-05-10,259.95001220703125,294.6000061035156,255.0,269.8999938964844,219.2386474609375,487784
2012-05-11,269.0,272.79998779296875,264.5,266.79998779296875,216.72052001953125,206981
2012-05-14,267.1499938964844,269.29998779296875,263.0,267.29998779296875,217.1266632080078,93662
2012-05-15,263.20001220703125,277.8999938964844,263.20001220703125,274.95001220703125,223.34072875976562,114063
2012-05-16,274.04998779296875,276.0,263.29998779296875,273.70001220703125,222.3253936767578,61960
2012-05-17,274.0,297.79998779296875,270.54998779296875,291.3500061035156,236.6623992919922,406856
2012-05-18,289.0,295.0,282.0,287.45001220703125,233.49449157714844,106021
2012-05-21,289.8999938964844,292.70001220703125,276.04998779296875,283.0,229.87973022460938,153856
2012-05-22,278.6000061035156,296.0,278.6000061035156,293.5,238.40887451171875,209828
2012-05-23,283.95001220703125,293.0,281.6000061035156,289.20001220703125,234.9159393310547,96945
2012-05-24,285.1499938964844,293.70001220703125,283.29998779296875,289.95001220703125,235.5251922607422,81056
2012-05-25,289.95001220703125,291.8999938964844,282.3999938964844,290.1000061035156,235.6470489501953,82540
2012-05-28,290.1499938964844,296.0,287.6000061035156,289.29998779296875,234.99720764160156,27900
2012-05-29,287.04998779296875,297.75,285.0,294.1499938964844,238.9368438720703,76746
2012-05-30,288.0,295.0,287.8500061035156,293.3999938964844,238.3275909423828,106936
2012-05-31,289.5,321.70001220703125,289.3500061035156,313.6000061035156,254.7360076904297,466107
2012-06-01,315.0,315.0,290.0,291.70001220703125,236.94674682617188,187097
2012-06-04,288.70001220703125,292.70001220703125,284.20001220703125,286.8500061035156,233.00704956054688,39700
2012-06-05,287.0,292.5,284.0,285.0,231.50430297851562,40192
2012-06-06,285.20001220703125,290.3999938964844,280.1000061035156,286.6499938964844,232.8446044921875,116166
2012-06-07,291.5,292.0,278.0,279.8500061035156,227.321044921875,73532
2012-06-08,279.8500061035156,287.5,272.29998779296875,286.0,232.3165740966797,154041
2012-06-11,287.8999938964844,295.0,286.0,289.04998779296875,234.79412841796875,59139
2012-06-12,289.79998779296875,294.0,284.20001220703125,288.54998779296875,234.38795471191406,38109
2012-06-13,290.20001220703125,295.0,287.0,289.6000061035156,235.2408905029297,42820
2012-06-14,289.6499938964844,291.8999938964844,284.0,285.1499938964844,231.62619018554688,43892
2012-06-15,285.6499938964844,291.5,285.1499938964844,286.70001220703125,232.8852081298828,45146
2012-06-18,289.75,290.0,282.54998779296875,288.6499938964844,234.4691925048828,58520
2012-06-19,290.0,292.95001220703125,285.1000061035156,291.04998779296875,236.41867065429688,65655
2012-06-20,287.8999938964844,290.0,283.6000061035156,285.8999938964844,238.7991943359375,33454
2012-06-21,286.0,289.75,280.54998779296875,284.29998779296875,237.46278381347656,58661
2012-06-22,283.95001220703125,287.25,282.1000061035156,282.95001220703125,236.33518981933594,34779
2012-06-25,282.95001220703125,285.79998779296875,278.1000061035156,279.75,233.66236877441406,53216
2012-06-26,280.20001220703125,284.0,275.5,278.29998779296875,232.45126342773438,33323
2012-06-27,287.0,287.0,278.1000061035156,279.6499938964844,233.57884216308594,25888
2012-06-28,280.70001220703125,282.0,275.0,277.75,231.99185180664062,23705
2012-06-29,279.0,288.95001220703125,278.0,285.79998779296875,238.71563720703125,93306
2012-07-02,284.29998779296875,287.75,280.54998779296875,283.1000061035156,236.46054077148438,24703
2012-07-03,284.45001220703125,288.5,278.5,286.29998779296875,239.13328552246094,94548
2012-07-04,285.0,289.29998779296875,284.1000061035156,286.04998779296875,238.92442321777344,33559
2012-07-05,287.8500061035156,289.1000061035156,282.20001220703125,284.3999938964844,237.5462646484375,18857
2012-07-06,285.04998779296875,287.79998779296875,280.6499938964844,283.79998779296875,237.04515075683594,43220
2012-07-09,283.8500061035156,292.8500061035156,283.5,289.8999938964844,242.14022827148438,97949
2012-07-10,293.0,293.0,286.3999938964844,290.20001220703125,242.39076232910156,121587
2012-07-11,289.5,292.5,284.5,286.8500061035156,239.5926513671875,77587
2012-07-12,286.79998779296875,286.79998779296875,281.0,282.6000061035156,236.04286193847656,25693
2012-07-13,283.70001220703125,288.95001220703125,279.1499938964844,280.29998779296875,234.12171936035156,39178
2012-07-16,282.1499938964844,285.20001220703125,278.20001220703125,278.8500061035156,232.91070556640625,73985
2012-07-17,281.79998779296875,286.95001220703125,279.0,285.54998779296875,238.50689697265625,153659
2012-07-18,286.6000061035156,289.29998779296875,282.20001220703125,286.45001220703125,239.25860595703125,36794
2012-07-19,285.0,301.45001220703125,278.1000061035156,290.75,242.85018920898438,955769
2012-07-20,292.70001220703125,295.5,287.1000061035156,291.25,243.26776123046875,173010
2012-07-23,290.5,291.29998779296875,286.0,286.75,239.50917053222656,65555
2012-07-24,285.75,288.25,284.45001220703125,286.1000061035156,238.9662322998047,45527
2012-07-25,286.1000061035156,288.70001220703125,280.1000061035156,286.8500061035156,239.5926513671875,144037
2012-07-26,288.04998779296875,296.8500061035156,286.0,294.3500061035156,245.85711669921875,263043
2012-07-27,297.0,297.0,288.1499938964844,290.3999938964844,242.55783081054688,75076
2012-07-30,292.20001220703125,292.3999938964844,287.0,291.0,243.0590057373047,18639
2012-07-31,291.1000061035156,292.8999938964844,289.29998779296875,292.0,243.89422607421875,25740
2012-08-01,288.1499938964844,299.70001220703125,288.1499938964844,298.04998779296875,248.9474639892578,119735
2012-08-02,296.1000061035156,299.0,268.5,285.1000061035156,238.1310272216797,1453014
2012-08-03,283.8500061035156,285.75,278.1000061035156,279.79998779296875,233.7041473388672,85670
2012-08-06,282.29998779296875,283.0,272.0,273.95001220703125,228.81787109375,101964
2012-08-07,266.1000061035156,277.0,265.95001220703125,270.54998779296875,225.97799682617188,120251
2012-08-08,272.8500061035156,274.5,270.20001220703125,271.45001220703125,226.72975158691406,167287
2012-08-09,271.0,273.0,261.0,263.0,219.67189025878906,135891
2012-08-10,264.45001220703125,264.45001220703125,254.25,258.6000061035156,215.99673461914062,126308
2012-08-13,260.04998779296875,260.04998779296875,255.10000610351562,257.75,215.2867889404297,145573
2012-08-14,252.35000610351562,265.3999938964844,252.35000610351562,263.29998779296875,219.9224090576172,159216
2012-08-16,263.29998779296875,265.0,255.60000610351562,256.70001220703125,214.4097900390625,47990
2012-08-17,256.0,268.0,256.0,264.3999938964844,220.84120178222656,150908
2012-08-21,265.0,266.75,261.79998779296875,263.8500061035156,220.38185119628906,107355
2012-08-22,264.0,264.0,260.0,261.45001220703125,218.37725830078125,74139
2012-08-23,262.95001220703125,263.6499938964844,257.0,261.6000061035156,218.50250244140625,74031
2012-08-24,262.0,262.5,258.1000061035156,258.95001220703125,216.28907775878906,53322
2012-08-27,257.0,265.70001220703125,255.39999389648438,260.1499938964844,217.29135131835938,78855
2012-08-28,262.0,264.5,257.0,262.70001220703125,219.42129516601562,55797
2012-08-29,260.0,263.0,255.0,257.25,214.86912536621094,72097
2012-08-30,259.20001220703125,265.8999938964844,256.0,262.6000061035156,219.33775329589844,39849
2012-08-31,262.6000061035156,279.8999938964844,261.45001220703125,278.0,232.20068359375,458043
2012-09-03,281.75,282.3999938964844,266.0,267.6499938964844,223.55580139160156,39587
2012-09-04,268.6499938964844,282.95001220703125,267.3999938964844,280.20001220703125,234.0382537841797,132481
2012-09-05,272.0,285.45001220703125,272.0,280.95001220703125,234.66465759277344,79529
2012-09-06,281.0,290.1000061035156,276.1000061035156,288.20001220703125,240.72030639648438,296913
2012-09-07,290.20001220703125,295.29998779296875,289.04998779296875,292.04998779296875,243.93603515625,167295
2012-09-10,288.5,293.0,281.70001220703125,284.6000061035156,237.71339416503906,137292
2012-09-11,286.0,292.0,282.6000061035156,291.04998779296875,243.10069274902344,245166
2012-09-12,291.45001220703125,319.29998779296875,291.0,314.04998779296875,262.3116149902344,821691
2012-09-13,315.0,324.8999938964844,310.79998779296875,312.75,261.2257995605469,439025
2012-09-14,314.1000061035156,315.0,299.20001220703125,304.29998779296875,254.1678009033203,200598
2012-09-17,304.0,306.0,295.25,300.95001220703125,251.36981201171875,191185
2012-09-18,298.3999938964844,306.45001220703125,297.0,298.54998779296875,249.36517333984375,83375
2012-09-20,298.6499938964844,300.0,294.20001220703125,296.54998779296875,247.69461059570312,109759
2012-09-21,302.0,309.79998779296875,284.0,289.54998779296875,241.84786987304688,350157
2012-09-24,292.0,295.1000061035156,290.04998779296875,293.04998779296875,244.7712860107422,85015
2012-09-25,293.6499938964844,293.6499938964844,284.29998779296875,286.75,239.50917053222656,67875
2012-09-26,285.5,297.0,280.5,295.3500061035156,246.6923065185547,72500
2012-09-27,295.54998779296875,299.5,290.5,292.3500061035156,244.1865692138672,108451
2012-09-28,294.0,301.45001220703125,291.0,298.0,248.90579223632812,249141
2012-10-01,299.0,303.8999938964844,292.0,302.20001220703125,252.4138946533203,125504
2012-10-03,296.20001220703125,306.3999938964844,296.20001220703125,303.6000061035156,253.5832061767578,168402
2012-10-04,303.6000061035156,303.6000061035156,285.1499938964844,288.6499938964844,241.09613037109375,238724
2012-10-05,293.5,295.0,281.20001220703125,283.1499938964844,236.5022735595703,54460
2012-10-08,284.95001220703125,294.3999938964844,283.0,284.8500061035156,237.9221649169922,35900
2012-10-09,283.54998779296875,288.3500061035156,280.54998779296875,281.3500061035156,234.99880981445312,30595
2012-10-10,277.79998779296875,285.3999938964844,277.79998779296875,278.79998779296875,232.86891174316406,34427
2012-10-11,279.0,289.0,278.6000061035156,287.5,240.13555908203125,42612
2012-10-12,282.0,288.0,276.25,284.1499938964844,237.33749389648438,55438
2012-10-15,284.25,289.0,281.1000061035156,282.45001220703125,235.91761779785156,40527
2012-10-16,280.8999938964844,291.5,277.1000061035156,285.8500061035156,238.7574005126953,811102
2012-10-17,287.79998779296875,289.3999938964844,282.95001220703125,286.8999938964844,239.63441467285156,135015
2012-10-18,287.25,287.25,279.0,280.20001220703125,234.0382537841797,67710
2012-10-19,281.29998779296875,281.6000061035156,272.1499938964844,275.45001220703125,230.07081604003906,83398
2012-10-22,275.45001220703125,282.0,273.54998779296875,275.5,230.11257934570312,32620
2012-10-23,275.54998779296875,279.0,272.20001220703125,273.29998779296875,228.27496337890625,41551
2012-10-25,273.3500061035156,275.95001220703125,269.54998779296875,270.6499938964844,226.06155395507812,40549
2012-10-29,272.29998779296875,284.0,272.29998779296875,280.8999938964844,234.6228790283203,52663
2012-10-30,282.0,284.0,278.0,281.79998779296875,235.37460327148438,47780
2012-10-31,282.1000061035156,295.0,281.3999938964844,294.29998779296875,245.81533813476562,128018
2012-11-01,294.04998779296875,299.0,291.25,296.3500061035156,247.52755737304688,43535
2012-11-02,295.20001220703125,301.3500061035156,293.0,296.20001220703125,247.40231323242188,109797
2012-11-05,294.95001220703125,297.75,283.8999938964844,291.3500061035156,243.351318359375,65502
2012-11-06,291.3500061035156,295.0,285.5,290.04998779296875,242.2654266357422,34411
2012-11-07,290.20001220703125,292.5,286.8999938964844,288.1000061035156,240.6367645263672,40467
2012-11-08,285.04998779296875,288.0,281.20001220703125,283.75,237.00343322753906,37464
2012-11-09,281.54998779296875,283.8999938964844,254.85000610351562,277.29998779296875,231.6160430908203,40100
2012-11-12,277.29998779296875,279.6000061035156,272.54998779296875,273.75,228.65081787109375,83115
2012-11-15,272.3999938964844,278.0,271.0,271.70001220703125,226.93858337402344,26733
2012-11-16,268.20001220703125,285.0,266.3500061035156,279.25,233.24476623535156,86796
2012-11-19,278.6000061035156,284.8999938964844,274.1000061035156,277.6499938964844,231.90830993652344,46636
2012-11-20,270.20001220703125,284.0,270.20001220703125,277.3999938964844,231.6995391845703,123339
2012-11-21,281.1000061035156,283.8999938964844,276.3999938964844,281.8999938964844,235.4582061767578,144559
2012-11-22,283.6499938964844,283.70001220703125,275.6499938964844,280.29998779296875,234.12171936035156,57318
2012-11-23,279.1000061035156,290.95001220703125,279.1000061035156,286.25,239.09149169921875,78473
2012-11-26,286.95001220703125,286.95001220703125,281.0,282.0,235.5417022705078,79765
2012-11-27,281.1499938964844,285.8999938964844,278.0,282.0,235.5417022705078,118302
2012-11-29,277.20001220703125,286.04998779296875,277.20001220703125,278.29998779296875,232.45126342773438,36835
2012-11-30,281.29998779296875,282.70001220703125,278.5,279.45001220703125,233.41184997558594,82391
2012-12-03,281.29998779296875,283.0,277.0,277.3999938964844,231.6995391845703,20866
2012-12-04,275.25,281.25,275.25,277.0,231.36541748046875,25075
2012-12-05,279.6000061035156,281.0,276.54998779296875,277.8999938964844,232.11720275878906,87100
2012-12-06,278.70001220703125,280.0,275.95001220703125,278.25,232.40953063964844,33039
2012-12-07,278.25,284.8999938964844,276.95001220703125,283.20001220703125,236.54397583007812,73149
2012-12-10,284.79998779296875,284.8500061035156,272.8999938964844,275.1499938964844,229.82020568847656,139799
2012-12-11,278.0,278.0,272.5,273.79998779296875,228.6925811767578,17517
2012-12-12,275.0,276.29998779296875,268.0,269.20001220703125,224.85040283203125,29969
2012-12-13,267.0,273.3500061035156,267.0,270.6000061035156,226.01976013183594,121427
2012-12-14,266.8500061035156,272.0,264.5,265.45001220703125,221.71826171875,41753
2012-12-17,262.3999938964844,266.3999938964844,257.0,259.1000061035156,216.41436767578125,158323
2012-12-18,258.79998779296875,260.3999938964844,252.25,256.8999938964844,214.57679748535156,133878
2012-12-19,257.1499938964844,260.0,248.8000030517578,251.14999389648438,209.7740936279297,206850
2012-12-20,252.0500030517578,253.75,246.5500030517578,248.35000610351562,207.4354248046875,104562
2012-12-21,248.35000610351562,251.0,238.60000610351562,241.64999389648438,201.8391876220703,122739
2012-12-24,245.0,250.0,242.64999389648438,247.60000610351562,206.80894470214844,68376
2012-12-26,248.39999389648438,250.89999389648438,246.5,247.4499969482422,206.68365478515625,38293
2012-12-27,249.4499969482422,250.0,242.6999969482422,244.75,204.42845153808594,28267
2012-12-28,247.3000030517578,247.3000030517578,242.0,242.64999389648438,202.6744384765625,89144
2012-12-31,245.75,246.0,241.5,242.35000610351562,202.4238739013672,68142
2013-01-01,243.8000030517578,249.89999389648438,242.35000610351562,246.0,205.47251892089844,96768
2013-01-02,247.0,250.4499969482422,246.39999389648438,249.14999389648438,208.1035919189453,68007
2013-01-03,250.10000610351562,253.0,248.0,248.8000030517578,207.81124877929688,79090
2013-01-04,250.0,253.0,248.85000610351562,251.3000030517578,209.89939880371094,97721
2013-01-07,253.14999389648438,260.0,253.10000610351562,256.8500061035156,214.53506469726562,118270
2013-01-08,258.04998779296875,259.8999938964844,256.1000061035156,258.0,215.49559020996094,55089
2013-01-09,258.3500061035156,263.25,255.3000030517578,257.8999938964844,215.4120635986328,62390
2013-01-10,259.29998779296875,262.3999938964844,251.75,259.8999938964844,217.08255004882812,68060
2013-01-11,263.20001220703125,277.0,261.5,274.8500061035156,229.5696258544922,557054
2013-01-14,275.1499938964844,278.0,270.79998779296875,276.8999938964844,231.2819061279297,83421
2013-01-15,278.8999938964844,285.0,275.3500061035156,277.79998779296875,232.0336151123047,517507
2013-01-16,279.95001220703125,282.1000061035156,265.3999938964844,268.70001220703125,224.43280029296875,144941
2013-01-17,269.0,278.0,269.0,275.8500061035156,230.40489196777344,259721
2013-01-18,279.0,280.20001220703125,269.0,273.04998779296875,228.06614685058594,101727
2013-01-21,273.1000061035156,276.25,268.25,269.95001220703125,225.47686767578125,22997
2013-01-22,273.3999938964844,274.6000061035156,265.0,265.29998779296875,221.59292602539062,17232
2013-01-23,265.79998779296875,267.3500061035156,251.39999389648438,253.25,211.5281219482422,387894
2013-01-24,255.0,255.5,245.25,246.75,206.09901428222656,39402
2013-01-25,249.4499969482422,259.0,245.25,255.39999389648438,213.3239288330078,87839
2013-01-28,253.3000030517578,258.70001220703125,251.0,253.75,211.94577026367188,38322
2013-01-29,253.8000030517578,259.0,252.0,255.89999389648438,213.74159240722656,68484
2013-01-30,254.60000610351562,257.70001220703125,248.39999389648438,250.4499969482422,209.189453125,26045
2013-01-31,250.5500030517578,270.0,250.5500030517578,263.95001220703125,220.46536254882812,83002
2013-02-01,260.5,265.6499938964844,253.1999969482422,254.75,212.781005859375,46898
2013-02-04,256.75,259.79998779296875,255.5500030517578,257.70001220703125,215.24502563476562,55583
2013-02-05,255.6999969482422,264.0,254.0500030517578,261.75,218.6278076171875,84880
2013-02-06,260.5,262.0,257.5,259.25,216.53965759277344,41162
2013-02-07,259.70001220703125,261.8500061035156,256.70001220703125,257.25,214.86912536621094,32416
2013-02-08,258.0,260.0,255.0,256.5,214.24270629882812,24896
2013-02-11,257.45001220703125,260.0,256.0,259.25,216.53965759277344,15680
2013-02-12,246.35000610351562,259.0,246.35000610351562,256.8500061035156,214.53506469726562,10452
2013-02-13,258.79998779296875,263.8999938964844,258.79998779296875,261.25,218.21014404296875,43444
2013-02-14,259.1499938964844,262.95001220703125,255.39999389648438,260.25,217.37490844726562,40342
2013-02-15,254.0,259.8500061035156,251.0,252.89999389648438,211.23580932617188,29309
2013-02-18,254.0,289.3999938964844,244.64999389648438,257.75,215.2867889404297,482420
2013-02-19,255.0,263.8999938964844,255.0,261.45001220703125,218.37725830078125,71391
2013-02-20,261.54998779296875,264.45001220703125,257.25,259.29998779296875,216.58145141601562,167816
2013-02-21,258.0,262.6000061035156,256.0,257.95001220703125,215.45382690429688,52751
2013-02-22,258.3999938964844,261.5,256.25,257.1499938964844,214.78562927246094,34603
2013-02-25,258.1000061035156,258.3999938964844,251.5500030517578,254.14999389648438,212.2798614501953,68603
2013-02-26,254.14999389648438,256.95001220703125,252.5,254.10000610351562,212.2381134033203,18912
2013-02-27,256.0,257.0,252.0,255.3000030517578,213.24041748046875,30706
2013-02-28,258.1499938964844,269.79998779296875,255.3000030517578,264.1499938964844,220.6323699951172,106724
2013-03-01,265.1499938964844,269.8999938964844,259.0,262.54998779296875,219.2959747314453,25394
2013-03-04,262.75,267.0,258.54998779296875,265.6000061035156,221.843505859375,32104
2013-03-05,267.95001220703125,268.54998779296875,253.0,262.20001220703125,219.00364685058594,30488
2013-03-06,265.3999938964844,274.75,258.1000061035156,272.8999938964844,227.94088745117188,58822
2013-03-07,270.0,284.0,269.0,280.8500061035156,234.5811767578125,265938
2013-03-08,272.0,285.8500061035156,272.0,276.54998779296875,230.98956298828125,54080
2013-03-11,277.29998779296875,278.3999938964844,272.1000061035156,273.6000061035156,228.5255889892578,32445
2013-03-12,275.70001220703125,276.70001220703125,269.0,271.3999938964844,226.68797302246094,59418
2013-03-13,269.95001220703125,287.8999938964844,269.95001220703125,281.75,235.3328857421875,227943
2013-03-14,279.95001220703125,283.0,277.29998779296875,280.70001220703125,234.45584106445312,33245
2013-03-15,281.8500061035156,285.79998779296875,274.0,276.29998779296875,230.78073120117188,23508
2013-03-18,271.70001220703125,283.6499938964844,271.29998779296875,281.1000061035156,234.78997802734375,126531
2013-03-19,271.1000061035156,284.0,271.1000061035156,280.6499938964844,234.41409301757812,80119
2013-03-20,278.6499938964844,282.3500061035156,273.54998779296875,278.20001220703125,232.3677520751953,60520
2013-03-21,279.8500061035156,279.8500061035156,268.3500061035156,270.20001220703125,225.6857147216797,48254
2013-03-22,271.20001220703125,274.0,258.0,271.0,226.3538818359375,203094
2013-03-25,269.75,273.04998779296875,268.1000061035156,270.29998779296875,225.76925659179688,75831
2013-03-26,269.0,281.0,268.54998779296875,275.79998779296875,230.3630828857422,59972
2013-03-28,276.04998779296875,284.0,265.1000061035156,282.3999938964844,235.8758087158203,59903
2013-04-01,276.5,283.8500061035156,276.5,279.8500061035156,233.74594116210938,13848
2013-04-02,277.0,288.6000061035156,277.0,283.0,236.376953125,33178
2013-04-03,280.0,291.5,280.0,283.25,236.58578491210938,36756
2013-04-04,282.5,282.5,274.20001220703125,278.0,232.20068359375,37146
2013-04-05,277.20001220703125,278.8999938964844,272.0,273.8999938964844,228.77613830566406,10761
2013-04-08,270.25,283.0,270.25,281.79998779296875,235.37460327148438,20428
2013-04-09,282.20001220703125,303.8999938964844,280.5,283.5,236.79461669921875,741799
2013-04-10,285.0,298.0,284.6000061035156,289.79998779296875,242.05667114257812,251351
2013-04-11,290.75,295.3999938964844,284.0,285.20001220703125,238.21446228027344,85652
2013-04-12,283.0,285.0,277.0,282.25,235.75048828125,50911
2013-04-15,278.25,289.8999938964844,277.1499938964844,279.8999938964844,233.78762817382812,57447
2013-04-16,276.79998779296875,283.1000061035156,270.1000061035156,271.70001220703125,226.93858337402344,80925
2013-04-17,272.0,274.45001220703125,264.0,271.45001220703125,226.72975158691406,214528
2013-04-18,269.79998779296875,275.6000061035156,268.1499938964844,271.3500061035156,226.6461639404297,49871
2013-04-22,269.0,280.5,269.0,272.95001220703125,227.98265075683594,155702
2013-04-23,275.0,276.8500061035156,267.8500061035156,270.45001220703125,225.89450073242188,97302
2013-04-25,270.0,273.79998779296875,267.95001220703125,270.79998779296875,226.18679809570312,87914
2013-04-26,276.20001220703125,277.95001220703125,263.1499938964844,265.54998779296875,221.80174255371094,136667
2013-04-29,264.0,267.0,259.25,261.1000061035156,218.0848846435547,81392
2013-04-30,263.25,264.0,256.0,260.1000061035156,217.2496337890625,125848
2013-05-02,260.0,264.8999938964844,255.0,259.79998779296875,216.99900817871094,92062
2013-05-03,258.0,264.0,256.0,257.95001220703125,215.45382690429688,44549
2013-05-06,259.1499938964844,264.0,257.04998779296875,261.5,218.41893005371094,40298
2013-05-07,262.45001220703125,263.5,259.1000061035156,262.04998779296875,218.87841796875,81537
2013-05-08,261.1000061035156,264.8999938964844,258.54998779296875,263.75,220.29827880859375,104646
2013-05-09,263.6000061035156,265.54998779296875,260.0,260.20001220703125,217.33316040039062,65791
2013-05-10,258.04998779296875,264.0,258.04998779296875,262.54998779296875,219.2959747314453,54877
2013-05-13,263.3999938964844,274.3500061035156,261.04998779296875,267.3999938964844,223.34695434570312,137440
2013-05-14,268.5,272.0,263.1000061035156,264.0,220.50711059570312,46375
2013-05-15,264.0,266.70001220703125,257.5,261.29998779296875,218.2518768310547,87046
2013-05-16,262.1000061035156,263.5,259.0,260.6000061035156,217.66725158691406,43354
2013-05-17,260.0,269.3999938964844,248.8000030517578,261.3999938964844,218.33544921875,859369
2013-05-20,271.29998779296875,271.29998779296875,255.1999969482422,258.29998779296875,215.74615478515625,190866
2013-05-21,256.5,262.5,256.1000061035156,260.04998779296875,217.2078399658203,124996
2013-05-22,261.0,264.8999938964844,260.20001220703125,263.1000061035156,219.75534057617188,177600
2013-05-23,262.0,263.0,258.54998779296875,262.0,218.83660888671875,70739
2013-05-24,262.1000061035156,264.5,261.0,262.95001220703125,219.63011169433594,24319
2013-05-27,263.3999938964844,264.8999938964844,260.5,262.6000061035156,219.33775329589844,20163
2013-05-28,263.79998779296875,267.0,261.1499938964844,263.29998779296875,219.9224090576172,50724
2013-05-29,263.0,267.0,258.29998779296875,260.45001220703125,217.5419158935547,54225
2013-05-30,260.8500061035156,270.0,260.04998779296875,264.54998779296875,220.96649169921875,190859
2013-05-31,262.04998779296875,267.0,261.1000061035156,265.29998779296875,221.59292602539062,277415
2013-06-03,266.0,266.5,262.0,263.5,220.0894317626953,30049
2013-06-04,264.04998779296875,265.04998779296875,261.3999938964844,263.0,219.67189025878906,123805
2013-06-05,262.8999938964844,264.20001220703125,260.0,260.20001220703125,217.33316040039062,40647
2013-06-06,260.20001220703125,263.79998779296875,258.6000061035156,260.8500061035156,217.87603759765625,30260
2013-06-07,260.0,261.6000061035156,259.6000061035156,260.75,217.79251098632812,31840
2013-06-10,262.3999938964844,267.3500061035156,262.0,266.1499938964844,222.3028564453125,57629
2013-06-11,266.79998779296875,268.79998779296875,260.54998779296875,261.1000061035156,218.0848846435547,58232
2013-06-12,261.6499938964844,262.75,260.5,261.3500061035156,218.29368591308594,25527
2013-06-13,260.20001220703125,261.5,259.3500061035156,260.3500061035156,217.4584503173828,29440
2013-06-14,261.0,264.8500061035156,261.0,263.79998779296875,220.34002685546875,24982
2013-06-17,264.0,277.79998779296875,263.70001220703125,272.75,227.8155975341797,427584
2013-06-18,274.04998779296875,281.25,274.04998779296875,277.6499938964844,231.90830993652344,176471
2013-06-19,278.5,283.0,278.04998779296875,280.8500061035156,234.5811767578125,67429
2013-06-20,274.8999938964844,275.45001220703125,270.25,271.5,233.8490447998047,57161
2013-06-21,272.0,279.8999938964844,261.1499938964844,277.3500061035156,238.88778686523438,102332
2013-06-24,277.3500061035156,277.3500061035156,266.20001220703125,268.0,230.83441162109375,24508
2013-06-25,269.0,271.95001220703125,264.0,267.95001220703125,230.7913360595703,21789
2013-06-26,269.70001220703125,269.70001220703125,265.1499938964844,266.1000061035156,229.19786071777344,11841
2013-06-27,266.1000061035156,270.1000061035156,263.0,264.29998779296875,227.64747619628906,57408
2013-06-28,266.75,276.0,265.0,271.3999938964844,233.7628631591797,26979
2013-07-01,269.0,278.25,269.0,276.70001220703125,238.3279266357422,28885
2013-07-02,275.0,276.70001220703125,269.0,272.45001220703125,234.66729736328125,21366
2013-07-03,270.25,271.45001220703125,261.0,261.70001220703125,225.4080810546875,28417
2013-07-04,263.6499938964844,266.95001220703125,262.29998779296875,264.8500061035156,228.12123107910156,13622
2013-07-05,267.0,269.0,261.5,262.79998779296875,226.35549926757812,24826
2013-07-08,263.5,266.45001220703125,260.04998779296875,261.1000061035156,224.8912811279297,104554
2013-07-09,262.0,265.95001220703125,261.79998779296875,264.8500061035156,228.12123107910156,65927
2013-07-10,265.75,269.0,262.6000061035156,267.1499938964844,230.10226440429688,42548
2013-07-11,268.0,269.79998779296875,265.0,266.25,229.3270721435547,267993
2013-07-12,270.0,274.0,264.6000061035156,265.0,228.25042724609375,48792
2013-07-15,269.0,270.0,259.6000061035156,261.20001220703125,224.9774169921875,78834
2013-07-16,260.79998779296875,268.6000061035156,255.0,261.54998779296875,225.2788543701172,432438
2013-07-17,261.54998779296875,267.79998779296875,257.70001220703125,259.25,223.29782104492188,83352
2013-07-18,265.0,265.0,260.0,261.0,224.80516052246094,73705
2013-07-19,261.8999938964844,266.0,261.8999938964844,263.20001220703125,226.70004272460938,110306
2013-07-22,263.25,264.25,260.20001220703125,262.25,225.8817901611328,18725
2013-07-23,261.79998779296875,262.5,256.6000061035156,258.75,222.8671875,84805
2013-07-24,259.75,259.75,254.0,255.10000610351562,219.72335815429688,16644
2013-07-25,255.0,256.0,241.6999969482422,246.4499969482422,212.2728729248047,31075
2013-07-26,244.1999969482422,248.64999389648438,241.35000610351562,244.25,210.37794494628906,39889
2013-07-29,245.5,247.0,238.10000610351562,239.60000610351562,206.3728485107422,95087
2013-07-30,240.0,240.0,236.39999389648438,237.85000610351562,204.86550903320312,17953
2013-07-31,236.14999389648438,245.0,236.14999389648438,240.1999969482422,206.88963317871094,112007
2013-08-01,240.0,246.75,238.0500030517578,239.9499969482422,206.67425537109375,29871
2013-08-02,241.0,241.0,236.1999969482422,238.89999389648438,205.76991271972656,34163
2013-08-05,239.0,242.39999389648438,236.5,238.39999389648438,205.33924865722656,14644
2013-08-06,236.0,253.8000030517578,235.0,247.5,213.17727661132812,71800
2013-08-07,248.0,259.8999938964844,248.0,257.3500061035156,221.66128540039062,71217
2013-08-08,256.0,258.75,248.0,251.9499969482422,217.0101776123047,26526
2013-08-12,252.0,255.0,247.10000610351562,252.5,217.48390197753906,10078
2013-08-13,247.3000030517578,258.0,242.5500030517578,247.89999389648438,213.52182006835938,56804
2013-08-14,248.0,253.0,248.0,249.89999389648438,215.24447631835938,21343
2013-08-16,247.0500030517578,259.95001220703125,246.1999969482422,255.60000610351562,220.1540069580078,77721
2013-08-19,255.0,257.70001220703125,248.25,253.6999969482422,218.5174560546875,29379
2013-08-20,254.0,258.95001220703125,250.39999389648438,258.1000061035156,222.30735778808594,57483
2013-08-21,257.0,258.70001220703125,254.4499969482422,256.6000061035156,221.01531982421875,28812
2013-08-22,257.0,258.6000061035156,250.0,254.75,219.421875,121537
2013-08-23,253.10000610351562,258.0,250.10000610351562,257.3999938964844,221.70437622070312,145630
2013-08-26,257.0,258.8999938964844,254.5,258.25,222.43650817871094,10855
2013-08-27,256.0,265.0,256.0,260.1499938964844,224.07298278808594,57137
2013-08-28,260.0,268.70001220703125,258.0,267.5,230.40371704101562,157696
2013-08-29,269.0,281.8500061035156,269.0,279.8999938964844,241.0841064453125,98772
2013-08-30,280.0,290.79998779296875,279.6000061035156,282.0,242.89292907714844,62820
2013-09-02,279.1000061035156,298.95001220703125,279.1000061035156,294.79998779296875,253.91781616210938,143144
2013-09-03,295.1499938964844,298.79998779296875,280.0,281.45001220703125,242.41921997070312,39689
2013-09-04,281.70001220703125,291.5,281.70001220703125,288.8999938964844,248.83602905273438,34683
2013-09-05,290.45001220703125,294.45001220703125,290.0,292.6000061035156,252.0229949951172,52202
2013-09-06,290.04998779296875,294.79998779296875,286.6499938964844,292.75,252.15213012695312,27327
2013-09-10,285.20001220703125,293.0,285.0,289.79998779296875,249.61122131347656,50461
2013-09-11,283.5,289.5,283.5,285.70001220703125,246.079833984375,9204
2013-09-12,285.04998779296875,286.3999938964844,275.0,283.3500061035156,244.05572509765625,16104
2013-09-13,282.0,285.0,276.1000061035156,279.8500061035156,241.04112243652344,12778
2013-09-16,279.1000061035156,280.0,273.0,274.04998779296875,236.04539489746094,11254
2013-09-17,273.1000061035156,278.45001220703125,272.6000061035156,275.70001220703125,237.46661376953125,9197
2013-09-18,274.1000061035156,284.5,274.1000061035156,283.6499938964844,244.3141326904297,45521
2013-09-19,284.0,285.6000061035156,277.04998779296875,280.1000061035156,241.25637817382812,36222
2013-09-20,277.0,289.6000061035156,274.0,282.45001220703125,243.2805633544922,70540
2013-09-23,280.0,286.70001220703125,276.45001220703125,278.0,239.4476318359375,47620
2013-09-24,276.0,284.3999938964844,275.20001220703125,277.8500061035156,239.31846618652344,62310
2013-09-25,276.1499938964844,290.0,276.1499938964844,286.8500061035156,247.07029724121094,136316
2013-09-26,284.54998779296875,293.8500061035156,284.0,288.20001220703125,248.233154296875,39217
2013-09-27,289.5,290.3999938964844,280.3500061035156,282.6000061035156,243.40972900390625,35313
2013-09-30,281.0,297.0,276.6499938964844,281.75,242.67758178710938,151478
2013-10-01,281.04998779296875,282.95001220703125,277.20001220703125,279.04998779296875,240.35198974609375,18435
2013-10-03,278.5,283.75,276.0,277.45001220703125,238.97390747070312,55133
2013-10-04,275.04998779296875,283.5,275.04998779296875,281.3500061035156,242.3330841064453,173142
2013-10-07,282.0,290.0,281.6499938964844,285.1499938964844,245.60610961914062,44627
2013-10-08,285.0,289.0,279.1000061035156,285.45001220703125,245.8644561767578,33826
2013-10-09,284.0,288.0,284.0,287.25,247.4148712158203,16892
2013-10-10,285.6000061035156,304.8500061035156,285.6000061035156,302.6499938964844,260.67913818359375,200815
2013-10-11,305.0,309.6499938964844,295.1499938964844,298.1000061035156,256.7602233886719,127692
2013-10-14,299.95001220703125,305.0,292.54998779296875,296.6000061035156,255.4681854248047,48322
2013-10-15,301.0,309.6000061035156,285.0,287.79998779296875,247.8886260986328,562202
2013-10-17,289.6499938964844,293.8999938964844,276.79998779296875,278.1499938964844,239.57679748535156,216079
2013-10-18,281.0,284.29998779296875,272.75,274.1499938964844,236.13153076171875,117935
2013-10-21,275.5,280.0,273.79998779296875,275.3500061035156,237.16510009765625,428838
2013-10-22,275.3500061035156,279.75,274.8999938964844,277.0,238.5863037109375,139102
2013-10-23,277.0,279.0,273.54998779296875,274.1000061035156,236.08847045898438,113524
2013-10-24,274.79998779296875,277.70001220703125,274.0,275.04998779296875,236.90670776367188,267412
2013-10-25,275.0,279.5,274.54998779296875,277.1499938964844,238.7154998779297,45742
2013-10-28,275.04998779296875,279.3999938964844,275.04998779296875,276.8500061035156,238.4571075439453,41287
2013-10-29,274.25,282.3999938964844,274.0,280.3999938964844,241.51480102539062,312085
2013-10-30,281.0,282.95001220703125,277.0,277.95001220703125,239.4045867919922,60149
2013-10-31,278.0,281.54998779296875,277.5,280.45001220703125,241.5579071044922,49942
2013-11-01,279.29998779296875,284.6000061035156,279.29998779296875,281.3999938964844,242.37611389160156,34314
2013-11-05,278.6000061035156,283.5,278.0,281.29998779296875,242.28997802734375,26334
2013-11-06,280.04998779296875,287.0,280.04998779296875,284.45001220703125,245.003173828125,107067
2013-11-07,284.29998779296875,296.8999938964844,284.29998779296875,294.3500061035156,253.5302734375,188153
2013-11-08,292.79998779296875,297.0,292.79998779296875,294.6499938964844,253.78866577148438,56327
2013-11-11,294.0,305.95001220703125,291.79998779296875,297.54998779296875,256.2864990234375,201939
2013-11-12,294.0,300.75,294.0,297.70001220703125,256.4156494140625,193917
2013-11-13,298.04998779296875,300.8999938964844,293.29998779296875,297.75,256.4587097167969,35637
2013-11-14,299.3999938964844,303.8999938964844,298.0,303.1000061035156,261.0667724609375,248619
2013-11-18,298.0,315.0,298.0,314.5,270.88580322265625,153815
2013-11-19,315.0,320.8999938964844,313.29998779296875,315.70001220703125,271.9194641113281,170938
2013-11-20,310.5,322.6000061035156,306.0,311.95001220703125,268.68951416015625,88139
2013-11-21,309.0,315.0,309.0,312.0,268.73260498046875,37934
2013-11-22,313.0,321.04998779296875,311.25,313.95001220703125,270.4122314453125,36141
2013-11-25,315.0,318.5,308.25,313.54998779296875,270.0676574707031,93653
2013-11-26,316.95001220703125,331.79998779296875,313.1000061035156,323.0,278.2071533203125,453549
2013-11-27,325.0,325.0,317.25,318.6000061035156,274.41729736328125,50940
2013-11-28,316.04998779296875,322.0,311.25,314.1499938964844,270.5844421386719,29419
2013-11-29,310.29998779296875,319.8999938964844,310.29998779296875,318.5,274.33111572265625,134139
2013-12-02,315.29998779296875,324.79998779296875,315.29998779296875,321.75,277.13043212890625,133991
2013-12-03,320.0,324.0,318.54998779296875,322.54998779296875,277.81951904296875,26322
2013-12-04,322.5,342.5,322.5,336.25,289.61962890625,223829
2013-12-05,338.75,343.79998779296875,329.25,333.3999938964844,287.1649169921875,143723
2013-12-06,331.1000061035156,338.75,331.04998779296875,333.04998779296875,286.8634338378906,31819
2013-12-09,331.20001220703125,339.0,328.5,331.25,285.31304931640625,108978
2013-12-10,327.5,333.25,322.54998779296875,327.6000061035156,282.16925048828125,84015
2013-12-11,322.79998779296875,336.0,322.79998779296875,330.20001220703125,284.4086608886719,148735
2013-12-12,330.04998779296875,345.70001220703125,329.8500061035156,339.70001220703125,292.59124755859375,151068
2013-12-13,334.5,339.0,330.0,335.45001220703125,288.93060302734375,29321
2013-12-16,331.20001220703125,345.0,331.20001220703125,339.45001220703125,292.3758850097656,55009
2013-12-17,340.0,352.0,340.0,349.8500061035156,301.33367919921875,125120
2013-12-18,352.20001220703125,356.8999938964844,345.54998779296875,348.6499938964844,300.300048828125,87833
2013-12-19,348.6499938964844,358.6000061035156,343.0,345.04998779296875,297.1993408203125,267422
2013-12-20,346.0,354.29998779296875,345.0,346.79998779296875,298.7065734863281,124672
2013-12-23,348.8999938964844,356.0,343.1000061035156,348.0,299.7402038574219,92539
2013-12-24,350.0,361.6000061035156,348.04998779296875,356.25,306.8460998535156,137633
2013-12-26,356.0,358.95001220703125,350.04998779296875,351.20001220703125,302.4964294433594,37387
2013-12-27,358.0,361.0,352.54998779296875,355.6499938964844,306.3293151855469,287828
2013-12-30,352.0,361.95001220703125,352.0,354.0,304.90814208984375,59304
2013-12-31,356.0,366.0,353.1499938964844,361.04998779296875,310.9804382324219,105234
2014-01-01,358.0,373.45001220703125,356.95001220703125,368.25,317.1820068359375,153416
2014-01-02,371.5,376.0,362.0,366.75,315.8900146484375,98914
2014-01-03,367.0,381.0,367.0,378.45001220703125,325.9674377441406,159649
2014-01-06,379.0,387.29998779296875,379.0,380.70001220703125,327.9054260253906,124280
2014-01-07,386.8500061035156,389.8999938964844,378.1000061035156,387.04998779296875,333.3747863769531,96569
2014-01-08,390.3999938964844,392.8500061035156,381.5,384.5,331.178466796875,119435
2014-01-09,385.0,385.0,364.1000061035156,365.5,314.8133544921875,78187
2014-01-10,371.0,383.0,368.0,376.25,324.07257080078125,215635
2014-01-13,377.04998779296875,382.6000061035156,371.25,372.1000061035156,320.498046875,81967
2014-01-14,373.3500061035156,398.8999938964844,353.0,389.3999938964844,335.39892578125,1873905
2014-01-15,389.0,394.0,371.45001220703125,376.20001220703125,324.02947998046875,317537
2014-01-16,376.0,403.8999938964844,371.8500061035156,390.6499938964844,336.4755554199219,407280
2014-01-17,392.70001220703125,395.70001220703125,381.0,389.5,335.4850769042969,188921
2014-01-20,389.0,415.0,388.1000061035156,412.70001220703125,355.4676818847656,324691
2014-01-21,412.5,421.95001220703125,405.0,406.3500061035156,349.9983825683594,243518
2014-01-22,405.0,414.1000061035156,405.0,406.6499938964844,350.2567138671875,80637
2014-01-23,403.04998779296875,411.0,401.1000061035156,402.79998779296875,346.9406433105469,40139
2014-01-24,400.0,408.0,395.3999938964844,397.3500061035156,342.2464294433594,57515
2014-01-27,397.3500061035156,401.04998779296875,384.20001220703125,389.54998779296875,335.52813720703125,52355
2014-01-28,391.5,402.0,387.29998779296875,388.8500061035156,334.92523193359375,60945
2014-01-29,391.0,400.8500061035156,386.04998779296875,390.04998779296875,335.9587097167969,99548
2014-01-30,390.0,395.79998779296875,380.29998779296875,385.45001220703125,331.9967956542969,40761
2014-01-31,383.1000061035156,404.6000061035156,383.1000061035156,402.3500061035156,346.55303955078125,91491
2014-02-03,402.1000061035156,414.0,392.29998779296875,399.45001220703125,344.0552673339844,101274
2014-02-04,398.0,399.8500061035156,385.6000061035156,393.20001220703125,338.6719665527344,34930
2014-02-05,395.6499938964844,399.3500061035156,391.0,392.8999938964844,338.41357421875,20546
2014-02-06,397.8999938964844,397.8999938964844,384.79998779296875,387.1000061035156,333.4178771972656,51947
2014-02-07,387.5,409.8999938964844,387.5,405.3999938964844,349.18011474609375,154739
2014-02-10,410.20001220703125,421.0,407.5,410.70001220703125,353.74505615234375,126733
2014-02-11,409.0,420.0,406.25,418.8500061035156,360.764892578125,173407
2014-02-12,421.8999938964844,429.8999938964844,420.1000061035156,422.70001220703125,364.0809631347656,208714
2014-02-13,425.8999938964844,427.0,410.29998779296875,412.6000061035156,355.3816223144531,53328
2014-02-14,411.6000061035156,418.75,405.0,407.29998779296875,350.8166198730469,35414
2014-02-17,405.0,411.5,403.20001220703125,405.6000061035156,349.3523254394531,22476
2014-02-18,408.54998779296875,429.6499938964844,407.0,424.45001220703125,365.5883483886719,142914
2014-02-19,426.1499938964844,440.0,426.1499938964844,437.25,376.6131591796875,414951
2014-02-20,436.45001220703125,465.8999938964844,434.04998779296875,448.75,386.51837158203125,474903
2014-02-21,452.3999938964844,479.70001220703125,452.3500061035156,473.5,407.836181640625,501611
2014-02-24,472.45001220703125,476.6499938964844,451.20001220703125,453.79998779296875,390.8680419921875,211691
2014-02-25,456.5,465.0,450.8500061035156,452.6000061035156,389.8345031738281,225826
2014-02-26,454.45001220703125,456.20001220703125,444.0,445.25,383.5037841796875,93923
2014-02-28,444.0,456.75,442.6000061035156,445.6499938964844,383.84832763671875,166303
2014-03-03,441.3999938964844,448.79998779296875,418.79998779296875,429.29998779296875,369.7657165527344,244007
2014-03-04,433.8500061035156,446.0,429.45001220703125,435.54998779296875,375.1489562988281,371031
2014-03-05,436.25,455.3999938964844,435.1000061035156,445.79998779296875,383.9775085449219,217106
2014-03-06,447.8999938964844,454.0,442.6499938964844,444.8999938964844,383.2023620605469,165182
2014-03-07,444.1499938964844,445.75,410.1000061035156,413.6000061035156,356.242919921875,236727
2014-03-10,410.0,424.0,402.79998779296875,406.45001220703125,350.08447265625,136331
2014-03-11,409.0,418.0,406.25,407.79998779296875,351.2472229003906,83154
2014-03-12,406.0,416.79998779296875,406.0,408.1499938964844,351.5486755371094,77317
2014-03-13,408.8999938964844,414.29998779296875,398.6000061035156,400.6000061035156,345.0457763671875,90204
2014-03-14,400.0,406.0,393.79998779296875,401.8999938964844,346.16552734375,105840
2014-03-18,407.70001220703125,414.0,400.0,403.04998779296875,347.1559753417969,50508
2014-03-19,405.04998779296875,405.8999938964844,395.54998779296875,396.6499938964844,341.6435546875,98538
2014-03-20,393.0,400.8999938964844,392.70001220703125,395.25,340.4376525878906,104688
2014-03-21,391.8999938964844,407.5,391.8999938964844,400.79998779296875,345.218017578125,66050
2014-03-24,401.0,403.3999938964844,395.54998779296875,397.79998779296875,342.6340026855469,68017
2014-03-25,394.25,405.0,394.0,399.1000061035156,343.75372314453125,111305
2014-03-26,395.1000061035156,408.0,393.0,401.95001220703125,346.2085876464844,130157
2014-03-27,403.45001220703125,407.0,399.04998779296875,404.79998779296875,348.6632385253906,55213
2014-03-28,408.8500061035156,409.1499938964844,393.25,395.0,340.2223205566406,101711
2014-03-31,395.0,405.70001220703125,395.0,402.54998779296875,346.72528076171875,134088
2014-04-01,405.5,417.0,404.0,410.1499938964844,353.2713317871094,171269
2014-04-02,414.0,421.6000061035156,413.79998779296875,417.95001220703125,359.98968505859375,313380
2014-04-03,418.0,425.8999938964844,416.25,418.6499938964844,360.5925598144531,124881
2014-04-04,416.0,422.8999938964844,409.0,411.1000061035156,354.0896301269531,67867
2014-04-07,410.20001220703125,411.0,390.1000061035156,395.45001220703125,340.60992431640625,83453
2014-04-09,396.25,414.6499938964844,396.25,410.04998779296875,353.1851501464844,213682
2014-04-10,410.04998779296875,412.1000061035156,404.1499938964844,406.6499938964844,350.2567138671875,46659
2014-04-11,402.6000061035156,406.0,395.0,397.3999938964844,342.2895202636719,72352
2014-04-15,400.0,409.5,395.1000061035156,396.5,341.5143127441406,159683
2014-04-16,395.1499938964844,408.0,395.1499938964844,402.29998779296875,346.50994873046875,134953
2014-04-17,405.04998779296875,422.5,405.04998779296875,409.45001220703125,352.66845703125,190181
2014-04-21,413.0,413.70001220703125,398.5,400.0,344.5289306640625,53468
2014-04-22,404.5,411.0,403.5,405.95001220703125,349.65386962890625,74107
2014-04-23,406.1499938964844,409.95001220703125,396.5,398.45001220703125,343.19390869140625,40318
2014-04-24,398.45001220703125,398.45001220703125,398.45001220703125,398.45001220703125,343.19390869140625,0
2014-04-25,399.1000061035156,406.3999938964844,398.6000061035156,400.79998779296875,345.218017578125,71733
2014-04-28,404.95001220703125,404.95001220703125,396.0,397.6000061035156,342.4617919921875,35441
2014-04-29,396.0,404.3999938964844,396.0,398.5,343.2369384765625,94204
2014-04-30,398.1000061035156,412.8999938964844,398.1000061035156,405.79998779296875,349.52459716796875,103384
2014-05-02,401.70001220703125,419.8999938964844,401.70001220703125,414.45001220703125,356.9750671386719,130680
2014-05-05,414.45001220703125,423.3999938964844,414.04998779296875,418.20001220703125,360.20501708984375,131774
2014-05-06,418.5,420.0,399.25,404.04998779296875,348.017333984375,102962
2014-05-07,403.0,412.0,402.04998779296875,405.04998779296875,348.878662109375,88821
2014-05-08,405.1000061035156,416.0,404.0,409.75,352.9268798828125,100036
2014-05-09,409.8999938964844,424.8999938964844,400.1499938964844,415.45001220703125,357.8363952636719,385604
2014-05-12,416.20001220703125,418.75,400.1000061035156,401.45001220703125,345.77789306640625,128608
2014-05-13,405.0,408.5,397.79998779296875,401.45001220703125,345.77789306640625,138963
2014-05-14,404.0,410.95001220703125,390.8500061035156,391.75,337.423095703125,161321
2014-05-15,394.0,395.70001220703125,373.6000061035156,378.5,326.0105285644531,132399
2014-05-16,380.0,388.3999938964844,356.25,359.3500061035156,309.5162048339844,293805
2014-05-19,360.20001220703125,369.5,328.0,329.5,283.80572509765625,296938
2014-05-20,331.5,347.0,331.5,344.1000061035156,296.3810729980469,224506
2014-05-21,346.5,357.8999938964844,345.6499938964844,353.5,304.47747802734375,173099
2014-05-22,360.8999938964844,364.8999938964844,356.20001220703125,359.8500061035156,309.9468994140625,136158
2014-05-23,362.3999938964844,369.0,362.0,366.70001220703125,315.846923828125,108117
2014-05-26,368.0,372.0,358.5,368.6000061035156,317.48345947265625,164462
2014-05-27,371.95001220703125,375.0,367.04998779296875,371.70001220703125,320.1534423828125,61816
2014-05-28,368.54998779296875,376.5,368.54998779296875,370.70001220703125,319.2922058105469,79067
2014-05-29,368.1000061035156,380.75,368.0,377.95001220703125,325.53680419921875,89821
2014-05-30,380.0,394.8500061035156,378.04998779296875,391.3999938964844,337.12158203125,153275
2014-06-02,394.95001220703125,396.8500061035156,379.0,380.1499938964844,327.431640625,105767
2014-06-03,382.1000061035156,392.29998779296875,381.6499938964844,390.6499938964844,336.4755554199219,122056
2014-06-04,390.0,399.5,385.5,397.1000061035156,342.0311584472656,92879
2014-06-05,399.0,401.70001220703125,389.0,390.1499938964844,336.0448913574219,145110
2014-06-06,396.0,400.0,392.04998779296875,395.79998779296875,340.9114074707031,93239
2014-06-09,396.0,410.5,393.1499938964844,409.04998779296875,352.3238220214844,175519
2014-06-10,415.0,434.3999938964844,414.8999938964844,427.8999938964844,368.5597839355469,467665
2014-06-11,427.3999938964844,439.0,425.0,428.3999938964844,368.9905090332031,159579
2014-06-12,430.0,441.5,430.0,439.6499938964844,378.68035888671875,120632
2014-06-13,435.6000061035156,443.0,419.5,427.5,368.21533203125,91259
2014-06-16,429.79998779296875,434.95001220703125,424.5,427.75,368.4306640625,42580
2014-06-17,430.6000061035156,450.0,430.6000061035156,447.3999938964844,385.3555603027344,121608
2014-06-18,446.5,463.25,443.5,455.29998779296875,392.1600646972656,156796
2014-06-19,456.0,459.29998779296875,442.04998779296875,445.8999938964844,384.06365966796875,71603
2014-06-20,447.0,453.95001220703125,424.0,426.20001220703125,367.0955810546875,110756
2014-06-23,428.0,436.20001220703125,417.20001220703125,427.29998779296875,368.04302978515625,51013
2014-06-24,428.79998779296875,435.0,426.0,432.6499938964844,372.6511535644531,51047
2014-06-25,432.95001220703125,434.3500061035156,424.1000061035156,426.8500061035156,367.6554870605469,48857
2014-06-26,421.5,426.8999938964844,416.0,421.6000061035156,370.9549560546875,50511
2014-06-27,422.0,436.0,422.0,434.0,381.8653869628906,119100
2014-06-30,436.0,445.0,434.0,443.1499938964844,389.916259765625,94907
2014-07-01,445.0,454.8999938964844,440.79998779296875,450.54998779296875,396.4273376464844,57975
2014-07-02,456.79998779296875,466.0,448.25,464.20001220703125,408.4376220703125,92966
2014-07-03,464.0,474.5,447.75,450.1000061035156,396.0314636230469,53894
2014-07-04,454.0,459.8999938964844,446.8999938964844,457.04998779296875,402.1465148925781,40838
2014-07-07,461.5,469.6000061035156,458.3999938964844,466.29998779296875,410.285400390625,45037
2014-07-08,472.45001220703125,473.6499938964844,449.0,451.3999938964844,397.17523193359375,74225
2014-07-09,435.29998779296875,478.1000061035156,435.29998779296875,469.45001220703125,413.05694580078125,152378
2014-07-10,472.1000061035156,474.70001220703125,451.0,465.6499938964844,409.71343994140625,111255
2014-07-11,471.0,487.0,465.6499938964844,475.3999938964844,418.292236328125,226388
2014-07-14,477.1000061035156,479.1000061035156,458.04998779296875,462.75,407.1617736816406,99379
2014-07-15,467.95001220703125,467.95001220703125,404.3999938964844,407.95001220703125,358.9447021484375,1276459
2014-07-16,405.1000061035156,406.70001220703125,375.0,377.25,331.9325256347656,1350553
2014-07-17,381.0,392.54998779296875,380.1000061035156,389.5,342.7110290527344,819171
2014-07-18,392.5,393.3999938964844,383.1499938964844,385.04998779296875,338.79559326171875,377287
2014-07-21,385.8999938964844,388.0,376.1000061035156,377.45001220703125,332.10858154296875,168885
2014-07-22,377.0,381.0,372.1499938964844,377.3999938964844,332.06451416015625,338049
2014-07-23,378.8999938964844,384.3999938964844,376.1000061035156,379.5,333.9123229980469,325875
2014-07-24,382.75,385.0,378.04998779296875,379.5,333.9123229980469,168314
2014-07-25,375.75,378.95001220703125,367.0,370.54998779296875,326.037353515625,128883
2014-07-28,367.0,369.79998779296875,362.3999938964844,362.95001220703125,319.3503112792969,136903
2014-07-30,359.3999938964844,372.0,355.79998779296875,368.8999938964844,324.5855712890625,162310
2014-07-31,367.04998779296875,379.79998779296875,367.04998779296875,376.75,331.4926452636719,123079
2014-08-01,375.5,380.70001220703125,371.25,373.6499938964844,328.7650451660156,108668
2014-08-04,372.04998779296875,378.0,372.04998779296875,374.04998779296875,329.11700439453125,34393
2014-08-05,374.6499938964844,381.0,373.95001220703125,379.3999938964844,333.82427978515625,82262
2014-08-06,379.0,383.0,375.95001220703125,380.1000061035156,334.4401550292969,78086
2014-08-07,380.0,381.0,375.1000061035156,377.0,331.71258544921875,63695
2014-08-08,379.8500061035156,384.79998779296875,367.1000061035156,382.6499938964844,336.6838684082031,146586
2014-08-11,385.1000061035156,387.0,380.70001220703125,384.6499938964844,338.4436340332031,156431
2014-08-12,382.8999938964844,386.95001220703125,380.70001220703125,383.5,337.4317932128906,54454
2014-08-13,383.5,384.0,364.8999938964844,371.1499938964844,326.5653076171875,80247
2014-08-14,372.5,374.5,364.95001220703125,366.04998779296875,322.0779724121094,32775
2014-08-18,367.1000061035156,374.25,367.1000061035156,369.75,325.33343505859375,33036
2014-08-19,372.75,374.0,368.3999938964844,369.6000061035156,325.2015075683594,33348
2014-08-20,371.0,373.1000061035156,366.0,367.95001220703125,323.7496643066406,36367
2014-08-21,369.0,376.5,369.0,371.54998779296875,326.9172668457031,76424
2014-08-22,373.3999938964844,373.3999938964844,368.0,368.8500061035156,324.5416259765625,35754
2014-08-25,368.0,374.0,367.0,368.3999938964844,324.14569091796875,68259
2014-08-26,373.0,373.3500061035156,367.0,372.1000061035156,327.4012145996094,148174
2014-08-27,369.1000061035156,373.8999938964844,359.75,361.8999938964844,318.42645263671875,186789
2014-08-28,365.29998779296875,365.29998779296875,356.6000061035156,359.6000061035156,316.40283203125,78380
2014-09-01,360.8999938964844,364.0,358.0,359.29998779296875,316.1387939453125,55119
2014-09-02,361.0,372.0,361.0,368.3500061035156,324.1017150878906,123971
2014-09-03,368.1499938964844,371.04998779296875,356.0,366.6499938964844,322.6058654785156,251344
2014-09-04,365.1499938964844,368.8500061035156,361.04998779296875,361.75,318.29443359375,42011
2014-09-05,364.0,367.79998779296875,360.0,361.29998779296875,317.89849853515625,190369
2014-09-08,363.5,364.5,360.54998779296875,361.70001220703125,318.25048828125,54518
2014-09-09,362.1000061035156,380.45001220703125,360.0,371.25,326.6533203125,153958
2014-09-10,371.25,378.0,363.6000061035156,375.0,329.9528503417969,83683
2014-09-11,373.0,389.0,373.0,387.29998779296875,340.7752685546875,239496
2014-09-12,391.0,394.8999938964844,384.54998779296875,388.6499938964844,341.9631652832031,171245
2014-09-15,390.0,391.0,380.3999938964844,381.75,335.89190673828125,39644
2014-09-16,382.0,393.0,370.1499938964844,380.1499938964844,334.4841003417969,200597
2014-09-17,387.0,387.0,376.8999938964844,379.5,333.9123229980469,94628
2014-09-18,380.04998779296875,407.3999938964844,380.04998779296875,402.79998779296875,354.4132385253906,335654
2014-09-19,405.0,434.79998779296875,405.0,429.0,377.4660339355469,540868
2014-09-22,427.5,439.0,403.6000061035156,433.75,381.64544677734375,192061
2014-09-23,435.0,437.70001220703125,415.75,419.1499938964844,368.7992858886719,117965
2014-09-24,419.0,425.8500061035156,394.0,396.6499938964844,349.0021057128906,78316
2014-09-25,393.0,401.6499938964844,381.1499938964844,386.0,339.6314697265625,72520
2014-09-26,387.04998779296875,390.0,378.0,381.8500061035156,335.9799499511719,67072
2014-09-29,384.0,449.0,383.0,398.79998779296875,350.8938293457031,89073
2014-09-30,399.0,405.8999938964844,392.6499938964844,400.25,352.16961669921875,112515
2014-10-01,401.0,414.79998779296875,401.0,411.45001220703125,362.0242614746094,170716
2014-10-07,414.5,419.0,395.0,397.0,349.31005859375,50759
2014-10-08,397.0,407.0,388.25,400.20001220703125,352.12567138671875,170751
2014-10-09,407.0,412.0,398.0,403.75,355.2492370605469,53283
2014-10-10,402.0,412.0,391.0,392.1499938964844,345.0426940917969,64370
2014-10-13,392.0,409.0,391.75,402.70001220703125,354.3253479003906,76674
2014-10-14,409.79998779296875,409.79998779296875,392.0,393.70001220703125,346.4064636230469,134610
2014-10-15,393.70001220703125,393.70001220703125,393.70001220703125,393.70001220703125,346.4064636230469,0
2014-10-16,382.1499938964844,385.0,366.0,376.95001220703125,331.6686096191406,307644
2014-10-17,377.0,380.8500061035156,368.45001220703125,377.8500061035156,332.46051025390625,111689
2014-10-20,384.0,387.75,370.0,371.95001220703125,327.2691955566406,34294
2014-10-21,370.1000061035156,379.0,361.20001220703125,363.95001220703125,320.230224609375,114192
2014-10-22,369.0,369.0,361.3500061035156,364.3500061035156,320.58221435546875,63169
2014-10-27,374.75,374.75,366.0,367.20001220703125,323.08978271484375,33273
2014-10-28,370.0,372.0,365.54998779296875,369.20001220703125,324.84954833984375,61579
2014-10-29,370.95001220703125,385.0,369.25,381.45001220703125,335.6280212402344,79190
2014-10-30,380.04998779296875,384.3999938964844,375.0,378.1000061035156,332.68048095703125,40825
2014-10-31,377.04998779296875,390.54998779296875,377.04998779296875,386.45001220703125,340.0274353027344,107521
2014-11-03,386.45001220703125,390.5,382.6000061035156,388.29998779296875,341.6551208496094,28339
2014-11-05,388.0,390.95001220703125,386.0,388.54998779296875,341.87518310546875,27760
2014-11-07,389.0,394.0,386.8999938964844,387.1499938964844,340.6432800292969,45141
2014-11-10,387.0,390.79998779296875,381.54998779296875,384.8500061035156,338.61962890625,29524
2014-11-11,386.95001220703125,389.0,382.04998779296875,384.6499938964844,338.4436340332031,26643
2014-11-12,382.04998779296875,396.5,382.04998779296875,391.20001220703125,344.20684814453125,64803
2014-11-13,385.0,424.1499938964844,385.0,401.6000061035156,353.35748291015625,146292
2014-11-14,404.0,415.5,398.0,400.5,352.38958740234375,123662
2014-11-17,391.29998779296875,398.6499938964844,391.29998779296875,395.8999938964844,348.3421936035156,37634
2014-11-18,401.8999938964844,403.95001220703125,390.5,392.70001220703125,345.5266418457031,38884
2014-11-19,400.0,400.0,386.5,388.1000061035156,341.4790954589844,27475
2014-11-20,398.0,398.95001220703125,387.5,393.3999938964844,346.14251708984375,26312
2014-11-21,390.25,395.0,378.04998779296875,379.20001220703125,333.6483154296875,162004
2014-11-24,380.1499938964844,386.0,379.0,381.8999938964844,336.02398681640625,31755
2014-11-25,383.0,385.0,375.0,378.1499938964844,332.72442626953125,62763
2014-11-26,375.54998779296875,383.20001220703125,375.54998779296875,377.6000061035156,332.2405090332031,11790
2014-11-27,377.1499938964844,380.8999938964844,376.0,377.29998779296875,331.9765625,20676
2014-11-28,376.04998779296875,384.79998779296875,375.04998779296875,380.54998779296875,334.8361511230469,92267
2014-12-01,377.0,378.0,368.0,370.45001220703125,325.9494323730469,125672
2014-12-02,366.79998779296875,374.1000061035156,366.79998779296875,370.95001220703125,326.3893127441406,21185
2014-12-03,367.45001220703125,380.0,367.45001220703125,373.79998779296875,328.89697265625,47038
2014-12-04,373.0,380.0,373.0,374.45001220703125,329.46893310546875,34026
2014-12-05,374.45001220703125,380.0,365.0,367.29998779296875,323.1778259277344,72015
2014-12-08,365.0,374.0,365.0,367.95001220703125,323.7496643066406,59645
2014-12-09,366.04998779296875,374.8999938964844,366.04998779296875,371.79998779296875,327.13726806640625,89220
2014-12-10,369.04998779296875,374.8500061035156,369.0,369.6000061035156,325.2015075683594,35515
2014-12-11,368.0,373.6000061035156,367.1499938964844,368.29998779296875,324.0576477050781,86600
2014-12-12,370.79998779296875,371.0,365.0,367.3999938964844,323.2657775878906,52520
2014-12-15,365.6000061035156,368.25,351.0,352.6000061035156,310.2436828613281,91107
2014-12-16,350.0,357.75,345.1000061035156,347.70001220703125,305.9322509765625,77997
2014-12-17,345.1000061035156,350.0,331.0,342.79998779296875,301.620849609375,263140
2014-12-18,344.1000061035156,356.0,344.1000061035156,349.29998779296875,307.340087890625,59404
2014-12-19,352.0,358.0,341.5,346.75,305.096435546875,95647
2014-12-22,354.8999938964844,362.29998779296875,343.8999938964844,345.0,303.55657958984375,70656
2014-12-23,348.8999938964844,352.6499938964844,344.1000061035156,345.0,303.55657958984375,21493
2014-12-24,342.1000061035156,349.0,338.6000061035156,339.8500061035156,299.0252990722656,41762
2014-12-26,339.04998779296875,345.3999938964844,339.04998779296875,342.6000061035156,301.44488525390625,18218
2014-12-29,341.0,351.8500061035156,341.0,349.70001220703125,307.6920471191406,22892
2014-12-30,347.54998779296875,356.0,347.54998779296875,353.54998779296875,311.0795593261719,194651
2014-12-31,351.3999938964844,378.0,350.3999938964844,370.6499938964844,326.1254577636719,255171
2015-01-01,368.04998779296875,372.5,363.0,367.04998779296875,322.95782470703125,23554
2015-01-02,368.75,380.95001220703125,365.04998779296875,380.1000061035156,334.4401550292969,97644
2015-01-05,381.0,383.0,372.0,374.6499938964844,329.6448669433594,58534
2015-01-06,372.04998779296875,373.0,363.3500061035156,364.8500061035156,321.02215576171875,139481
2015-01-07,367.1000061035156,367.1000061035156,354.6000061035156,356.1499938964844,313.36724853515625,32871
2015-01-08,355.1000061035156,365.0,355.1000061035156,359.5,316.3147888183594,17892
2015-01-09,361.0,363.0,356.5,359.8500061035156,316.62274169921875,131139
2015-01-12,360.0,369.5,358.70001220703125,365.3999938964844,321.50604248046875,67151
2015-01-13,369.70001220703125,374.70001220703125,367.0,370.1000061035156,325.6414489746094,40219
2015-01-14,371.0,389.1000061035156,366.70001220703125,382.79998779296875,336.8158264160156,755089
2015-01-15,380.8999938964844,382.0,369.6499938964844,373.8500061035156,328.9410400390625,357187
2015-01-16,372.0,373.95001220703125,368.0,370.1499938964844,325.6854553222656,33806
2015-01-19,373.0,377.0,371.20001220703125,373.79998779296875,328.89697265625,53799
2015-01-20,371.0,375.1000061035156,371.0,374.20001220703125,329.24896240234375,229932
2015-01-21,373.0,375.75,367.8500061035156,372.25,327.5331726074219,137344
2015-01-22,373.6000061035156,374.04998779296875,369.3500061035156,371.3500061035156,326.7413635253906,118489
2015-01-23,375.0,375.0,356.8999938964844,365.3999938964844,321.50604248046875,79506
2015-01-27,360.1000061035156,364.95001220703125,357.1000061035156,358.54998779296875,315.4788513183594,174565
2015-01-28,358.95001220703125,358.95001220703125,343.5,346.6499938964844,305.0083923339844,193296
2015-01-29,345.0,351.20001220703125,344.45001220703125,345.8999938964844,304.3484802246094,94130
2015-01-30,347.0,351.1499938964844,346.8500061035156,350.29998779296875,308.2199401855469,53046
2015-02-02,341.25,354.0,341.25,351.3999938964844,309.1878356933594,44137
2015-02-03,350.1499938964844,354.95001220703125,349.0,350.0,307.95599365234375,30942
2015-02-04,352.45001220703125,355.3500061035156,346.0,347.75,305.976318359375,40330
2015-02-05,350.04998779296875,353.6000061035156,348.29998779296875,350.5,308.3959045410156,162750
2015-02-06,348.75,350.8500061035156,341.0,344.29998779296875,302.9406433105469,44211
2015-02-09,349.8500061035156,364.0,341.0,361.25,317.8545837402344,71186
2015-02-10,358.29998779296875,381.0,356.0,377.8999938964844,332.5044250488281,90562
2015-02-11,375.6499938964844,380.0,367.20001220703125,370.79998779296875,326.25738525390625,36165
2015-02-12,370.5,374.95001220703125,352.54998779296875,369.6000061035156,325.2015075683594,13911
2015-02-13,361.1000061035156,379.95001220703125,361.1000061035156,371.29998779296875,326.6972351074219,15423
2015-02-16,364.0,375.1499938964844,360.5,369.45001220703125,325.06951904296875,17892
2015-02-18,369.45001220703125,375.8999938964844,367.0,372.25,327.5331726074219,16660
2015-02-19,371.70001220703125,384.04998779296875,371.70001220703125,380.04998779296875,334.39617919921875,68000
2015-02-20,381.5,394.0,373.0,389.45001220703125,342.6669921875,76528
2015-02-23,390.0,414.70001220703125,388.0,395.0,347.55035400390625,248442
2015-02-24,395.0,406.54998779296875,391.1000061035156,392.6000061035156,345.4385986328125,45894
2015-02-25,394.8999938964844,420.6000061035156,394.8999938964844,410.0,360.74847412109375,435612
2015-02-26,409.0,423.8999938964844,409.0,418.54998779296875,368.2713317871094,209947
2015-02-27,419.25,421.79998779296875,405.5,407.54998779296875,358.5927429199219,62112
2015-03-02,407.0,407.0,395.1000061035156,402.79998779296875,354.4132385253906,27347
2015-03-03,404.0,412.0,399.0,409.8500061035156,360.6164855957031,58684
2015-03-04,410.95001220703125,418.0,403.3999938964844,408.3500061035156,359.2966613769531,63178
2015-03-05,408.5,422.79998779296875,403.04998779296875,418.45001220703125,368.1834411621094,70315
2015-03-09,417.25,425.0,414.04998779296875,417.70001220703125,367.5234375,41886
2015-03-10,415.0,417.70001220703125,402.0,409.3999938964844,360.2204895019531,27425
2015-03-11,412.0,439.79998779296875,412.0,428.5,377.026123046875,584953
2015-03-12,432.79998779296875,432.79998779296875,418.1000061035156,424.1499938964844,373.19866943359375,52058
2015-03-13,424.1499938964844,435.45001220703125,421.0,424.75,373.7265930175781,77250
2015-03-16,425.0,426.8500061035156,403.04998779296875,407.20001220703125,358.2847900390625,43079
2015-03-17,408.95001220703125,412.1499938964844,401.6000061035156,403.04998779296875,354.6332702636719,45410
2015-03-18,403.0,406.70001220703125,396.5,398.95001220703125,351.0259094238281,17943
2015-03-19,395.04998779296875,405.0,383.04998779296875,388.20001220703125,341.567138671875,50552
2015-03-20,389.54998779296875,393.8500061035156,369.0,375.04998779296875,329.996826171875,49786
2015-03-23,375.0,379.0,368.0,374.3999938964844,329.4248962402344,27525
2015-03-24,351.0,360.0,341.0,352.1000061035156,309.8037109375,264438
2015-03-25,352.79998779296875,360.0,336.6000061035156,338.75,298.05743408203125,76726
2015-03-26,342.0,347.8999938964844,334.0,343.8500061035156,302.5447082519531,78941
2015-03-27,347.0,357.0,343.25,347.25,305.53631591796875,80277
2015-03-30,352.25,354.8999938964844,343.79998779296875,349.3999938964844,307.4281311035156,52991
2015-03-31,350.8500061035156,351.3500061035156,347.0,349.29998779296875,307.340087890625,123852
2015-04-01,351.0,371.0,348.95001220703125,366.20001220703125,322.2099914550781,147880
2015-04-06,367.95001220703125,369.3999938964844,359.1000061035156,365.1000061035156,321.2420959472656,33625
2015-04-07,365.8999938964844,368.6000061035156,365.1000061035156,367.29998779296875,323.1778259277344,15011
2015-04-08,371.0,374.79998779296875,367.8500061035156,371.1499938964844,326.5653076171875,25239
2015-04-09,374.95001220703125,378.0,365.70001220703125,369.45001220703125,325.06951904296875,55276
2015-04-10,368.0,374.0,368.0,371.70001220703125,327.04925537109375,34106
2015-04-13,373.0,379.0,370.04998779296875,372.6000061035156,327.8411560058594,17827
2015-04-15,376.3500061035156,389.0,371.1000061035156,374.75,329.7328796386719,157018
2015-04-16,382.79998779296875,382.79998779296875,365.75,379.04998779296875,333.516357421875,77677
2015-04-17,381.70001220703125,385.0,370.0,373.29998779296875,328.45703125,30947
2015-04-20,368.1499938964844,378.8500061035156,367.0,370.8999938964844,326.34527587890625,27400
2015-04-21,361.1499938964844,374.75,361.1499938964844,369.04998779296875,324.7175598144531,31158
2015-04-22,368.04998779296875,375.5,368.0,370.8999938964844,326.34527587890625,116621
2015-04-23,370.0,374.95001220703125,368.04998779296875,369.79998779296875,325.37744140625,10745
2015-04-24,370.45001220703125,372.8999938964844,362.5,364.79998779296875,320.9781494140625,63490
2015-04-27,360.0,370.0,353.6000061035156,366.75,322.69384765625,60823
2015-04-28,365.25,365.25,353.1000061035156,361.8999938964844,318.42645263671875,54329
2015-04-29,358.04998779296875,380.0,350.75,359.0,315.8748474121094,88864
2015-04-30,366.70001220703125,366.70001220703125,348.0,350.8500061035156,308.703857421875,152890
2015-05-04,360.0,360.0,351.6000061035156,356.5,313.6751403808594,205277
2015-05-05,355.95001220703125,427.0,325.54998779296875,402.0,353.70947265625,1286712
2015-05-06,380.1000061035156,394.8999938964844,375.0,383.1000061035156,337.07977294921875,360097
2015-05-07,380.0,388.3999938964844,365.0,369.1000061035156,324.7616271972656,69616
2015-05-08,371.0,377.0,368.95001220703125,373.70001220703125,328.80902099609375,51997
2015-05-11,373.70001220703125,383.0,370.25,372.45001220703125,327.70916748046875,43212
2015-05-12,372.8500061035156,375.8500061035156,368.20001220703125,371.95001220703125,327.2691955566406,28941
2015-05-13,372.1000061035156,374.75,370.0,370.3500061035156,325.8614807128906,31350
2015-05-14,372.8999938964844,373.75,367.0,372.8999938964844,328.1050720214844,37062
2015-05-15,373.04998779296875,373.04998779296875,368.8500061035156,370.79998779296875,326.25738525390625,11293
2015-05-18,371.1000061035156,383.0,370.3500061035156,381.25,335.4520568847656,56159
2015-05-19,384.0,393.0,381.6000061035156,387.75,341.17120361328125,69331
2015-05-20,387.75,391.75,378.0,386.0,339.6314697265625,18135
2015-05-21,387.0,391.0,384.04998779296875,387.45001220703125,340.9072570800781,12412
2015-05-22,386.95001220703125,390.0,383.25,386.3999938964844,339.9833984375,15410
2015-05-25,380.29998779296875,387.45001220703125,377.1000061035156,377.8500061035156,332.46051025390625,6223
2015-05-26,376.0,379.45001220703125,373.0,373.1499938964844,328.3249816894531,6995
2015-05-27,373.0,385.0,372.95001220703125,382.6000061035156,336.6398620605469,23619
2015-05-28,379.54998779296875,383.95001220703125,378.0,379.75,334.1322326660156,12266
2015-05-29,378.04998779296875,385.8999938964844,377.0,381.8500061035156,335.9799499511719,61194
2015-06-01,380.54998779296875,387.8999938964844,377.54998779296875,385.3500061035156,339.0594787597656,9603
2015-06-02,383.75,385.0,379.45001220703125,383.1499938964844,337.123779296875,18206
2015-06-03,384.0,405.0,380.1499938964844,398.79998779296875,350.8938293457031,76148
2015-06-04,399.0,410.0,397.0,400.20001220703125,352.12567138671875,78853
2015-06-05,398.0,399.5,391.0,396.0,348.43017578125,10814
2015-06-08,394.0,394.5,384.0,387.79998779296875,341.2152404785156,10117
2015-06-09,384.5,386.6000061035156,375.0,385.25,338.9715270996094,6476
2015-06-10,382.0,387.0,376.0,382.0,336.11199951171875,35995
2015-06-11,381.04998779296875,394.1000061035156,381.04998779296875,384.95001220703125,338.7076416015625,13992
2015-06-12,386.8999938964844,386.8999938964844,381.3999938964844,383.1499938964844,337.123779296875,4545
2015-06-15,380.29998779296875,385.0,380.1499938964844,383.29998779296875,337.2558288574219,2792
2015-06-16,385.45001220703125,386.04998779296875,380.54998779296875,381.79998779296875,335.93597412109375,8744
2015-06-17,383.0,385.0,380.25,383.79998779296875,337.6956787109375,4307
2015-06-18,382.45001220703125,388.95001220703125,382.1499938964844,386.54998779296875,340.1153564453125,6272
2015-06-19,386.0,405.70001220703125,386.0,399.29998779296875,351.3337707519531,51462
2015-06-22,403.8999938964844,406.70001220703125,395.0,403.54998779296875,355.0732116699219,29394
2015-06-23,403.1000061035156,409.0,399.04998779296875,403.04998779296875,354.6332702636719,372431
2015-06-24,403.04998779296875,404.95001220703125,400.0,401.5,353.2694396972656,18240
2015-06-25,399.0,400.45001220703125,386.54998779296875,391.8500061035156,344.7786865234375,10039
2015-06-26,390.1000061035156,398.0,388.0,392.8999938964844,345.70263671875,19291
2015-06-29,388.04998779296875,392.1000061035156,385.6000061035156,388.20001220703125,341.567138671875,13644
2015-06-30,390.0,392.70001220703125,388.6000061035156,390.04998779296875,343.1949768066406,41882
2015-07-01,386.79998779296875,391.0,386.04998779296875,388.0,341.39117431640625,118360
2015-07-02,388.04998779296875,391.0,387.04998779296875,388.70001220703125,342.0071716308594,14184
2015-07-03,389.95001220703125,394.29998779296875,389.95001220703125,392.04998779296875,344.95465087890625,27114
2015-07-06,384.0,397.1000061035156,384.0,393.54998779296875,346.2745056152344,14141
2015-07-07,392.04998779296875,398.0,388.04998779296875,388.75,342.0511169433594,12250
2015-07-08,385.0,389.8500061035156,378.75,383.04998779296875,337.0357971191406,23189
2015-07-09,383.0,394.0,382.0,384.6499938964844,338.4436340332031,18823
2015-07-10,388.0,392.75,385.54998779296875,388.95001220703125,342.22711181640625,13848
2015-07-13,388.29998779296875,424.25,388.29998779296875,418.6000061035156,368.31536865234375,122454
2015-07-14,418.6499938964844,485.0,415.54998779296875,463.45001220703125,407.7776794433594,2091835
2015-07-15,467.0,479.0,455.54998779296875,459.6499938964844,404.4341735839844,580028
2015-07-16,460.95001220703125,499.0,456.0,486.6000061035156,428.14678955078125,824955
2015-07-17,488.0,490.3999938964844,470.0,475.8500061035156,418.6881103515625,321074
2015-07-20,476.0,489.0,470.6000061035156,481.04998779296875,423.26348876953125,239264
2015-07-21,481.0,516.0,475.1000061035156,481.45001220703125,423.615478515625,605188
2015-07-22,480.1499938964844,501.95001220703125,477.6000061035156,499.20001220703125,439.2332763671875,210128
2015-07-23,495.0,495.0,484.0,489.3500061035156,438.91925048828125,119072
2015-07-24,485.0,491.0,475.1000061035156,487.75,437.48419189453125,136307
2015-07-27,483.0,487.79998779296875,462.6000061035156,467.6000061035156,419.4107971191406,127185
2015-07-28,468.75,484.5,465.0,472.25,423.5815124511719,232634
2015-07-29,473.04998779296875,483.0,473.04998779296875,477.75,428.5147399902344,89101
2015-07-30,481.6000061035156,491.0,478.3500061035156,482.0,432.3267517089844,97237
2015-07-31,484.95001220703125,489.6000061035156,480.0,482.25,432.55096435546875,96971
2015-08-03,484.0,485.70001220703125,476.95001220703125,479.70001220703125,430.2637023925781,79870
2015-08-04,483.79998779296875,485.75,462.5,465.95001220703125,417.93084716796875,106988
2015-08-05,469.0,477.0,460.0,463.1499938964844,415.4193420410156,121367
2015-08-06,464.3999938964844,485.04998779296875,464.1000061035156,471.8500061035156,423.2228088378906,204012
2015-08-07,472.1000061035156,497.3999938964844,471.04998779296875,478.54998779296875,429.2322998046875,244592
2015-08-10,476.0,496.3999938964844,476.0,485.0,435.01763916015625,171884
2015-08-11,482.1000061035156,529.7000122070312,482.1000061035156,518.4000244140625,464.97552490234375,403583
2015-08-12,524.5,537.0,510.79998779296875,531.5999755859375,476.8150634765625,595639
2015-08-13,537.0,539.75,488.5,497.3999938964844,446.1396789550781,240099
2015-08-14,498.6000061035156,514.0,491.70001220703125,507.25,454.97454833984375,251898
2015-08-17,507.25,518.7999877929688,499.5,513.1500244140625,460.26654052734375,220034
2015-08-18,516.2999877929688,526.0999755859375,513.5499877929688,520.2999877929688,466.6796875,180735
2015-08-19,520.2999877929688,522.0,512.7000122070312,519.9500122070312,466.3657531738281,134424
2015-08-20,516.5999755859375,518.8499755859375,504.29998779296875,509.04998779296875,456.5890197753906,73062
2015-08-21,509.04998779296875,509.70001220703125,476.8999938964844,495.1499938964844,444.12158203125,118655
2015-08-24,481.0,481.0,425.8999938964844,453.75,406.9881286621094,127450
2015-08-25,462.5,467.3500061035156,405.1000061035156,435.45001220703125,390.57403564453125,196560
2015-08-26,435.0,448.0,424.0,430.70001220703125,386.3135986328125,77945
2015-08-27,434.0,445.3999938964844,432.29998779296875,439.54998779296875,394.2514953613281,94280
2015-08-28,442.95001220703125,452.0,418.5,431.75,387.2553405761719,124501
2015-08-31,437.0,473.5,432.04998779296875,466.3500061035156,418.28961181640625,297308
2015-09-01,464.70001220703125,482.95001220703125,460.0,468.1499938964844,419.9041442871094,323483
2015-09-02,463.25,476.8999938964844,455.1499938964844,467.8999938964844,419.6797790527344,107601
2015-09-03,467.5,471.5,460.0,462.6499938964844,414.97088623046875,31674
2015-09-04,464.0,464.0,442.0,448.1000061035156,401.92034912109375,46879
2015-09-07,446.6000061035156,453.1000061035156,432.1000061035156,441.45001220703125,395.9556884765625,52884
2015-09-08,438.8500061035156,444.0,427.20001220703125,429.5,385.2372131347656,61191
2015-09-09,436.0,447.5,435.0,445.20001220703125,399.31927490234375,65276
2015-09-10,438.1000061035156,459.6000061035156,433.54998779296875,453.95001220703125,407.16748046875,69120
2015-09-11,456.8999938964844,461.0,447.0,451.79998779296875,405.239013671875,354354
2015-09-14,455.0,455.0,438.0,443.0,397.3459167480469,62863
2015-09-15,447.70001220703125,451.3999938964844,435.70001220703125,435.70001220703125,390.7983093261719,35142
2015-09-16,442.04998779296875,459.3500061035156,438.04998779296875,453.3500061035156,406.62933349609375,70790
2015-09-18,455.54998779296875,457.8500061035156,434.3999938964844,440.5,395.1036071777344,134959
2015-09-21,436.20001220703125,449.3500061035156,431.04998779296875,441.20001220703125,395.7314453125,58312
2015-09-22,440.70001220703125,446.0,437.0,441.0,395.55206298828125,141812
2015-09-23,438.04998779296875,452.95001220703125,431.54998779296875,447.6499938964844,401.5167236328125,89952
2015-09-24,455.95001220703125,479.79998779296875,454.8999938964844,471.20001220703125,422.6397705078125,157817
2015-09-28,473.0,485.70001220703125,463.0,479.6000061035156,430.174072265625,192969
2015-09-29,470.20001220703125,477.79998779296875,460.3500061035156,466.29998779296875,418.2447814941406,117740
2015-09-30,472.5,478.5,470.1000061035156,472.70001220703125,423.9851989746094,56230
2015-10-01,477.8999938964844,477.8999938964844,466.1000061035156,473.8500061035156,425.0166320800781,45437
2015-10-05,473.8500061035156,475.5,463.45001220703125,465.8500061035156,417.8410949707031,40498
2015-10-06,468.0,475.0,461.1000061035156,467.5,419.3210144042969,90140
2015-10-07,467.5,472.70001220703125,456.0,458.79998779296875,411.51763916015625,80158
2015-10-08,459.95001220703125,466.3999938964844,455.5,457.6000061035156,410.44134521484375,57581
2015-10-09,464.6000061035156,464.6000061035156,442.0,443.6000061035156,397.88409423828125,101451
2015-10-12,444.0,454.79998779296875,444.0,447.79998779296875,401.6512145996094,71028
2015-10-13,451.6499938964844,459.04998779296875,448.0,453.5,406.7638244628906,271091
2015-10-14,453.0,456.0,443.1499938964844,445.8500061035156,399.9022521972656,112710
2015-10-15,447.0,464.0,447.0,459.95001220703125,412.5491943359375,140880
2015-10-16,465.3999938964844,507.8500061035156,465.3500061035156,488.20001220703125,437.8878479003906,2373254
2015-10-19,492.45001220703125,572.9500122070312,479.95001220703125,561.0499877929688,503.2301940917969,2071988
2015-10-20,556.0,586.4000244140625,536.0,544.2999877929688,488.2062683105469,1387477
2015-10-21,539.7999877929688,544.8499755859375,517.5999755859375,526.0999755859375,471.8819885253906,263791
2015-10-23,525.5,556.0,523.5499877929688,525.9000244140625,471.70257568359375,504664
2015-10-26,523.2000122070312,558.5499877929688,516.7999877929688,553.4500122070312,496.413330078125,709128
2015-10-27,558.0,593.4000244140625,554.0499877929688,579.25,519.554443359375,1403205
2015-10-28,579.25,579.25,556.7999877929688,569.0999755859375,510.450439453125,268676
2015-10-29,562.5499877929688,570.0,552.5,557.9000244140625,500.4046936035156,317359
2015-10-30,560.2999877929688,610.7999877929688,557.2000122070312,565.75,507.4457092285156,1797286
2015-11-02,569.0,595.0,567.2999877929688,590.3499755859375,529.5105590820312,581258
2015-11-03,592.7999877929688,599.0,528.9500122070312,587.4000244140625,526.8646240234375,421106
2015-11-04,590.0,599.9000244140625,581.5,585.0499877929688,524.7568969726562,248396
2015-11-05,581.0999755859375,590.75,570.0,573.9500122070312,514.8006591796875,145842
2015-11-06,574.0,575.0,548.75,556.75,499.37335205078125,288270
2015-11-09,535.25,602.7000122070312,535.25,594.3499755859375,533.0982666015625,489057
2015-11-10,593.9000244140625,621.5,568.5,572.75,513.7243041992188,710676
2015-11-13,575.0,578.4000244140625,557.5,564.5999755859375,506.414306640625,241177
2015-11-16,562.5,600.0,562.5,594.7000122070312,533.412353515625,418488
2015-11-17,600.75,625.0,594.7000122070312,621.7000122070312,557.6298217773438,811940
2015-11-18,622.5,631.0,593.2999877929688,598.0,536.3721923828125,340786
2015-11-19,611.75,615.9500122070312,600.7000122070312,607.5499877929688,544.93798828125,185785
2015-11-20,600.5999755859375,605.5,581.25,583.9500122070312,523.7701416015625,191694
2015-11-23,585.0,593.0,572.7000122070312,579.7000122070312,519.9580078125,214093
2015-11-24,580.0,605.0,579.0499877929688,587.6500244140625,527.0887451171875,256154
2015-11-26,591.0,591.7999877929688,577.5499877929688,585.5,525.160400390625,106976
2015-11-27,589.3499755859375,589.5999755859375,567.0,571.75,512.827392578125,214143
2015-11-30,572.8499755859375,580.5999755859375,565.7999877929688,569.5,510.80938720703125,158488
2015-12-01,570.0,589.0,570.0,581.5499877929688,521.6175537109375,237016
2015-12-02,585.7999877929688,586.4000244140625,572.0,574.2000122070312,515.02490234375,88474
2015-12-03,575.0,594.0,574.25,580.0499877929688,520.2720947265625,233407
2015-12-04,576.9500122070312,586.0,568.5999755859375,580.7999877929688,520.9447631835938,266331
2015-12-07,588.6500244140625,602.4000244140625,580.0499877929688,596.0,534.578369140625,218922
2015-12-08,594.7999877929688,604.0,588.0499877929688,594.4000244140625,533.1432495117188,128818
2015-12-09,592.0499877929688,602.9000244140625,584.0,589.6500244140625,528.8826904296875,145902
2015-12-10,596.0,596.0,581.0,589.7999877929688,529.0172729492188,166816
2015-12-11,591.9500122070312,601.9000244140625,578.0,591.2000122070312,530.2731323242188,475700
2015-12-14,582.5,593.0,578.0499877929688,589.9000244140625,529.10693359375,58228
2015-12-15,588.0,602.4500122070312,588.0,597.9500122070312,536.327392578125,312715
2015-12-16,598.5,601.0,582.2000122070312,585.7999877929688,525.4295654296875,70743
2015-12-17,594.7000122070312,595.25,588.0,594.2999877929688,533.0535278320312,121362
2015-12-18,598.0,601.7999877929688,588.0,589.8499755859375,529.0619506835938,117300
2015-12-21,590.0,594.2999877929688,585.0,588.2999877929688,527.671875,163039
2015-12-22,588.4000244140625,614.5,585.2000122070312,589.4500122070312,528.703369140625,292167
2015-12-23,590.5499877929688,599.9500122070312,586.2000122070312,592.2999877929688,531.259521484375,72650
2015-12-24,597.4000244140625,597.9500122070312,585.0,586.8499755859375,526.3712158203125,54938
2015-12-28,590.0,593.0,582.0,584.9000244140625,524.6221923828125,50001
2015-12-29,587.0,597.0,571.25,578.7999877929688,519.15087890625,93038
2015-12-30,578.0,588.0,575.0,576.4000244140625,516.9982299804688,48920
2015-12-31,577.0,581.9500122070312,571.0999755859375,579.5499877929688,519.8235473632812,47016
2016-01-01,579.5499877929688,586.0,573.0,577.5999755859375,518.0745239257812,28852
2016-01-04,580.9500122070312,589.2999877929688,573.0,580.5,520.6757202148438,83533
2016-01-05,584.0,586.0,572.0999755859375,573.0999755859375,514.0382690429688,84155
2016-01-06,575.0,577.2000122070312,564.0,568.9500122070312,510.3160095214844,74680
2016-01-07,569.9500122070312,569.9500122070312,534.9500122070312,537.7999877929688,482.376220703125,127776
2016-01-08,542.0499877929688,547.8499755859375,525.0999755859375,536.0,480.7618103027344,167192
2016-01-11,535.0,571.0,530.0,542.0499877929688,486.18817138671875,367324
2016-01-12,547.9500122070312,572.0,546.3499755859375,556.5,499.1490783691406,275146
2016-01-13,563.0,565.0,534.2000122070312,546.4000244140625,490.0899963378906,232044
2016-01-14,540.0,593.5999755859375,530.25,570.2999877929688,511.5268249511719,558492
2016-01-15,575.5,585.0,501.0,514.5999755859375,461.5671081542969,1730012
2016-01-18,504.0,520.0,478.79998779296875,487.3500061035156,437.1253967285156,369101
2016-01-19,495.0,508.0,466.6000061035156,473.8500061035156,425.0166320800781,399562
2016-01-20,469.79998779296875,476.70001220703125,432.25,445.5,399.58831787109375,320345
2016-01-21,452.0,512.7000122070312,452.0,489.6000061035156,439.1435546875,1182074
2016-01-22,492.0,494.0,473.0,480.6499938964844,431.11590576171875,408483
2016-01-25,485.3999938964844,517.9000244140625,475.0,511.54998779296875,458.8314514160156,404387
2016-01-27,511.8999938964844,536.0,500.0,530.8499755859375,476.14239501953125,405587
2016-01-28,531.7999877929688,537.4000244140625,519.2999877929688,532.2000122070312,477.353271484375,152597
2016-01-29,532.2999877929688,558.0,530.5499877929688,551.7000122070312,494.8437194824219,256409
2016-02-01,553.0,555.0,524.0999755859375,531.4500122070312,476.68060302734375,140237
2016-02-02,535.5,558.0,533.8499755859375,549.6500244140625,493.0050048828125,229455
2016-02-03,543.0999755859375,544.9500122070312,532.0,539.2999877929688,483.72161865234375,69322
2016-02-04,545.0,559.7000122070312,537.8499755859375,546.9000244140625,490.5383605957031,139841
2016-02-05,545.0,545.0,525.25,528.6500244140625,474.169189453125,98766
2016-02-08,533.4000244140625,550.0,521.2000122070312,525.2999877929688,471.1643981933594,74893
2016-02-09,521.2000122070312,527.4500122070312,506.29998779296875,508.8999938964844,456.4545593261719,85593
2016-02-10,509.79998779296875,514.0,494.0,505.1499938964844,453.0910339355469,110747
2016-02-11,499.70001220703125,518.7999877929688,480.20001220703125,485.25,435.2418518066406,134868
2016-02-12,494.0,496.79998779296875,460.0,490.8999938964844,440.30950927734375,130706
2016-02-15,508.0,508.0,493.1499938964844,499.45001220703125,447.9783935546875,73506
2016-02-16,500.95001220703125,508.3999938964844,491.79998779296875,497.29998779296875,446.0499572753906,87948
2016-02-17,500.3999938964844,505.0,475.0,496.5,445.3323974609375,91577
2016-02-18,500.04998779296875,516.4000244140625,472.29998779296875,478.95001220703125,429.591064453125,163945
2016-02-19,481.0,489.5,464.0,468.04998779296875,419.8143310546875,193024
2016-02-22,472.6499938964844,478.04998779296875,465.0,466.8999938964844,418.7828674316406,85574
2016-02-23,469.6000061035156,471.5,452.0,453.79998779296875,407.03289794921875,62724
2016-02-24,453.0,497.0,449.04998779296875,462.8999938964844,415.19512939453125,877644
2016-02-25,462.0,469.0,442.79998779296875,444.8500061035156,399.0052795410156,223702
2016-02-26,450.0,453.0,421.5,425.3999938964844,381.5597839355469,339228
2016-02-29,425.8500061035156,433.6000061035156,410.1000061035156,419.54998779296875,376.3126220703125,238253
2016-03-01,421.95001220703125,471.0,421.95001220703125,464.6499938964844,416.7648010253906,706796
2016-03-02,470.1000061035156,477.79998779296875,460.1000061035156,463.79998779296875,416.0023498535156,192552
2016-03-03,466.5,497.5,460.54998779296875,494.25,443.3142395019531,325707
2016-03-04,494.8500061035156,496.70001220703125,474.1000061035156,479.95001220703125,430.488037109375,309639
2016-03-08,482.5,482.5,463.6000061035156,466.3999938964844,418.3344421386719,122866
2016-03-09,461.0,465.0,452.0,454.70001220703125,407.8402099609375,124202
2016-03-10,458.0,486.6499938964844,458.0,466.3500061035156,418.28961181640625,456842
2016-03-11,466.3500061035156,473.8999938964844,457.8999938964844,462.3500061035156,414.7018127441406,133019
2016-03-14,464.20001220703125,481.8999938964844,464.20001220703125,470.6000061035156,422.10162353515625,250238
2016-03-15,472.54998779296875,474.95001220703125,463.5,468.54998779296875,420.2628479003906,103562
2016-03-16,471.0,486.5,468.0,482.6000061035156,432.8648986816406,281846
2016-03-17,486.3999938964844,488.0,464.3500061035156,472.0,423.3573303222656,108952
2016-03-18,470.8500061035156,498.79998779296875,470.79998779296875,490.79998779296875,440.2198181152344,202132
2016-03-21,490.0,500.0,481.0,491.29998779296875,440.66827392578125,100272
2016-03-22,494.79998779296875,506.79998779296875,486.6000061035156,491.8999938964844,441.20648193359375,133099
2016-03-23,494.0,514.7000122070312,489.70001220703125,505.25,453.1806335449219,138469
2016-03-28,507.6000061035156,520.0,486.3999938964844,488.1499938964844,437.84295654296875,130105
2016-03-29,491.0,498.79998779296875,483.0,488.1000061035156,437.7981262207031,100028
2016-03-30,497.95001220703125,511.54998779296875,492.3999938964844,494.54998779296875,443.5833740234375,115006
2016-03-31,497.8999938964844,502.70001220703125,490.0,496.70001220703125,445.5118408203125,80798
2016-04-01,498.8999938964844,507.0,493.1000061035156,495.54998779296875,444.4803771972656,175068
2016-04-04,499.6499938964844,513.0,496.1000061035156,507.54998779296875,455.2436828613281,148431
2016-04-05,500.54998779296875,511.79998779296875,489.1000061035156,493.95001220703125,443.0452575683594,132156
2016-04-06,494.3999938964844,498.04998779296875,485.54998779296875,489.95001220703125,439.4574279785156,168915
2016-04-07,494.6000061035156,497.6000061035156,488.5,492.95001220703125,442.1482849121094,58561
2016-04-08,494.0,501.5,491.0,499.0,447.5747375488281,55546
2016-04-11,501.70001220703125,501.95001220703125,492.3999938964844,497.70001220703125,446.4087829589844,49582
2016-04-12,495.1000061035156,502.0,493.0,495.75,444.6596374511719,40616
2016-04-13,498.79998779296875,503.0,492.0,494.25,443.3142395019531,61317
2016-04-18,498.0,513.9000244140625,498.0,510.95001220703125,458.2933044433594,209284
2016-04-20,515.0,516.4000244140625,501.54998779296875,503.1499938964844,451.297119140625,100244
2016-04-21,507.6499938964844,518.2999877929688,500.0,500.45001220703125,448.8753662109375,397822
2016-04-22,501.0,505.8999938964844,496.04998779296875,499.79998779296875,448.29229736328125,44033
2016-04-25,504.3999938964844,507.5,493.54998779296875,494.79998779296875,443.8075866699219,127267
2016-04-26,494.1000061035156,495.6000061035156,485.0,486.95001220703125,436.7666320800781,100889
2016-04-27,491.5,491.5,479.0,480.75,431.20562744140625,88944
2016-04-28,478.0,486.0,468.0,469.6499938964844,421.2495422363281,80943
2016-04-29,469.95001220703125,482.8999938964844,467.0,469.6499938964844,421.2495422363281,106675
2016-05-02,475.8999938964844,481.0,470.45001220703125,477.54998779296875,428.33538818359375,71050
2016-05-03,480.0,483.0,466.0,467.3999938964844,419.2313537597656,99864
2016-05-04,471.79998779296875,474.6499938964844,452.0,459.6499938964844,412.2800598144531,164141
2016-05-05,458.70001220703125,463.0,452.1499938964844,460.6499938964844,413.177001953125,71681
2016-05-06,463.3999938964844,494.70001220703125,455.0,487.6000061035156,437.349609375,1692465
2016-05-09,492.0,497.5,475.0,482.79998779296875,433.0442810058594,266430
2016-05-10,486.6499938964844,487.79998779296875,469.3500061035156,470.75,422.2361145019531,121424
2016-05-11,468.70001220703125,480.95001220703125,456.0,476.04998779296875,426.9898986816406,125824
2016-05-12,472.0,479.75,472.0,474.1499938964844,425.2857360839844,71152
2016-05-13,474.1499938964844,479.3500061035156,471.1000061035156,473.95001220703125,425.1063537597656,122868
2016-05-16,475.0,477.79998779296875,466.0,473.6000061035156,424.79241943359375,88112
2016-05-17,477.0,484.75,470.25,478.79998779296875,429.4565124511719,173326
2016-05-18,477.0,486.70001220703125,474.75,479.04998779296875,429.6807556152344,120170
2016-05-19,479.0,479.1000061035156,472.0,473.04998779296875,424.2991027832031,89240
2016-05-20,470.0,477.95001220703125,470.0,474.8999938964844,425.95849609375,65172
2016-05-23,473.79998779296875,479.0,472.70001220703125,475.20001220703125,426.2275390625,35300
2016-05-24,475.0,478.0,471.5,475.45001220703125,426.4517822265625,46617
2016-05-25,479.0,479.0,474.0,475.1000061035156,426.1378173828125,40758
2016-05-26,476.0,478.95001220703125,472.75,474.95001220703125,426.0033874511719,39007
2016-05-27,471.6499938964844,480.95001220703125,468.0,474.6000061035156,425.68939208984375,63833
2016-05-30,472.1000061035156,479.8999938964844,472.1000061035156,475.5,426.4966125488281,44126
2016-05-31,476.0,495.29998779296875,474.1000061035156,485.6000061035156,435.55572509765625,208638
2016-06-01,485.0,501.45001220703125,484.25,497.0,445.7809143066406,137781
2016-06-02,499.8999938964844,504.79998779296875,496.25,499.95001220703125,448.4269104003906,73771
2016-06-03,503.0,503.20001220703125,492.8999938964844,497.0,445.7809143066406,40905
2016-06-06,492.8999938964844,509.29998779296875,492.8999938964844,504.6499938964844,452.6424560546875,93166
2016-06-07,509.3999938964844,533.0,504.5,512.9000244140625,460.0422668457031,333521
2016-06-08,513.0,545.5,505.1000061035156,541.3499755859375,485.56036376953125,372353
2016-06-09,540.0,541.0,524.6500244140625,526.7000122070312,472.420166015625,87744
2016-06-10,529.0,545.2000122070312,525.0999755859375,532.3499755859375,477.4879150390625,275366
2016-06-13,522.9000244140625,558.0,522.9000244140625,554.9000244140625,497.7140197753906,287835
2016-06-14,556.5,569.2999877929688,556.0999755859375,566.6500244140625,508.2530517578125,154193
2016-06-15,578.4000244140625,587.0,550.9500122070312,555.0,497.8036804199219,353404
2016-06-16,556.9000244140625,560.75,541.0,543.9500122070312,487.89239501953125,230430
2016-06-17,546.0,552.9500122070312,535.5999755859375,541.5499877929688,485.73968505859375,64000
2016-06-20,535.0499877929688,549.0,532.0,534.2999877929688,479.2368469238281,52655
2016-06-21,534.2999877929688,539.4000244140625,526.2999877929688,528.5999755859375,474.124267578125,37312
2016-06-22,530.0,538.0,516.5499877929688,522.25,468.4287109375,196974
2016-06-23,523.0,527.5999755859375,517.0,522.1500244140625,468.33905029296875,63005
2016-06-24,502.25,515.0,501.0,507.25,454.97454833984375,81360
2016-06-27,503.0,512.9000244140625,498.1000061035156,501.6000061035156,449.9068603515625,70860
2016-06-28,507.8999938964844,507.8999938964844,488.0,489.3999938964844,438.964111328125,202229
2016-06-29,493.0,505.0,490.0,496.54998779296875,445.3773193359375,133313
2016-06-30,499.5,518.4000244140625,495.0,512.75,459.90777587890625,372882
2016-07-01,517.0,523.0,513.2000122070312,516.9500122070312,463.6749267578125,620137
2016-07-04,520.0999755859375,529.0,514.25,523.7000122070312,469.7293395996094,181000
2016-07-05,524.9000244140625,532.5,516.1500244140625,529.7000122070312,475.1109313964844,246018
2016-07-07,529.7000122070312,534.2000122070312,506.6499938964844,509.25,456.7684020996094,254237
2016-07-08,506.75,509.3500061035156,499.0,502.70001220703125,450.8935241699219,163622
2016-07-11,509.8999938964844,510.0,501.04998779296875,503.5,451.6110534667969,126771
2016-07-12,504.0,507.6499938964844,502.0,504.04998779296875,452.1043395996094,168555
2016-07-13,508.8999938964844,508.8999938964844,501.29998779296875,503.6499938964844,451.74554443359375,92097
2016-07-14,507.70001220703125,508.6000061035156,491.75,497.29998779296875,446.0499572753906,103085
2016-07-15,499.0,500.0,456.1000061035156,470.20001220703125,421.74285888671875,1887004
2016-07-18,462.0,489.79998779296875,462.0,472.6499938964844,423.94036865234375,284250
2016-07-19,473.0,476.3500061035156,470.0,471.8999938964844,423.26763916015625,144514
2016-07-20,471.8999938964844,473.95001220703125,466.25,468.95001220703125,420.6216735839844,151267
2016-07-21,470.0,471.95001220703125,465.0,465.75,417.7514343261719,115473
2016-07-22,456.5,465.0,453.0,463.6499938964844,424.9927673339844,214817
2016-07-25,463.6499938964844,469.0,458.0,460.95001220703125,422.51788330078125,131528
2016-07-26,460.0,479.0,460.0,467.3500061035156,428.38421630859375,455057
2016-07-27,471.95001220703125,471.95001220703125,456.75,460.1000061035156,421.7387390136719,163528
2016-07-28,464.0,470.0,452.45001220703125,467.5,428.5216979980469,452814
2016-07-29,462.1000061035156,465.8500061035156,448.70001220703125,450.04998779296875,412.526611328125,377603
2016-08-01,451.0,456.0,443.0,446.04998779296875,408.86016845703125,223516
2016-08-02,449.95001220703125,449.95001220703125,440.04998779296875,442.3500061035156,405.4686279296875,128849
2016-08-03,444.6499938964844,444.6499938964844,421.0,422.25,387.04449462890625,253602
2016-08-04,423.25,432.5,417.04998779296875,425.3500061035156,389.885986328125,335047
2016-08-05,425.0,429.70001220703125,421.0,423.0,387.73193359375,232558
2016-08-08,426.0,426.0,420.25,421.70001220703125,386.5403747558594,166558
2016-08-09,422.0,424.0,411.5,414.79998779296875,380.2156982421875,191031
2016-08-10,407.1000061035156,424.3999938964844,405.04998779296875,407.29998779296875,373.3409729003906,399837
2016-08-11,407.29998779296875,418.0,407.29998779296875,413.3500061035156,378.8865661621094,253188
2016-08-12,416.6499938964844,419.3999938964844,409.0,411.1000061035156,376.8241271972656,144678
2016-08-16,411.0,415.0,408.1000061035156,410.3999938964844,376.1825256347656,306532
2016-08-17,411.5,412.5,406.5,407.75,373.7534484863281,219383
2016-08-18,408.0,417.6499938964844,407.54998779296875,415.20001220703125,380.5823059082031,336978
2016-08-19,420.0,423.79998779296875,418.3500061035156,420.79998779296875,385.7153625488281,450909
2016-08-22,420.0,421.45001220703125,415.1000061035156,417.45001220703125,382.644775390625,158027
2016-08-23,418.79998779296875,420.1000061035156,409.1499938964844,412.3999938964844,378.0157470703125,160342
2016-08-24,411.8999938964844,414.70001220703125,409.20001220703125,410.75,376.50335693359375,233014
2016-08-25,413.5,413.6499938964844,393.0,402.04998779296875,368.5287170410156,771889
2016-08-26,399.6499938964844,403.70001220703125,395.5,399.45001220703125,366.1455078125,306337
2016-08-29,398.0,399.5,390.04998779296875,391.20001220703125,358.5833740234375,137407
2016-08-30,392.95001220703125,398.5,386.75,395.6499938964844,362.66229248046875,184868
2016-08-31,395.0,405.0,393.20001220703125,400.0,366.6496276855469,259149
2016-09-01,401.0,405.20001220703125,398.1499938964844,399.6000061035156,366.2829284667969,186307
2016-09-02,403.8500061035156,407.0,399.20001220703125,400.6000061035156,367.1995849609375,215233
2016-09-06,404.6499938964844,404.8500061035156,395.04998779296875,397.25,364.1288757324219,132869
2016-09-07,401.1499938964844,405.0,397.0,399.8500061035156,366.5120849609375,150872
2016-09-08,400.0,400.0,392.25,394.45001220703125,361.5623779296875,91055
2016-09-09,396.0,410.8999938964844,391.20001220703125,403.1000061035156,369.4911804199219,336828
2016-09-12,399.04998779296875,408.79998779296875,393.0,405.0,371.2327880859375,604245
2016-09-14,407.5,415.8999938964844,407.0,411.0,376.73248291015625,772621
2016-09-15,413.0,414.5,404.0,405.70001220703125,371.87445068359375,185854
2016-09-16,408.0,413.04998779296875,397.79998779296875,408.6000061035156,374.5326232910156,369595
2016-09-19,410.8999938964844,414.79998779296875,408.54998779296875,411.20001220703125,376.91583251953125,179492
2016-09-20,414.79998779296875,415.0,406.0,407.6499938964844,373.66180419921875,197692
2016-09-21,410.1499938964844,411.95001220703125,408.0,410.0,375.8158874511719,85985
2016-09-22,412.0,414.95001220703125,411.04998779296875,412.3500061035156,377.96990966796875,230894
2016-09-23,412.8999938964844,442.04998779296875,411.1000061035156,431.3500061035156,395.3858337402344,1121747
2016-09-26,431.8500061035156,449.45001220703125,429.79998779296875,440.8999938964844,404.1394958496094,855259
2016-09-27,441.79998779296875,447.0,432.75,440.3999938964844,403.68121337890625,286183
2016-09-28,440.20001220703125,444.75,432.1499938964844,439.04998779296875,402.4437561035156,339553
2016-09-29,438.0,441.25,401.04998779296875,412.6000061035156,378.1990966796875,308220
2016-09-30,414.8999938964844,437.54998779296875,405.0,418.95001220703125,384.0196533203125,302092
2016-10-03,424.8999938964844,434.6499938964844,423.0,426.3500061035156,390.8026428222656,182722
2016-10-04,426.45001220703125,430.54998779296875,424.0,426.0,390.48187255859375,117619
2016-10-05,429.20001220703125,429.20001220703125,422.1499938964844,425.1499938964844,389.70269775390625,140081
2016-10-06,427.0,428.5,417.25,420.75,385.6695861816406,135617
2016-10-07,422.3500061035156,422.6000061035156,404.6000061035156,408.25,374.2118225097656,194453
2016-10-10,410.0,418.6499938964844,405.1499938964844,415.5,380.85723876953125,123819
2016-10-13,415.5,425.0,410.3999938964844,421.6000061035156,386.44873046875,343877
2016-10-14,425.1499938964844,444.8999938964844,425.1499938964844,440.29998779296875,403.5895690917969,872561
2016-10-17,450.0,450.5,409.1499938964844,411.29998779296875,377.00750732421875,1095954
2016-10-18,414.0,419.5,406.0,415.95001220703125,381.269775390625,470202
2016-10-19,419.3999938964844,431.8500061035156,416.3999938964844,426.45001220703125,390.89434814453125,524596
2016-10-20,429.0,431.3500061035156,420.20001220703125,423.20001220703125,387.9153137207031,181413
2016-10-21,424.95001220703125,431.25,421.79998779296875,428.25,392.544189453125,177029
2016-10-24,433.5,436.20001220703125,426.0,428.04998779296875,392.3609313964844,339719
2016-10-25,429.0,431.6000061035156,417.5,423.54998779296875,388.2360534667969,158955
2016-10-26,423.0,425.70001220703125,418.5,423.1499938964844,387.8694152832031,128412
2016-10-27,420.0,423.1000061035156,405.0,408.79998779296875,374.71588134765625,168396
2016-10-28,413.8999938964844,413.8999938964844,406.0,406.8500061035156,372.9284362792969,166232
2016-11-01,387.0,409.25,387.0,404.3999938964844,370.68280029296875,178458
2016-11-02,402.0,410.8999938964844,393.0,405.79998779296875,371.9660339355469,319979
2016-11-03,409.70001220703125,411.25,389.95001220703125,395.75,362.75396728515625,269057
2016-11-04,396.54998779296875,413.25,389.95001220703125,403.0,369.39947509765625,452963
2016-11-07,407.8999938964844,411.0,401.0,404.8999938964844,371.1410217285156,112440
2016-11-08,404.8999938964844,414.8999938964844,404.8999938964844,407.25,373.2951354980469,166815
2016-11-09,380.0,407.8500061035156,366.54998779296875,403.95001220703125,370.2702941894531,346365
2016-11-10,410.0,412.8999938964844,403.29998779296875,407.04998779296875,373.11175537109375,143559
2016-11-11,397.1000061035156,407.0,395.0,396.1000061035156,363.0748291015625,216899
2016-11-15,400.0,402.95001220703125,388.0,399.25,365.9621276855469,200695
2016-11-16,404.95001220703125,404.95001220703125,392.25,400.45001220703125,367.0621337890625,234490
2016-11-17,401.0,407.8999938964844,398.0,402.25,368.7120056152344,170115
2016-11-18,400.04998779296875,407.3999938964844,398.54998779296875,401.5,368.0245361328125,173681
2016-11-21,402.04998779296875,406.0,391.8999938964844,399.0,365.7330017089844,148075
2016-11-22,401.6499938964844,403.0,396.6499938964844,400.54998779296875,367.1537170410156,336802
2016-11-23,401.8999938964844,405.1000061035156,398.1499938964844,399.79998779296875,366.4662780761719,142152
2016-11-24,400.0,407.8500061035156,396.45001220703125,400.1000061035156,366.74127197265625,268688
2016-11-25,402.0,424.5,401.5,417.3999938964844,382.598876953125,469448
2016-11-28,422.70001220703125,430.0,420.04998779296875,422.54998779296875,387.3194885253906,232404
2016-11-29,424.0,428.8999938964844,423.20001220703125,426.0,390.48187255859375,198683
2016-11-30,427.04998779296875,428.79998779296875,424.04998779296875,425.20001220703125,389.7485656738281,172392
2016-12-01,425.95001220703125,428.75,424.95001220703125,425.20001220703125,389.7485656738281,159640
2016-12-02,420.20001220703125,427.95001220703125,419.29998779296875,423.25,387.96112060546875,99846
2016-12-05,420.1000061035156,423.0,410.0,420.25,385.2112121582031,144222
2016-12-06,420.79998779296875,429.0,417.0,425.54998779296875,390.0693359375,169173
2016-12-07,425.0,427.0,420.04998779296875,424.54998779296875,389.1527404785156,76344
2016-12-08,424.54998779296875,434.8999938964844,424.54998779296875,427.6499938964844,391.9942932128906,206243
2016-12-09,428.5,441.0,426.29998779296875,437.8999938964844,401.38970947265625,288375
2016-12-12,438.5,439.0,426.79998779296875,428.6499938964844,392.910888671875,106938
2016-12-13,432.0,433.8999938964844,425.6000061035156,430.95001220703125,395.0191345214844,159613
2016-12-14,427.1499938964844,438.20001220703125,423.1499938964844,425.25,389.79437255859375,155704
2016-12-15,424.0,431.95001220703125,423.3500061035156,427.54998779296875,391.902587890625,103118
2016-12-16,425.04998779296875,429.95001220703125,424.0,427.1000061035156,391.4901123046875,101069
2016-12-19,427.5,428.0,421.29998779296875,423.3999938964844,388.0986633300781,51428
2016-12-20,423.5,432.0,423.3999938964844,428.8500061035156,393.0942077636719,98560
2016-12-21,431.0,440.70001220703125,426.45001220703125,433.1499938964844,397.0357360839844,294184
2016-12-22,433.95001220703125,437.5,426.5,432.75,396.6690368652344,181661
2016-12-23,432.5,433.29998779296875,427.8500061035156,429.8999938964844,394.0567626953125,321306
2016-12-26,426.5,429.04998779296875,407.5,410.45001220703125,376.2283630371094,158525
2016-12-27,411.0,429.0,402.0,423.75,388.41943359375,321157
2016-12-28,424.0,428.1499938964844,421.29998779296875,424.95001220703125,389.51934814453125,129911
2016-12-29,425.5,432.54998779296875,421.5,424.1499938964844,388.78607177734375,382329
2016-12-30,424.5,432.0,417.8999938964844,424.70001220703125,389.2902526855469,371944
2017-01-02,425.25,433.3999938964844,425.1499938964844,426.3500061035156,390.8026428222656,114965
2017-01-03,428.5,435.0,416.5,430.8999938964844,394.9732971191406,208773
2017-01-04,427.04998779296875,444.5,427.04998779296875,436.8500061035156,400.4272155761719,358680
2017-01-05,438.04998779296875,447.5,428.3999938964844,430.54998779296875,394.6524353027344,445785
2017-01-06,430.0,432.25,420.04998779296875,422.6499938964844,387.4111633300781,158291
2017-01-09,427.0,433.6499938964844,421.0,430.20001220703125,394.3316650390625,218047
2017-01-10,429.0,437.0,425.20001220703125,431.04998779296875,395.11077880859375,221716
2017-01-11,431.5,435.6000061035156,427.70001220703125,429.6000061035156,393.7817077636719,108532
2017-01-12,430.54998779296875,437.8999938964844,427.0,429.8999938964844,394.0567626953125,189224
2017-01-13,431.25,435.79998779296875,421.1000061035156,425.3999938964844,389.9319152832031,139196
2017-01-16,426.75,429.8500061035156,420.0,426.29998779296875,390.7568359375,119327
2017-01-17,427.0,434.0,406.79998779296875,415.6499938964844,380.9947814941406,1512766
2017-01-18,420.0,436.45001220703125,415.04998779296875,433.8500061035156,397.6772766113281,757075
2017-01-19,434.5,442.25,431.0,440.45001220703125,403.7271423339844,320573
2017-01-20,440.5,452.95001220703125,434.3999938964844,443.54998779296875,406.5685729980469,500343
2017-01-23,444.1000061035156,448.8500061035156,435.0,442.0,405.1477966308594,231974
2017-01-24,442.54998779296875,447.54998779296875,429.0,434.3500061035156,398.13568115234375,331331
2017-01-25,439.29998779296875,440.5,430.6000061035156,436.1499938964844,399.7855224609375,232997
2017-01-27,435.0,435.0,427.25,428.3500061035156,392.63592529296875,212632
2017-01-30,428.1000061035156,432.79998779296875,421.25,423.1000061035156,387.8236389160156,125315
2017-01-31,421.3999938964844,422.0,407.5,410.1000061035156,375.9075012207031,196404
2017-02-01,410.0,414.0,400.75,408.6499938964844,374.578369140625,160893
2017-02-02,410.5,421.04998779296875,408.29998779296875,417.0,382.2322082519531,199603
2017-02-03,419.04998779296875,429.54998779296875,414.04998779296875,423.75,388.41943359375,200721
2017-02-06,428.0,430.1000061035156,421.04998779296875,423.3999938964844,388.0986633300781,144273
2017-02-07,427.5,428.3500061035156,417.20001220703125,422.04998779296875,386.8612060546875,139594
2017-02-08,422.0,431.0,419.0,428.5,392.7734069824219,183220
2017-02-09,429.0,430.5,418.25,423.45001220703125,388.1444091796875,204329
2017-02-10,424.25,428.0,420.04998779296875,424.75,389.3360595703125,222596
2017-02-13,426.0,429.8999938964844,420.0,427.79998779296875,392.1317443847656,161477
2017-02-14,429.95001220703125,429.95001220703125,425.0,426.95001220703125,391.35260009765625,130208
2017-02-15,428.0,429.0,415.0,418.1499938964844,383.28631591796875,191136
2017-02-16,418.0,426.79998779296875,416.04998779296875,423.70001220703125,388.3736572265625,264910
2017-02-17,426.5,428.0,422.1000061035156,425.04998779296875,389.6110534667969,152923
2017-02-20,425.0,425.0,421.20001220703125,423.54998779296875,388.2360534667969,80393
2017-02-21,425.1000061035156,425.95001220703125,417.1000061035156,418.95001220703125,384.0196533203125,286667
2017-02-22,419.75,423.5,413.29998779296875,417.70001220703125,382.8738098144531,192430
2017-02-23,417.70001220703125,424.95001220703125,416.75,422.8999938964844,387.6402587890625,189338
2017-02-27,421.6499938964844,423.20001220703125,414.29998779296875,416.25,381.5447692871094,97434
2017-02-28,417.0,421.0,415.1000061035156,416.20001220703125,381.49896240234375,138128
2017-03-01,418.0,420.79998779296875,414.79998779296875,416.8999938964844,382.14056396484375,158649
2017-03-02,417.0,419.54998779296875,407.0,408.6000061035156,374.5326232910156,152285
2017-03-03,406.79998779296875,418.8500061035156,404.25,416.95001220703125,382.1864318847656,161399
2017-03-06,418.0,419.95001220703125,414.1499938964844,416.8999938964844,382.14056396484375,86422
2017-03-07,416.8999938964844,422.6000061035156,405.54998779296875,418.6000061035156,383.6988220214844,110202
2017-03-08,417.3999938964844,420.3500061035156,414.8500061035156,417.6000061035156,382.7822570800781,140522
2017-03-09,416.20001220703125,423.0,416.20001220703125,418.54998779296875,383.6529541015625,109156
2017-03-10,418.1000061035156,421.5,414.6000061035156,417.54998779296875,382.7363586425781,83616
2017-03-14,419.6499938964844,425.0,416.0,423.0,387.73193359375,118699
2017-03-15,423.0,423.0,415.25,417.20001220703125,382.4155578613281,111092
2017-03-16,420.0,424.0,415.5,416.5,381.77392578125,288672
2017-03-17,417.20001220703125,428.1000061035156,417.20001220703125,424.70001220703125,389.2902526855469,250024
2017-03-20,425.25,428.70001220703125,418.20001220703125,421.79998779296875,386.6320495605469,184481
2017-03-21,422.29998779296875,426.79998779296875,416.1000061035156,417.5,382.6905517578125,171051
2017-03-22,415.3999938964844,421.0,408.04998779296875,409.3999938964844,375.265869140625,156350
2017-03-23,412.0,415.5,411.0,412.8500061035156,378.42822265625,124850
2017-03-24,412.8500061035156,424.95001220703125,412.6000061035156,423.29998779296875,388.00689697265625,330374
2017-03-27,423.1499938964844,428.75,420.1000061035156,425.1000061035156,389.6569519042969,197105
2017-03-28,426.45001220703125,428.8999938964844,420.5,425.0,389.5651550292969,142751
2017-03-29,425.54998779296875,428.1000061035156,423.0,425.54998779296875,390.0693359375,129001
2017-03-30,426.1000061035156,427.5,415.1499938964844,420.04998779296875,385.0279235839844,450996
2017-03-31,420.6000061035156,437.79998779296875,417.0,435.6000061035156,399.28143310546875,385791
2017-04-03,436.1499938964844,437.79998779296875,430.54998779296875,434.95001220703125,398.6856384277344,189488
2017-04-05,437.3999938964844,439.6499938964844,431.25,433.1499938964844,397.0357360839844,146498
2017-04-06,433.1499938964844,436.29998779296875,422.29998779296875,423.95001220703125,388.602783203125,151111
2017-04-07,424.45001220703125,444.0,423.0,442.79998779296875,405.881103515625,459604
2017-04-10,444.70001220703125,446.70001220703125,427.5,428.95001220703125,393.1858825683594,314036
2017-04-11,430.0,434.0,425.0,426.45001220703125,390.89434814453125,302729
2017-04-12,427.5,432.29998779296875,422.1499938964844,426.6000061035156,391.0318298339844,189257
2017-04-13,426.6000061035156,434.1000061035156,425.25,426.29998779296875,390.7568359375,217695
2017-04-17,426.29998779296875,433.8500061035156,423.75,431.3500061035156,395.3858337402344,212728
2017-04-18,433.8500061035156,443.5,424.45001220703125,430.25,394.37750244140625,356244
2017-04-19,428.3999938964844,434.45001220703125,420.6499938964844,422.04998779296875,386.8612060546875,171598
2017-04-20,424.79998779296875,427.6499938964844,419.25,426.25,390.7110290527344,166552
2017-04-21,430.0,433.95001220703125,421.1000061035156,424.54998779296875,389.1527404785156,175153
2017-04-24,428.8999938964844,430.95001220703125,420.45001220703125,429.1000061035156,393.3233642578125,182998
2017-04-25,429.1499938964844,439.95001220703125,424.70001220703125,436.45001220703125,400.0605163574219,262594
2017-04-26,431.54998779296875,474.0,431.54998779296875,458.54998779296875,420.3179626464844,1568950
2017-04-27,460.0,468.0,443.29998779296875,463.1000061035156,424.48858642578125,501930
2017-04-28,464.25,470.3999938964844,455.0,458.8500061035156,420.59295654296875,278202
2017-05-02,460.0,471.29998779296875,457.0,463.20001220703125,424.5802917480469,293006
2017-05-03,463.0,478.3500061035156,462.95001220703125,470.6000061035156,431.36334228515625,503030
2017-05-04,474.95001220703125,482.5,466.5,478.95001220703125,439.01708984375,293882
2017-05-05,480.70001220703125,482.8500061035156,464.04998779296875,471.54998779296875,432.23406982421875,381853
2017-05-08,489.8999938964844,506.5,475.1000061035156,489.04998779296875,448.2749938964844,1550551
2017-05-09,490.0,498.95001220703125,485.45001220703125,496.45001220703125,455.0580139160156,536918
2017-05-10,496.70001220703125,531.0499877929688,492.20001220703125,527.2999877929688,483.3359069824219,973773
2017-05-11,525.0,531.0,507.0,509.75,467.2491149902344,464255
2017-05-12,510.0,532.5,508.29998779296875,527.4000244140625,483.42755126953125,1004226
2017-05-15,531.0,533.5999755859375,517.6500244140625,522.7000122070312,479.1194152832031,271979
2017-05-16,523.0,544.75,523.0,529.1500244140625,485.0316162109375,663692
2017-05-17,529.0,532.0,518.9000244140625,523.0499877929688,479.440185546875,446369
2017-05-18,517.75,533.5,511.0,513.5,470.6864318847656,544886
2017-05-19,518.0,522.0,493.0,499.54998779296875,457.89947509765625,364678
2017-05-22,507.79998779296875,508.70001220703125,483.8999938964844,487.1499938964844,446.53338623046875,460884
2017-05-23,489.0,497.0,475.0,490.95001220703125,450.0166015625,546477
2017-05-24,494.0,494.3999938964844,477.6499938964844,481.8999938964844,441.7211608886719,318536
2017-05-25,482.20001220703125,495.0,481.1499938964844,492.3500061035156,451.29986572265625,350732
2017-05-26,495.0,503.0,492.1000061035156,500.25,458.5412292480469,308238
2017-05-29,501.0,519.5,490.1000061035156,514.7999877929688,471.8780517578125,356864
2017-05-30,515.2000122070312,527.4000244140625,506.8999938964844,524.0999755859375,480.4027099609375,289727
2017-05-31,521.0999755859375,526.2000122070312,515.5499877929688,522.5499877929688,478.9819030761719,322371
2017-06-01,518.0,548.0,515.2999877929688,536.7999877929688,492.04376220703125,501233
2017-06-02,536.0,545.0,532.0999755859375,540.5499877929688,495.48114013671875,258692
2017-06-05,541.0499877929688,565.0,541.0499877929688,555.9500122070312,509.5971374511719,408970
2017-06-06,558.0,577.9000244140625,545.7000122070312,548.6500244140625,502.9058532714844,791737
2017-06-07,550.0,564.0,528.8499755859375,535.5999755859375,490.9437561035156,579042
2017-06-08,535.8499755859375,570.0,534.0,564.9000244140625,517.8009643554688,881054
2017-06-09,566.0,575.0,560.4000244140625,573.5,525.6840209960938,624254
2017-06-12,570.0,570.0,548.5,555.4000244140625,509.0930480957031,251364
2017-06-13,555.4000244140625,570.7000122070312,550.7999877929688,553.0999755859375,506.9847717285156,263218
2017-06-14,552.0,571.0,552.0,565.7000122070312,518.5342407226562,467919
2017-06-15,570.4000244140625,570.4000244140625,555.0499877929688,566.2999877929688,519.0842895507812,265862
2017-06-16,570.0,586.7999877929688,565.1500244140625,568.3499755859375,520.9631958007812,669256
2017-06-19,568.0,584.0,566.5,570.7999877929688,523.208984375,265541
2017-06-20,575.0,594.8499755859375,571.5,576.5999755859375,528.5254516601562,935497
2017-06-21,572.0,585.75,572.0,581.3499755859375,532.87939453125,535558
2017-06-22,581.0,586.0,568.7999877929688,572.9000244140625,525.1339111328125,347700
2017-06-23,570.5,575.2000122070312,553.0999755859375,563.5999755859375,516.6091918945312,221430
2017-06-27,563.4500122070312,568.25,552.1500244140625,558.5499877929688,511.980224609375,254127
2017-06-28,562.0,598.0,550.5499877929688,577.2999877929688,529.1669921875,1127415
2017-06-29,574.0,589.7999877929688,569.5,572.0999755859375,524.4005737304688,764985
2017-06-30,573.9500122070312,579.7000122070312,565.1500244140625,577.4500122070312,529.3046875,360077
2017-07-03,577.0,581.0,562.0,565.5499877929688,518.396728515625,269215
2017-07-04,565.0,572.5,563.1500244140625,565.2000122070312,518.0759887695312,299852
2017-07-05,567.4000244140625,570.0,562.4000244140625,567.7000122070312,520.367431640625,160008
2017-07-06,569.9000244140625,569.9000244140625,554.0,555.6500244140625,509.32220458984375,229685
2017-07-07,554.9500122070312,564.0999755859375,551.1500244140625,557.25,510.788818359375,324043
2017-07-10,560.5,568.9000244140625,550.1500244140625,565.9000244140625,518.7177124023438,85727
2017-07-11,567.4500122070312,601.0,567.4500122070312,588.7000122070312,539.6167602539062,1552728
2017-07-12,586.0,593.7999877929688,576.25,578.7000122070312,530.4503784179688,528382
2017-07-13,582.5,591.5,568.2000122070312,571.0,523.3923950195312,810927
2017-07-14,569.0,581.7999877929688,560.4500122070312,562.9000244140625,515.9675903320312,456242
2017-07-17,567.0,568.0,550.7999877929688,554.4000244140625,508.1763916015625,378961
2017-07-18,554.0,558.5,545.2000122070312,548.3499755859375,502.6307067871094,421616
2017-07-19,549.5,559.3499755859375,546.0499877929688,550.0499877929688,504.1890563964844,352218
2017-07-20,554.5,557.4500122070312,532.7000122070312,545.2999877929688,499.8350830078125,1200149
2017-07-21,549.0,554.9500122070312,540.2999877929688,543.6500244140625,498.3226623535156,399680
2017-07-24,543.0,546.2000122070312,534.0999755859375,537.0499877929688,492.27288818359375,400719
2017-07-25,537.6500244140625,539.9500122070312,527.0,528.7000122070312,484.619140625,375256
2017-07-26,528.7000122070312,534.0,521.0,521.9500122070312,478.431884765625,277736
2017-07-27,520.0,530.75,519.2000122070312,524.1500244140625,480.44854736328125,358518
2017-07-28,525.0,526.9500122070312,515.5999755859375,517.9000244140625,474.71966552734375,226743
2017-07-31,524.0,524.0,510.0,515.5,472.519775390625,319095
2017-08-01,515.9000244140625,520.0,503.04998779296875,505.6499938964844,463.4908752441406,405903
2017-08-02,508.79998779296875,516.5499877929688,504.45001220703125,510.6000061035156,468.0282897949219,678588
2017-08-03,512.0,512.7999877929688,498.25,502.04998779296875,460.1910400390625,349679
2017-08-04,500.20001220703125,506.3999938964844,496.79998779296875,502.79998779296875,460.8785400390625,270064
2017-08-07,502.79998779296875,507.1499938964844,495.0,499.6000061035156,457.9454040527344,278026
2017-08-08,500.0,504.54998779296875,486.6000061035156,489.20001220703125,448.4124755859375,243121
2017-08-09,489.29998779296875,502.0,480.0,482.45001220703125,442.2252502441406,365134
2017-08-10,480.0,489.29998779296875,462.70001220703125,475.3500061035156,435.7172546386719,355151
2017-08-11,465.0,493.8500061035156,462.6000061035156,479.6000061035156,439.6128845214844,412974
2017-08-14,484.54998779296875,489.95001220703125,477.3999938964844,485.70001220703125,445.2043151855469,108169
2017-08-16,485.70001220703125,498.5,485.70001220703125,490.8500061035156,449.92486572265625,295394
2017-08-17,494.95001220703125,503.8999938964844,493.29998779296875,499.1000061035156,457.4870910644531,630944
2017-08-18,498.0,501.6000061035156,490.6499938964844,496.6499938964844,455.2413330078125,218393
2017-08-21,495.04998779296875,499.6499938964844,480.20001220703125,483.54998779296875,443.2334899902344,95434
2017-08-22,484.75,489.0,476.3999938964844,484.20001220703125,443.829345703125,350541
2017-08-23,486.0,501.6000061035156,486.0,495.95001220703125,454.5997314453125,266265
2017-08-24,495.95001220703125,505.0,492.5,497.1000061035156,455.65380859375,353816
2017-08-28,498.8500061035156,501.6499938964844,485.1000061035156,495.1000061035156,453.820556640625,578555
2017-08-29,492.8500061035156,500.0,489.95001220703125,498.25,456.7079772949219,248883
2017-08-30,504.70001220703125,509.0,496.3500061035156,502.25,460.3744812011719,326487
2017-08-31,506.8999938964844,508.79998779296875,492.1000061035156,498.54998779296875,456.98291015625,382955
2017-09-01,501.0,514.4000244140625,496.29998779296875,513.25,470.457275390625,364237
2017-09-04,518.9000244140625,520.25,507.95001220703125,510.3999938964844,467.8449401855469,207130
2017-09-05,512.0,519.9500122070312,506.6499938964844,514.8499755859375,471.9237976074219,335426
2017-09-06,515.0,515.5,509.04998779296875,512.3499755859375,469.63232421875,118633
2017-09-07,517.0,517.0,502.25,505.54998779296875,463.39935302734375,299214
2017-09-08,508.0,508.3999938964844,493.1499938964844,495.3500061035156,454.04974365234375,437652
2017-09-11,499.8999938964844,501.8999938964844,490.79998779296875,498.70001220703125,457.1203918457031,327104
2017-09-12,500.0,507.8999938964844,499.45001220703125,504.95001220703125,462.84930419921875,219576
2017-09-13,508.6499938964844,509.29998779296875,499.20001220703125,500.70001220703125,458.9537048339844,232185
2017-09-14,487.95001220703125,497.1499938964844,486.20001220703125,494.70001220703125,465.06427001953125,299335
2017-09-15,494.45001220703125,504.1499938964844,490.29998779296875,499.6000061035156,469.6707458496094,349265
2017-09-18,499.8999938964844,506.95001220703125,499.5,502.29998779296875,472.20892333984375,218863
2017-09-19,502.29998779296875,508.70001220703125,497.8500061035156,506.25,475.92236328125,275379
2017-09-20,510.0,534.2000122070312,507.04998779296875,532.4500122070312,500.5528259277344,853040
2017-09-21,537.0,541.2000122070312,521.0,538.75,506.4754333496094,562497
2017-09-22,538.75,544.0,510.04998779296875,519.4000244140625,488.2846374511719,549192
2017-09-25,521.0,522.9500122070312,498.04998779296875,505.04998779296875,474.794189453125,297297
2017-09-26,502.1000061035156,530.0,500.1000061035156,514.25,483.4430847167969,333505
2017-09-27,515.1500244140625,540.7000122070312,515.1500244140625,524.4000244140625,492.98504638671875,941728
2017-09-28,524.0,568.1500244140625,519.0499877929688,547.8499755859375,515.0301513671875,1191922
2017-09-29,547.8499755859375,554.7000122070312,537.0,542.5499877929688,510.04779052734375,363013
2017-10-03,542.5,560.0,539.4500122070312,549.9000244140625,516.9573364257812,451197
2017-10-04,550.0,558.0499877929688,542.0499877929688,547.2000122070312,514.4192504882812,238709
2017-10-05,551.1500244140625,567.0,544.5,562.1500244140625,528.4736938476562,363851
2017-10-06,561.6500244140625,569.0,558.9500122070312,565.5999755859375,531.7169799804688,207705
2017-10-09,563.0,572.0,560.0,568.3499755859375,534.3020629882812,128825
2017-10-10,564.0999755859375,607.25,561.3499755859375,604.4500122070312,568.2395629882812,823642
2017-10-11,604.0999755859375,618.1500244140625,588.5499877929688,593.7000122070312,558.1334228515625,975374
2017-10-12,597.4000244140625,623.0,593.7000122070312,612.75,576.0422973632812,1064146
2017-10-13,613.0,630.7999877929688,613.0,623.4500122070312,586.101318359375,1685310
2017-10-16,626.0,631.8499755859375,619.2000122070312,625.7999877929688,588.310546875,613894
2017-10-17,626.5999755859375,643.2000122070312,623.1500244140625,633.5499877929688,595.5962524414062,618425
2017-10-18,637.0999755859375,646.2999877929688,608.75,613.5999755859375,576.8413696289062,2324491
2017-10-19,616.5499877929688,619.9000244140625,610.0,611.8499755859375,575.1961669921875,106899
2017-10-23,612.8499755859375,622.0,608.1500244140625,612.3499755859375,575.6661376953125,489875
2017-10-24,618.0,620.0,603.0999755859375,608.2999877929688,571.8588256835938,282450
2017-10-25,608.2999877929688,622.0,608.2999877929688,612.7999877929688,576.08935546875,441126
2017-10-26,613.0,618.0999755859375,605.0999755859375,609.0999755859375,572.6109619140625,489910
2017-10-27,614.0,647.4500122070312,605.2000122070312,641.2000122070312,602.7880249023438,706079
2017-10-30,645.0,652.7000122070312,637.7000122070312,642.2999877929688,603.8219604492188,277061
2017-10-31,640.0,696.9000244140625,640.0,676.9500122070312,636.3963623046875,1869013
2017-11-01,661.0,675.8499755859375,652.1500244140625,654.0999755859375,614.9151000976562,517691
2017-11-02,660.0,666.0,635.0,642.75,604.2451171875,515707
2017-11-03,648.0,657.9500122070312,644.0,648.8499755859375,609.9796142578125,241138
2017-11-06,649.9000244140625,662.5,632.0,635.9000244140625,597.8055419921875,251796
2017-11-07,640.0,655.4500122070312,627.2000122070312,639.25,600.9546508789062,451524
2017-11-08,634.0,660.4000244140625,632.5999755859375,642.5999755859375,604.1040649414062,358243
2017-11-09,646.2999877929688,679.9000244140625,645.2999877929688,660.0499877929688,620.5086669921875,1106089
2017-11-10,660.9000244140625,660.9000244140625,621.25,625.2000122070312,587.74658203125,373754
2017-11-13,630.7000122070312,637.9000244140625,625.5,635.2000122070312,597.1473999023438,240138
2017-11-14,645.0,657.0,639.9500122070312,650.5499877929688,611.5778198242188,757574
2017-11-15,653.9500122070312,653.9500122070312,619.5999755859375,631.5,593.6690673828125,314568
2017-11-16,635.0,643.0499877929688,633.0,637.7000122070312,599.4976196289062,224066
2017-11-17,647.0,647.0,637.75,642.2000122070312,603.72802734375,331845
2017-11-20,644.0,649.4000244140625,638.6500244140625,641.9000244140625,603.446044921875,178029
2017-11-21,644.5499877929688,644.9000244140625,631.0,637.1500244140625,598.9806518554688,162814
2017-11-22,639.0499877929688,648.2999877929688,629.0999755859375,639.7999877929688,601.4718017578125,261980
2017-11-23,645.0999755859375,662.9500122070312,641.0,656.0499877929688,616.748291015625,471020
2017-11-24,663.0,668.0,654.0,658.9500122070312,619.4746704101562,355474
2017-11-27,663.9000244140625,663.9000244140625,635.0,640.0499877929688,601.7069091796875,421324
2017-11-28,640.0,648.25,632.9500122070312,639.0499877929688,600.7667846679688,318763
2017-11-29,645.9500122070312,645.9500122070312,630.3499755859375,632.5999755859375,594.703125,195735
2017-11-30,640.0,644.7999877929688,632.0999755859375,639.0,600.7197265625,655715
2017-12-01,637.7999877929688,647.3499755859375,627.1500244140625,631.3499755859375,593.5280151367188,213895
2017-12-04,630.0,643.7999877929688,608.5499877929688,623.7000122070312,586.336181640625,338335
2017-12-05,623.7000122070312,642.8499755859375,617.5,638.3499755859375,600.108642578125,233583
2017-12-06,637.5,650.8499755859375,631.2000122070312,634.3499755859375,596.3483276367188,508579
2017-12-07,635.4000244140625,639.0999755859375,621.3499755859375,628.4000244140625,590.7548217773438,299403
2017-12-08,634.0,639.4500122070312,626.3499755859375,630.5,592.72900390625,186091
2017-12-11,627.2000122070312,645.0,627.2000122070312,642.7000122070312,604.1981201171875,215827
2017-12-12,645.0,652.0,628.0,631.0999755859375,593.2929077148438,481636
2017-12-13,637.0,637.5,610.0499877929688,613.25,576.5123901367188,311832
2017-12-14,620.7999877929688,624.25,608.5499877929688,618.0999755859375,581.0718383789062,423302
2017-12-15,621.0,627.6500244140625,611.75,613.9000244140625,577.1234130859375,161072
2017-12-18,615.0,621.8499755859375,603.6500244140625,617.2999877929688,580.31982421875,266562
2017-12-19,615.2000122070312,630.0,615.2000122070312,622.2999877929688,585.0201416015625,428526
2017-12-20,625.0,644.0,623.3499755859375,639.9000244140625,601.5659790039062,342907
2017-12-21,646.5,652.9000244140625,639.3499755859375,650.25,611.2958374023438,316559
2017-12-22,645.25,655.0,640.5499877929688,644.0499877929688,605.4671630859375,201042
2017-12-26,645.0499877929688,648.2000122070312,629.5,635.7000122070312,597.6175537109375,208504
2017-12-27,634.75,646.7000122070312,634.2999877929688,640.2000122070312,601.847900390625,219847
2017-12-28,639.7999877929688,661.0,638.0499877929688,649.5499877929688,610.6376342773438,539622
2017-12-29,649.9000244140625,657.0,641.5499877929688,645.0499877929688,606.4072265625,426993
2018-01-01,646.0,663.0,638.2000122070312,653.7999877929688,614.6331176757812,213259
2018-01-02,662.7000122070312,662.7000122070312,637.7999877929688,642.5499877929688,604.0570678710938,395374
2018-01-03,642.0,658.3499755859375,641.1500244140625,645.9500122070312,607.2533569335938,310252
2018-01-04,649.7000122070312,655.75,642.5499877929688,653.1500244140625,614.0220947265625,276774
2018-01-05,655.0,672.0,651.8499755859375,669.5,629.3926391601562,424659
2018-01-08,674.0,705.9000244140625,672.0499877929688,704.0499877929688,661.8727416992188,909477
2018-01-09,710.0,710.1500244140625,687.0,689.9000244140625,648.570556640625,360240
2018-01-10,690.9000244140625,723.5,679.0499877929688,719.1500244140625,676.0682373046875,1190113
2018-01-11,724.9500122070312,735.0,714.4000244140625,717.6500244140625,674.658203125,1015367
2018-01-12,714.0,719.75,696.75,701.2999877929688,659.28759765625,377909
2018-01-15,704.0,711.5499877929688,697.6500244140625,700.8499755859375,658.8644409179688,232398
2018-01-16,707.0,731.9500122070312,694.8499755859375,708.8499755859375,666.3851928710938,964464
2018-01-17,704.7000122070312,715.7000122070312,700.0999755859375,706.0499877929688,663.7529907226562,759232
2018-01-18,706.8499755859375,719.9500122070312,685.6500244140625,693.2000122070312,651.6727294921875,509696
2018-01-19,694.9000244140625,734.25,682.8499755859375,728.0499877929688,684.4351196289062,2243894
2018-01-22,730.0,770.2999877929688,723.4000244140625,765.75,719.8765869140625,2368114
2018-01-23,765.7000122070312,791.75,747.0999755859375,783.75,736.79833984375,1132377
2018-01-24,770.0,871.2000122070312,770.0,861.9000244140625,810.2665405273438,3864468
2018-01-25,850.5499877929688,928.75,842.0,914.0999755859375,859.3394165039062,4662431
2018-01-29,905.2999877929688,912.5,859.0999755859375,866.3499755859375,814.4500122070312,2826891
2018-01-30,859.0,882.0,852.5999755859375,858.75,807.3053588867188,1614009
2018-01-31,848.0999755859375,868.0,846.75,856.1500244140625,804.8611450195312,1069232
2018-02-01,846.2000122070312,862.7000122070312,831.6500244140625,835.0999755859375,785.072021484375,734446
2018-02-02,835.0,853.7999877929688,751.5999755859375,790.0,742.6739501953125,1573258
2018-02-05,788.0,833.0499877929688,764.3499755859375,826.75,777.2222900390625,1065954
2018-02-06,787.0,834.75,775.0,830.7000122070312,780.9356689453125,1086438
2018-02-07,821.0,852.2000122070312,821.0,838.0499877929688,787.8453979492188,1250383
2018-02-08,837.0,854.7999877929688,821.8499755859375,827.8499755859375,778.2564086914062,960541
2018-02-09,803.0,835.9500122070312,803.0,829.9500122070312,780.2306518554688,515853
2018-02-12,840.9500122070312,845.0,826.5499877929688,829.0499877929688,779.3845825195312,439173
2018-02-14,829.0499877929688,852.7000122070312,823.4500122070312,830.4500122070312,780.70068359375,1047388
2018-02-15,831.0,847.0,812.5,825.5999755859375,776.1412353515625,824481
2018-02-16,834.0,844.2000122070312,815.25,820.2999877929688,771.1588134765625,1264192
2018-02-19,826.0,826.4500122070312,748.8499755859375,761.2999877929688,715.6932373046875,1203953
2018-02-20,761.0,772.4500122070312,735.0999755859375,758.2000122070312,712.7789916992188,1382534
2018-02-21,768.0,800.0,760.0,795.3499755859375,747.7034301757812,2022052
2018-02-22,802.0,827.3499755859375,798.0,822.5499877929688,773.2738647460938,2918528
2018-02-23,832.7999877929688,836.2000122070312,813.0999755859375,831.25,781.4527587890625,1198297
2018-02-26,835.3499755859375,848.6500244140625,821.0,830.2999877929688,780.5595703125,791733
2018-02-27,830.9000244140625,846.4000244140625,825.0,832.7999877929688,782.9100341796875,914441
2018-02-28,830.0499877929688,846.7000122070312,823.0,834.5,784.5081787109375,1181472
2018-03-01,835.9000244140625,874.9000244140625,833.7999877929688,871.4000244140625,819.1975708007812,2025848
2018-03-05,871.7999877929688,884.7999877929688,862.2999877929688,879.9500122070312,827.2352294921875,1785929
2018-03-06,880.0,886.0,856.0,859.3499755859375,807.8693237304688,561544
2018-03-07,858.0,888.5,853.9000244140625,878.7000122070312,826.0601806640625,1512502
2018-03-08,889.2000122070312,889.2000122070312,868.0999755859375,879.0499877929688,826.38916015625,752454
2018-03-09,878.0,887.0,872.0,879.25,826.5771484375,415572
2018-03-12,887.0,915.0,881.0,910.5999755859375,856.0491333007812,1576384
2018-03-13,916.0999755859375,926.9000244140625,900.0,903.5499877929688,849.4215087890625,1223149
2018-03-14,898.4000244140625,945.0,895.0,932.4500122070312,876.5902099609375,1081767
2018-03-15,943.0,1012.4500122070312,930.5499877929688,988.7999877929688,929.5643920898438,2872756
2018-03-16,970.0,973.8499755859375,923.25,927.1500244140625,871.6076049804688,2032160
2018-03-19,932.0,934.0999755859375,875.75,881.7999877929688,828.9744873046875,1899704
2018-03-20,869.6500244140625,924.0,860.5,918.0499877929688,863.0527954101562,3583752
2018-03-21,923.9500122070312,961.1500244140625,922.6500244140625,949.6500244140625,892.759765625,3004754
2018-03-22,945.5,953.3499755859375,925.3499755859375,932.5999755859375,876.731201171875,1814100
2018-03-23,904.0,923.5,885.5,893.7999877929688,840.255615234375,1934431
2018-03-26,889.9500122070312,910.5,862.2000122070312,901.5,847.4942016601562,2445494
2018-03-27,908.9000244140625,918.9000244140625,880.4500122070312,887.9000244140625,834.7091064453125,1343822
2018-03-28,888.0,891.9500122070312,862.2000122070312,865.0,813.1807861328125,2230197
2018-04-02,820.0,892.5,820.0,881.4000244140625,828.5984497070312,2246495
2018-04-03,880.8499755859375,892.3499755859375,872.0,883.25,830.3375854492188,946913
2018-04-04,890.0,895.7000122070312,862.0,866.2999877929688,814.4030151367188,1225145
2018-04-05,883.0,887.4500122070312,870.1500244140625,879.8499755859375,827.1412353515625,735585
2018-04-06,881.9000244140625,912.0,871.5499877929688,903.5,849.3745727539062,2186278
2018-04-09,908.0,908.0,881.0999755859375,883.4500122070312,830.5255737304688,691258
2018-04-10,883.9500122070312,896.4000244140625,875.5,885.8499755859375,832.7818603515625,881954
2018-04-11,888.0999755859375,903.9000244140625,882.2999877929688,891.0,837.6233520507812,1568638
2018-04-12,896.0,926.5,893.5999755859375,916.25,861.3607788085938,2463298
2018-04-13,925.0,927.0,904.0,915.2000122070312,860.3735961914062,1572907
2018-04-16,902.0999755859375,921.7000122070312,898.25,910.6500244140625,856.09619140625,769712
2018-04-17,913.9500122070312,937.0,910.8499755859375,935.0999755859375,879.0814208984375,2007449
2018-04-18,940.0,947.7000122070312,924.7000122070312,928.2000122070312,872.5947265625,1198909
2018-04-19,936.0,944.5,932.1500244140625,936.0999755859375,880.0215454101562,786655
2018-04-20,939.0,998.9000244140625,936.5,993.1500244140625,933.65380859375,3223034
2018-04-23,993.1500244140625,1088.550048828125,990.5999755859375,1035.699951171875,973.6547241210938,5462499
2018-04-24,1043.449951171875,1044.199951171875,990.0,996.2000122070312,936.521240234375,2830754
2018-04-25,990.0,1102.0,988.0,1087.5,1022.3516235351562,7003708
2018-04-26,1078.0,1174.0,1058.300048828125,1149.9000244140625,1081.0135498046875,9191392
2018-04-27,1168.9000244140625,1168.9000244140625,1107.0,1133.050048828125,1065.1729736328125,3245847
2018-04-30,1136.8499755859375,1192.0,1120.699951171875,1162.0999755859375,1092.48291015625,2289718
2018-05-02,1159.9000244140625,1162.1500244140625,1088.25,1098.800048828125,1032.974853515625,2496150
2018-05-03,1107.3499755859375,1134.800048828125,1040.0999755859375,1060.0999755859375,996.5932006835938,3535546
2018-05-04,1044.25,1076.699951171875,985.7999877929688,1028.199951171875,966.6041870117188,10436372
2018-05-07,1036.199951171875,1060.0,981.2999877929688,1028.0999755859375,966.5100708007812,3747349
2018-05-08,1037.4000244140625,1066.0,1025.0999755859375,1059.9000244140625,996.4051513671875,2668908
2018-05-09,1064.949951171875,1079.0,1050.949951171875,1059.1500244140625,995.7001342773438,2203556
2018-05-10,1064.699951171875,1073.699951171875,1032.25,1037.199951171875,975.0650024414062,1571299
2018-05-11,1045.0,1063.800048828125,1034.5,1059.0,995.5589599609375,1630451
2018-05-14,1060.199951171875,1075.4000244140625,1042.0,1069.550048828125,1005.4769287109375,1365710
2018-05-15,1070.0,1093.5,1048.449951171875,1056.3499755859375,993.0677490234375,1744667
2018-05-16,1059.800048828125,1092.0,1055.0,1076.8499755859375,1012.3395385742188,1679652
2018-05-17,1075.0,1089.4000244140625,1052.1500244140625,1056.800048828125,993.4909057617188,979975
2018-05-18,1063.4000244140625,1064.5,1023.0,1035.3499755859375,973.3257446289062,628275
2018-05-21,1045.0,1064.8499755859375,1042.5999755859375,1048.9000244140625,986.0641479492188,961155
2018-05-22,1049.0,1058.9000244140625,1024.199951171875,1048.9000244140625,986.0641479492188,782406
2018-05-23,1054.1500244140625,1088.9000244140625,1048.199951171875,1073.75,1009.4254150390625,1642843
2018-05-24,1085.0,1106.9000244140625,1075.0,1089.199951171875,1023.949951171875,1330986
2018-05-25,1094.6500244140625,1139.25,1090.300048828125,1122.800048828125,1055.537109375,2317560
2018-05-28,1113.550048828125,1123.949951171875,1061.199951171875,1068.25,1004.2548828125,1000652
2018-05-29,1068.25,1110.0,1053.9000244140625,1091.050048828125,1025.689208984375,1609519
2018-05-30,1092.9000244140625,1110.0,1084.300048828125,1088.25,1023.0568237304688,981061
2018-05-31,1090.0,1125.300048828125,1090.0,1117.0999755859375,1050.178466796875,2541007
2018-06-01,1121.550048828125,1125.0,1090.550048828125,1107.199951171875,1040.87158203125,1026187
2018-06-04,1115.0,1115.550048828125,1081.75,1085.6500244140625,1020.61279296875,702005
2018-06-05,1089.8499755859375,1097.5,1004.0999755859375,1019.4500122070312,958.3783569335938,2013372
2018-06-06,1019.6500244140625,1062.9000244140625,972.0,1050.4000244140625,987.474365234375,3511450
2018-06-07,1060.050048828125,1075.0,1055.3499755859375,1068.699951171875,1004.6779174804688,1239949
2018-06-08,1060.050048828125,1094.0,1057.0,1072.6500244140625,1008.391357421875,1133366
2018-06-11,1070.0,1094.449951171875,1065.0999755859375,1084.75,1019.766357421875,865897
2018-06-12,1088.6500244140625,1130.6500244140625,1087.0,1125.5,1058.0753173828125,2260733
2018-06-13,1134.9000244140625,1147.699951171875,1114.800048828125,1121.0,1053.8447265625,1133667
2018-06-14,1128.0,1135.0,1101.050048828125,1128.050048828125,1060.4725341796875,1153363
2018-06-15,1130.9000244140625,1145.0,1123.699951171875,1133.050048828125,1065.1729736328125,836077
2018-06-18,1135.0999755859375,1144.8499755859375,1106.4000244140625,1111.699951171875,1045.10205078125,718705
2018-06-19,1112.0,1117.25,1090.4000244140625,1104.0999755859375,1037.9573974609375,786260
2018-06-20,1105.0,1139.0,1104.0999755859375,1133.050048828125,1065.1729736328125,1000527
2018-06-21,1143.0,1156.0,1114.0,1118.300048828125,1051.3067626953125,1549572
2018-06-22,1115.0,1120.8499755859375,1095.4000244140625,1101.25,1035.27783203125,833479
2018-06-25,1104.0999755859375,1118.949951171875,1074.300048828125,1095.9000244140625,1030.2484130859375,976666
2018-06-26,1081.5,1115.0,1075.4000244140625,1109.699951171875,1043.2216796875,1001544
2018-06-27,1111.949951171875,1119.9000244140625,1080.3499755859375,1089.0999755859375,1023.8560180664062,938592
2018-06-28,1092.0,1092.199951171875,1051.6500244140625,1060.699951171875,997.1571655273438,1183589
2018-06-29,1069.0,1107.4000244140625,1067.0999755859375,1097.9000244140625,1032.128662109375,967554
2018-07-02,1109.949951171875,1113.449951171875,1089.75,1104.699951171875,1038.521240234375,844730
2018-07-03,1096.0,1116.300048828125,1090.0,1112.25,1045.618896484375,601293
2018-07-04,1118.0,1123.949951171875,1101.550048828125,1111.449951171875,1044.86669921875,788801
2018-07-05,1113.4000244140625,1118.449951171875,1084.0,1094.0,1028.46240234375,604964
2018-07-06,1097.0,1097.1500244140625,1068.199951171875,1072.199951171875,1007.9682006835938,677273
2018-07-09,1081.8499755859375,1110.9000244140625,1073.75,1101.8499755859375,1035.841796875,790399
2018-07-10,1110.0,1129.800048828125,1104.0999755859375,1119.0,1051.964599609375,951925
2018-07-11,1120.0,1146.75,1109.1500244140625,1128.199951171875,1060.613525390625,1136478
2018-07-12,1130.050048828125,1142.949951171875,1115.75,1136.8499755859375,1068.745361328125,694852
2018-07-13,1130.0999755859375,1167.8499755859375,1123.0,1137.050048828125,1068.9332275390625,1365553
2018-07-16,1124.0,1149.9000244140625,1123.449951171875,1134.550048828125,1066.5831298828125,551434
2018-07-17,1131.3499755859375,1141.0,1022.0,1114.75,1047.9693603515625,691381
2018-07-18,1124.800048828125,1142.25,1085.6500244140625,1120.0,1052.9049072265625,2904178
2018-07-19,1121.0,1134.9000244140625,1074.1500244140625,1102.9000244140625,1036.829345703125,1732226
2018-07-20,1095.0,1132.0,1093.0,1112.75,1046.089111328125,1170635
2018-07-23,1116.8499755859375,1135.5,1098.6500244140625,1127.800048828125,1060.23779296875,848909
2018-07-24,1128.0,1232.0,1128.0,1218.8499755859375,1145.8328857421875,2932198
2018-07-25,1220.050048828125,1248.949951171875,1193.9000244140625,1229.699951171875,1156.032958984375,2414170
2018-07-26,1230.0,1285.800048828125,1212.050048828125,1261.5999755859375,1186.0220947265625,2234943
2018-07-27,1262.050048828125,1268.449951171875,1236.0,1250.0999755859375,1175.2109375,786492
2018-07-30,1248.9000244140625,1257.8499755859375,1217.949951171875,1227.199951171875,1153.6827392578125,549547
2018-07-31,1226.800048828125,1257.6500244140625,1207.800048828125,1226.9000244140625,1153.4010009765625,1043356
2018-08-01,1225.0999755859375,1259.9000244140625,1225.0999755859375,1248.9000244140625,1174.0828857421875,1122058
2018-08-02,1250.0,1258.0,1235.0,1242.699951171875,1168.25439453125,611607
2018-08-03,1250.0,1298.5,1248.300048828125,1293.5999755859375,1216.1048583984375,1883262
2018-08-06,1305.0,1324.9000244140625,1292.0,1304.1500244140625,1226.0230712890625,1263264
2018-08-07,1310.0,1310.8499755859375,1256.0,1268.5,1192.5086669921875,914513
2018-08-08,1273.9000244140625,1308.6500244140625,1273.0999755859375,1291.75,1214.36572265625,1016330
2018-08-09,1298.25,1308.449951171875,1261.4000244140625,1264.5,1188.748291015625,736816
2018-08-10,1270.8499755859375,1299.9000244140625,1266.5999755859375,1273.699951171875,1197.3968505859375,777722
2018-08-13,1267.0,1294.800048828125,1266.0,1289.6500244140625,1212.3914794921875,702536
2018-08-14,1297.0,1345.0,1292.800048828125,1337.3499755859375,1257.2340087890625,1598529
2018-08-16,1339.0,1347.949951171875,1303.1500244140625,1312.25,1233.6378173828125,857219
2018-08-17,1316.0,1337.9000244140625,1301.6500244140625,1331.25,1251.49951171875,660328
2018-08-20,1325.0999755859375,1329.9000244140625,1309.550048828125,1315.75,1236.92822265625,386878
2018-08-21,1315.9000244140625,1384.800048828125,1315.9000244140625,1376.0,1293.568603515625,1638464
2018-08-23,1385.0,1393.949951171875,1351.0,1358.1500244140625,1276.7879638671875,1317251
2018-08-24,1362.0,1368.0,1330.050048828125,1339.0999755859375,1258.879150390625,947956
2018-08-27,1345.0,1353.0,1324.0999755859375,1342.8499755859375,1262.404296875,665900
2018-08-28,1349.5999755859375,1359.6500244140625,1335.300048828125,1341.800048828125,1261.41748046875,729863
2018-08-29,1346.5,1348.4000244140625,1322.6500244140625,1328.949951171875,1249.337158203125,619358
2018-08-30,1336.0,1362.6500244140625,1327.050048828125,1355.550048828125,1274.3436279296875,610923
2018-08-31,1362.25,1410.5,1358.199951171875,1406.699951171875,1322.429443359375,1182156
2018-09-03,1415.0,1425.199951171875,1376.550048828125,1381.3499755859375,1298.59814453125,842077
2018-09-04,1387.800048828125,1410.0,1344.9000244140625,1364.4000244140625,1282.6634521484375,816214
2018-09-05,1369.0,1377.800048828125,1319.0,1346.9000244140625,1266.2119140625,863089
2018-09-06,1339.0,1362.3499755859375,1329.050048828125,1356.199951171875,1274.954833984375,866288
2018-09-07,1363.0,1376.5999755859375,1343.5999755859375,1371.449951171875,1289.291259765625,563605
2018-09-10,1376.800048828125,1410.9000244140625,1361.75,1402.699951171875,1318.6693115234375,1111068
2018-09-11,1407.1500244140625,1408.0,1305.5999755859375,1319.699951171875,1240.641357421875,823671
2018-09-12,1299.0,1332.0,1282.0,1321.3499755859375,1256.473876953125,1321749
2018-09-14,1330.0,1338.8499755859375,1298.25,1334.0999755859375,1268.597900390625,728650
2018-09-17,1331.0999755859375,1373.0,1326.1500244140625,1345.949951171875,1279.865966796875,857083
2018-09-18,1342.0,1350.5,1300.9000244140625,1307.0999755859375,1242.9237060546875,515069
2018-09-19,1320.75,1329.25,1253.5999755859375,1273.4000244140625,1210.878173828125,869019
2018-09-21,1278.9000244140625,1289.5,1147.0,1213.75,1154.156982421875,1240232
2018-09-24,1216.8499755859375,1253.0999755859375,1170.0,1228.550048828125,1168.2303466796875,1058453
2018-09-25,1226.699951171875,1234.800048828125,1166.8499755859375,1213.8499755859375,1154.251953125,740046
2018-09-26,1207.4000244140625,1227.0999755859375,1133.550048828125,1167.5999755859375,1110.27294921875,1214921
2018-09-27,1166.199951171875,1167.949951171875,1112.5999755859375,1119.300048828125,1064.34423828125,1264509
2018-09-28,1128.0,1132.9000244140625,1067.0,1097.0999755859375,1043.234375,1247435
2018-10-01,1077.0999755859375,1175.449951171875,1072.3499755859375,1167.1500244140625,1109.8448486328125,1083465
2018-10-03,1167.0,1235.0,1167.0,1206.5999755859375,1147.3577880859375,1507126
2018-10-04,1188.0,1211.4000244140625,1155.5999755859375,1197.800048828125,1138.9901123046875,1108482
2018-10-05,1170.050048828125,1190.050048828125,1145.550048828125,1162.75,1105.660888671875,826114
2018-10-08,1135.5,1169.8499755859375,1096.0,1125.4000244140625,1070.144775390625,1040192
2018-10-09,1116.0,1136.199951171875,1062.949951171875,1117.050048828125,1062.2047119140625,876697
2018-10-10,1124.949951171875,1204.0,1120.050048828125,1193.449951171875,1134.8536376953125,1049441
2018-10-11,1105.0999755859375,1152.0,1037.25,1056.199951171875,1004.3424072265625,1827637
2018-10-12,1076.75,1084.0,1040.050048828125,1044.949951171875,993.6446533203125,1968845
2018-10-15,1075.0,1103.300048828125,1050.0,1095.199951171875,1041.427734375,1189867
2018-10-16,1099.5,1148.5,1084.25,1139.3499755859375,1083.4097900390625,1052219
2018-10-17,1158.0,1218.4000244140625,1122.0999755859375,1191.550048828125,1133.047119140625,4971693
2018-10-19,1200.0,1265.0,1172.0,1238.25,1177.4541015625,3379188
2018-10-22,1254.0,1258.0,1222.5,1245.300048828125,1184.1580810546875,1085997
2018-10-23,1206.5999755859375,1247.8499755859375,1206.5999755859375,1224.5999755859375,1164.47412109375,779808
2018-10-24,1239.0,1246.949951171875,1192.050048828125,1224.0,1163.9036865234375,1198928
2018-10-25,1225.0,1229.5,1170.5,1181.4000244140625,1123.3951416015625,891375
2018-10-26,1171.0,1217.699951171875,1171.0,1192.0,1133.474853515625,919504
2018-10-29,1191.0,1283.5,1181.0,1252.6500244140625,1191.1470947265625,1337326
2018-10-30,1248.0,1255.5,1199.4000244140625,1209.949951171875,1150.5433349609375,1108952
2018-10-31,1219.0,1241.0,1210.4000244140625,1227.550048828125,1167.279541015625,814583
2018-11-01,1230.0,1239.0,1190.199951171875,1196.9000244140625,1138.1341552734375,775021
2018-11-02,1197.5,1212.800048828125,1178.1500244140625,1188.1500244140625,1129.8140869140625,751314
2018-11-05,1181.0,1228.4000244140625,1172.050048828125,1198.699951171875,1139.8460693359375,1210847
2018-11-06,1195.3499755859375,1212.0,1163.0,1167.0999755859375,1109.79736328125,600239
2018-11-07,1183.800048828125,1183.800048828125,1165.300048828125,1170.4000244140625,1112.9354248046875,69445
2018-11-09,1165.0,1178.0,1147.1500244140625,1170.5999755859375,1113.1256103515625,442475
2018-11-12,1176.949951171875,1204.5,1165.0,1192.25,1133.712646484375,694077
2018-11-13,1189.5,1210.0,1162.5999755859375,1174.9000244140625,1117.214599609375,831109
2018-11-14,1176.0,1179.449951171875,1130.0999755859375,1148.050048828125,1091.6827392578125,889621
2018-11-15,1141.5,1168.0999755859375,1133.0999755859375,1146.800048828125,1090.493896484375,573823
2018-11-16,1147.300048828125,1160.0,1123.9000244140625,1128.25,1072.8548583984375,585409
2018-11-19,1134.800048828125,1145.0,1120.0,1133.0,1077.37158203125,410476
2018-11-20,1122.5999755859375,1134.0,1103.75,1108.6500244140625,1054.2171630859375,556123
2018-11-21,1110.0,1115.5,1076.5999755859375,1085.75,1032.44140625,682343
2018-11-22,1077.0,1106.0,1052.1500244140625,1056.199951171875,1004.3424072265625,843874
2018-11-26,1051.3499755859375,1088.0,1031.199951171875,1077.699951171875,1024.7867431640625,1011380
2018-11-27,1081.0,1104.0,1080.5,1096.1500244140625,1042.3306884765625,1083310
2018-11-28,1098.800048828125,1133.0,1092.0,1096.75,1042.901611328125,876502
2018-11-29,1103.0,1104.5,1073.0,1086.050048828125,1032.7269287109375,756762
2018-11-30,1081.0,1110.0,1081.0,1089.800048828125,1036.292724609375,779217
2018-12-03,1110.0,1110.9000244140625,1080.0,1103.3499755859375,1049.1773681640625,628698
2018-12-04,1105.0,1128.300048828125,1104.0,1115.9000244140625,1061.1112060546875,1114799
2018-12-05,1115.0,1127.25,1104.0,1112.5999755859375,1057.9732666015625,671987
2018-12-06,1109.0,1120.0,1073.8499755859375,1080.0999755859375,1027.06884765625,628083
2018-12-07,1093.0,1102.199951171875,1054.1500244140625,1089.5999755859375,1036.1024169921875,846083
2018-12-10,1075.0,1081.0,1045.0,1056.050048828125,1004.1998291015625,452954
2018-12-11,1048.0,1119.800048828125,1030.5999755859375,1107.699951171875,1053.313720703125,1268467
2018-12-12,1108.0,1124.300048828125,1095.0,1111.0,1056.4520263671875,544392
2018-12-13,1128.0,1128.9000244140625,1107.0,1122.3499755859375,1067.244384765625,443217
2018-12-14,1110.0,1144.050048828125,1102.1500244140625,1139.1500244140625,1083.2197265625,746098
2018-12-17,1146.0,1163.800048828125,1126.800048828125,1157.949951171875,1101.096435546875,1345723
2018-12-18,1150.1500244140625,1153.5999755859375,1122.300048828125,1127.1500244140625,1071.808837890625,735027
2018-12-19,1128.0,1149.949951171875,1110.8499755859375,1133.3499755859375,1077.70458984375,835616
2018-12-20,1130.0,1151.0,1121.0,1127.5,1072.1417236328125,621459
2018-12-21,1130.0,1133.0,1105.199951171875,1112.8499755859375,1058.211181640625,545264
2018-12-24,1105.0,1124.050048828125,1105.0,1117.4000244140625,1062.5374755859375,383706
2018-12-26,1115.0,1128.0,1102.0,1119.8499755859375,1064.8671875,581617
2018-12-27,1130.0,1157.800048828125,1123.0,1149.800048828125,1093.346923828125,1125296
2018-12-28,1156.949951171875,1166.0,1145.199951171875,1154.3499755859375,1097.6734619140625,535930
2018-12-31,1156.3499755859375,1163.0,1143.5,1149.300048828125,1092.871337890625,313126
2019-01-01,1145.0,1159.699951171875,1136.8499755859375,1151.5,1094.96337890625,332711
2019-01-02,1147.9000244140625,1177.699951171875,1141.0,1153.300048828125,1096.6748046875,931011
2019-01-03,1153.0,1162.949951171875,1127.449951171875,1132.6500244140625,1077.0390625,435893
2019-01-04,1124.0,1141.75,1109.300048828125,1122.699951171875,1067.577392578125,723008
2019-01-07,1125.9000244140625,1148.0,1124.949951171875,1141.4000244140625,1085.359375,399650
2019-01-08,1141.949951171875,1146.699951171875,1122.0999755859375,1125.199951171875,1069.9544677734375,303465
2019-01-09,1138.0,1171.800048828125,1135.0,1162.25,1105.185302734375,1544142
2019-01-10,1163.300048828125,1168.4000244140625,1148.300048828125,1151.949951171875,1095.39111328125,447760
2019-01-11,1156.550048828125,1165.0,1135.0,1162.050048828125,1104.995361328125,536949
2019-01-14,1168.0,1191.949951171875,1147.199951171875,1187.699951171875,1129.3857421875,935373
2019-01-15,1190.0,1203.3499755859375,1180.1500244140625,1186.0999755859375,1127.8646240234375,1041890
2019-01-16,1181.199951171875,1223.0,1180.0,1209.5999755859375,1150.210693359375,1260881
2019-01-17,1221.0,1229.800048828125,1205.0,1222.1500244140625,1162.1446533203125,963321
2019-01-18,1221.449951171875,1237.0,1202.0999755859375,1224.75,1164.616943359375,1480479
2019-01-21,1227.0999755859375,1298.800048828125,1215.5,1269.0999755859375,1206.789306640625,2467109
2019-01-22,1262.5,1303.5,1261.75,1295.3499755859375,1231.7506103515625,1872508
2019-01-23,1299.9000244140625,1306.0,1269.300048828125,1274.949951171875,1212.3521728515625,737956
2019-01-24,1280.0,1309.5,1268.199951171875,1300.699951171875,1236.8380126953125,1103506
2019-01-25,1302.0999755859375,1323.0,1288.3499755859375,1294.699951171875,1231.1324462890625,1201212
2019-01-28,1299.0,1313.8499755859375,1284.199951171875,1291.0,1227.614013671875,670736
2019-01-29,1299.050048828125,1314.4000244140625,1287.0,1305.199951171875,1241.116943359375,845242
2019-01-30,1312.8499755859375,1315.949951171875,1274.449951171875,1286.0999755859375,1222.9547119140625,625321
2019-01-31,1291.800048828125,1315.550048828125,1282.0,1310.75,1246.3944091796875,542130
2019-02-01,1310.0999755859375,1339.9000244140625,1298.4000244140625,1319.449951171875,1254.6671142578125,972719
2019-02-04,1323.0999755859375,1327.0,1304.9000244140625,1309.8499755859375,1245.5386962890625,353635
2019-02-05,1304.1500244140625,1332.6500244140625,1304.0,1322.5999755859375,1257.662353515625,472603
2019-02-06,1324.949951171875,1334.199951171875,1287.6500244140625,1296.6500244140625,1232.9866943359375,560390
2019-02-07,1284.0,1324.9000244140625,1284.0,1314.449951171875,1249.912841796875,546423
2019-02-08,1303.0,1332.75,1300.0,1309.1500244140625,1244.8729248046875,620476
2019-02-11,1310.0,1332.6500244140625,1303.25,1324.6500244140625,1259.6119384765625,388924
2019-02-12,1332.0,1334.0,1287.050048828125,1295.9000244140625,1232.2734375,427669
2019-02-14,1309.0,1314.0,1290.199951171875,1305.3499755859375,1241.259521484375,332710
2019-02-15,1306.0,1309.0,1258.0,1264.0,1201.9398193359375,624189
2019-02-18,1266.0,1296.0,1254.0,1283.300048828125,1220.29248046875,905689
2019-02-19,1277.0,1291.0,1271.949951171875,1277.5999755859375,1214.8720703125,454603
2019-02-20,1280.0,1295.949951171875,1266.25,1291.75,1228.3272705078125,575594
2019-02-21,1285.0,1328.25,1285.0,1293.5999755859375,1230.08642578125,893710
2019-02-22,1295.0,1306.4000244140625,1276.9000244140625,1284.300048828125,1221.2430419921875,739382
2019-02-25,1289.9000244140625,1318.949951171875,1288.0,1316.1500244140625,1251.529296875,580939
2019-02-26,1306.0,1328.5,1288.5999755859375,1316.550048828125,1251.909912109375,760595
2019-02-27,1318.0,1340.8499755859375,1314.0,1320.199951171875,1255.38037109375,822057
2019-02-28,1318.9000244140625,1331.4000244140625,1313.6500244140625,1320.699951171875,1255.855712890625,370015
2019-03-01,1322.300048828125,1333.5999755859375,1307.800048828125,1323.4000244140625,1258.4234619140625,583935
2019-03-05,1323.5,1330.1500244140625,1308.0999755859375,1313.5999755859375,1249.1043701171875,409446
2019-03-06,1324.4000244140625,1325.9000244140625,1307.699951171875,1316.699951171875,1252.0521240234375,539597
2019-03-07,1324.4000244140625,1350.0,1317.0999755859375,1323.4000244140625,1258.4234619140625,1136243
2019-03-08,1326.0,1327.050048828125,1308.0,1313.550048828125,1249.0570068359375,514052
2019-03-11,1313.0,1332.6500244140625,1308.6500244140625,1327.800048828125,1262.607177734375,607888
2019-03-12,1329.0,1342.199951171875,1319.1500244140625,1325.25,1260.182373046875,640552
2019-03-13,1326.0,1344.0999755859375,1323.3499755859375,1332.949951171875,1267.5042724609375,562307
2019-03-14,1341.0,1341.5,1315.0999755859375,1320.1500244140625,1255.3328857421875,357321
2019-03-15,1325.0,1349.0,1322.449951171875,1336.6500244140625,1271.0228271484375,1669463
2019-03-18,1344.699951171875,1344.699951171875,1314.550048828125,1316.550048828125,1251.909912109375,498779
2019-03-19,1322.25,1336.4000244140625,1313.8499755859375,1332.5,1267.0762939453125,417714
2019-03-20,1338.9000244140625,1357.800048828125,1322.1500244140625,1328.0,1262.7974853515625,1415086
2019-03-22,1333.9000244140625,1339.25,1321.0999755859375,1326.8499755859375,1261.7037353515625,401182
2019-03-25,1320.0,1334.25,1313.0,1317.550048828125,1252.8607177734375,397612
2019-03-26,1324.4000244140625,1324.4000244140625,1296.050048828125,1307.1500244140625,1242.97119140625,502092
2019-03-27,1314.699951171875,1320.0,1300.800048828125,1315.6500244140625,1251.053955078125,329323
2019-03-28,1320.0,1339.199951171875,1320.0,1333.949951171875,1268.455322265625,751348
2019-04-01,1325.0,1346.25,1325.0,1333.949951171875,1268.455322265625,299798
2019-04-02,1335.9000244140625,1358.550048828125,1335.9000244140625,1351.0999755859375,1284.7633056640625,900439
2019-04-03,1354.0,1363.800048828125,1333.4000244140625,1339.3499755859375,1273.5902099609375,554965
2019-04-04,1340.3499755859375,1341.949951171875,1318.199951171875,1325.6500244140625,1260.562744140625,276714
2019-04-05,1326.0,1358.800048828125,1317.0,1348.050048828125,1281.8631591796875,744394
2019-04-08,1338.800048828125,1345.0999755859375,1296.75,1301.699951171875,1237.788818359375,1772598
2019-04-09,1302.199951171875,1308.4000244140625,1285.699951171875,1298.550048828125,1234.793212890625,610176
2019-04-10,1299.800048828125,1310.75,1293.25,1298.050048828125,1234.3179931640625,397548
2019-04-11,1298.0999755859375,1304.949951171875,1291.0,1298.449951171875,1234.698486328125,257060
2019-04-12,1299.0,1304.0,1295.0,1297.800048828125,1234.080322265625,250255
2019-04-15,1302.0,1306.699951171875,1288.800048828125,1293.5,1229.9912109375,290446
2019-04-16,1287.5,1305.9000244140625,1287.5,1297.050048828125,1233.3670654296875,352016
2019-04-18,1309.0,1324.5999755859375,1293.25,1314.5,1249.960205078125,721911
2019-04-22,1318.0,1323.0,1306.800048828125,1319.0999755859375,1254.334228515625,356884
2019-04-23,1315.0999755859375,1318.0,1300.550048828125,1303.6500244140625,1239.642822265625,203428
2019-04-24,1301.050048828125,1314.75,1298.800048828125,1309.6500244140625,1245.3486328125,152965
2019-04-25,1313.0,1313.0,1296.550048828125,1301.3499755859375,1237.4559326171875,230304
2019-04-26,1302.0,1321.0,1296.0,1314.0,1249.4847412109375,266749
2019-04-30,1315.0,1316.0,1287.0,1293.5,1229.9912109375,385038
2019-05-02,1293.0999755859375,1297.0,1272.25,1282.5999755859375,1219.6265869140625,352665
2019-05-03,1280.0,1280.0,1248.4000244140625,1267.550048828125,1205.3155517578125,541318
2019-05-06,1250.0,1277.449951171875,1249.0,1259.550048828125,1197.708251953125,1032944
2019-05-07,1260.0,1267.9000244140625,1253.449951171875,1255.8499755859375,1194.18994140625,289350
2019-05-08,1245.0,1257.050048828125,1230.0999755859375,1237.0999755859375,1176.360595703125,770379
2019-05-09,1230.25,1239.0999755859375,1228.0,1230.5999755859375,1170.1795654296875,436832
2019-05-10,1229.0,1252.0,1228.0,1244.699951171875,1183.58740234375,659291
2019-05-13,1242.5999755859375,1261.050048828125,1239.5,1248.949951171875,1187.628662109375,484692
2019-05-14,1240.550048828125,1261.699951171875,1240.550048828125,1255.449951171875,1193.8095703125,274716
2019-05-15,1257.0,1267.5999755859375,1251.199951171875,1260.0,1198.13623046875,397955
2019-05-16,1260.0,1275.4000244140625,1250.0,1268.800048828125,1206.5040283203125,363892
2019-05-17,1266.300048828125,1278.4000244140625,1260.0,1262.6500244140625,1200.656005859375,192411
2019-05-20,1283.0,1283.0,1262.75,1268.5999755859375,1206.3135986328125,159140
2019-05-21,1268.0,1302.0,1262.5999755859375,1292.3499755859375,1228.8978271484375,677452
2019-05-22,1290.0,1295.5,1271.4000244140625,1284.0,1220.9576416015625,348272
2019-05-23,1282.050048828125,1296.6500244140625,1276.6500244140625,1281.75,1218.818359375,250947
2019-05-24,1282.0,1283.0,1263.8499755859375,1268.0999755859375,1205.83837890625,542944
2019-05-27,1267.5,1282.0999755859375,1262.5999755859375,1276.5,1213.825927734375,312272
2019-05-28,1277.0999755859375,1281.4000244140625,1266.0,1267.5,1205.26806640625,656555
2019-05-29,1265.0,1292.3499755859375,1265.0,1285.050048828125,1221.9561767578125,1029439
2019-05-30,1290.949951171875,1315.0,1285.0,1308.199951171875,1243.9697265625,893273
2019-05-31,1316.9000244140625,1316.9000244140625,1301.25,1306.699951171875,1242.543212890625,380453
2019-06-03,1311.550048828125,1316.1500244140625,1302.300048828125,1311.550048828125,1247.1551513671875,195008
2019-06-04,1308.0,1314.949951171875,1300.5,1305.699951171875,1241.5924072265625,241167
2019-06-06,1304.75,1321.5,1296.3499755859375,1312.0999755859375,1247.677978515625,489536
2019-06-07,1310.199951171875,1332.5,1310.199951171875,1322.4000244140625,1257.4727783203125,439082
2019-06-10,1323.949951171875,1348.949951171875,1323.0,1336.6500244140625,1271.0228271484375,793989
2019-06-11,1348.0,1350.949951171875,1334.449951171875,1340.6500244140625,1274.8262939453125,296894
2019-06-12,1335.0,1353.1500244140625,1335.0,1340.4000244140625,1274.5888671875,322799
2019-06-13,1341.0,1342.6500244140625,1330.0999755859375,1340.0999755859375,1274.30322265625,181685
2019-06-14,1335.0,1341.949951171875,1317.0999755859375,1320.0,1255.1904296875,491274
2019-06-17,1317.25,1326.949951171875,1316.0,1318.25,1253.5262451171875,81116
2019-06-18,1314.050048828125,1328.199951171875,1314.050048828125,1322.699951171875,1257.7578125,103174
2019-06-19,1320.0999755859375,1327.75,1299.5,1303.25,1239.2623291015625,569699
2019-06-20,1296.199951171875,1314.0,1293.8499755859375,1310.199951171875,1245.871337890625,178193
2019-06-21,1308.9000244140625,1314.3499755859375,1302.0,1307.9000244140625,1243.6844482421875,480719
2019-06-24,1306.800048828125,1325.050048828125,1305.3499755859375,1319.800048828125,1255.0001220703125,311406
2019-06-25,1320.25,1342.4000244140625,1313.0,1340.699951171875,1274.8739013671875,551286
2019-06-26,1344.0,1344.0,1321.0,1332.25,1266.8388671875,339597
2019-06-27,1324.0999755859375,1342.0,1320.199951171875,1335.8499755859375,1270.2620849609375,303104
2019-06-28,1341.9000244140625,1349.9000244140625,1332.699951171875,1345.0999755859375,1279.0579833984375,714198
2019-07-01,1345.0,1355.0,1335.0,1350.699951171875,1284.3829345703125,257346
2019-07-02,1350.699951171875,1354.9000244140625,1332.3499755859375,1345.8499755859375,1279.7711181640625,233615
2019-07-03,1345.0,1345.0,1332.199951171875,1333.6500244140625,1268.1700439453125,167033
2019-07-04,1327.0,1348.800048828125,1323.550048828125,1338.1500244140625,1272.4490966796875,316523
2019-07-05,1338.1500244140625,1339.0,1318.050048828125,1323.5,1258.5185546875,143633
2019-07-08,1317.0,1318.0,1303.75,1311.050048828125,1246.6796875,442275
2019-07-09,1327.949951171875,1337.9000244140625,1284.949951171875,1314.75,1250.1978759765625,1517586
2019-07-10,1305.0999755859375,1316.699951171875,1299.0,1308.75,1244.4925537109375,882310
2019-07-11,1313.0,1326.9000244140625,1287.199951171875,1317.25,1252.5751953125,1089612
2019-07-12,1337.0,1351.800048828125,1331.050048828125,1347.449951171875,1281.29248046875,1319171
2019-07-15,1354.0,1354.0,1342.25,1345.800048828125,1279.7235107421875,379597
2019-07-16,1347.3499755859375,1349.300048828125,1342.300048828125,1345.199951171875,1279.1529541015625,249404
2019-07-17,1342.5,1349.300048828125,1342.5,1345.9000244140625,1279.8184814453125,472862
2019-07-18,1343.5999755859375,1350.5,1337.699951171875,1342.449951171875,1276.5379638671875,433600
2019-07-19,1341.0,1350.9000244140625,1341.0,1346.75,1280.6268310546875,546932
2019-07-22,1345.5,1346.5999755859375,1340.6500244140625,1343.449951171875,1277.4886474609375,403559
2019-07-23,1343.300048828125,1358.0,1341.0,1353.3499755859375,1286.90283203125,792032
2019-07-24,1329.800048828125,1354.6500244140625,1326.0999755859375,1341.800048828125,1275.9197998046875,932278
2019-07-25,1311.0,1346.0,1281.5999755859375,1333.699951171875,1268.217529296875,736125
2019-07-26,1316.199951171875,1321.949951171875,1230.0,1273.8499755859375,1211.3062744140625,1144563
2019-07-29,1273.8499755859375,1280.25,1193.1500244140625,1206.199951171875,1146.9776611328125,677643
2019-07-30,1200.0,1231.6500244140625,1192.3499755859375,1202.550048828125,1143.5068359375,798966
2019-07-31,1195.1500244140625,1221.75,1178.0999755859375,1203.550048828125,1144.457763671875,440609
2019-08-01,1199.0,1210.550048828125,1185.5,1202.699951171875,1143.6494140625,389327
2019-08-02,1196.199951171875,1204.4000244140625,1178.550048828125,1198.699951171875,1139.8460693359375,304222
2019-08-05,1191.199951171875,1213.4000244140625,1191.199951171875,1205.3499755859375,1146.169189453125,229561
2019-08-06,1192.5,1230.0,1192.5,1220.75,1160.8131103515625,147611
2019-08-07,1224.0,1250.0,1214.800048828125,1238.699951171875,1177.8817138671875,185957
2019-08-08,1234.0,1298.0,1218.050048828125,1276.449951171875,1213.7783203125,365334
2019-08-09,1280.0,1309.800048828125,1257.550048828125,1300.0999755859375,1236.2674560546875,453152
2019-08-13,1312.0,1324.9000244140625,1280.199951171875,1312.949951171875,1248.486083984375,397956
2019-08-14,1314.0,1342.0,1293.300048828125,1316.8499755859375,1252.1949462890625,354090
2019-08-16,1295.0,1316.0,1260.75,1289.300048828125,1225.99755859375,284592
2019-08-19,1286.0,1329.9000244140625,1271.0,1325.3499755859375,1260.277587890625,248666
2019-08-20,1325.0,1398.0999755859375,1316.3499755859375,1375.050048828125,1307.5374755859375,625207
2019-08-21,1370.0,1383.5,1356.25,1365.449951171875,1298.408447265625,324167
2019-08-22,1367.9000244140625,1374.949951171875,1351.75,1360.699951171875,1293.891845703125,176916
2019-08-23,1361.75,1387.6500244140625,1352.0,1376.449951171875,1308.86865234375,326476
2019-08-26,1394.0,1405.0,1372.5,1396.9000244140625,1328.3145751953125,188165
2019-08-27,1396.75,1460.0,1391.800048828125,1441.699951171875,1370.9150390625,336804
2019-08-28,1440.0,1545.0,1434.5,1523.4000244140625,1448.603515625,978369
2019-08-29,1525.0,1530.0,1471.4000244140625,1519.199951171875,1444.60986328125,1004644
2019-08-30,1455.0,1511.8499755859375,1444.949951171875,1495.550048828125,1422.12109375,852009
2019-09-03,1479.0,1511.949951171875,1458.4000244140625,1467.0,1394.9727783203125,428827
2019-09-04,1476.0,1488.5,1452.949951171875,1462.3499755859375,1390.5511474609375,221393
2019-09-05,1463.0,1468.699951171875,1435.0999755859375,1459.949951171875,1388.2691650390625,277952
2019-09-06,1474.4000244140625,1474.4000244140625,1437.800048828125,1448.449951171875,1377.33349609375,290536
2019-09-09,1447.0,1456.949951171875,1436.0,1445.25,1374.2906494140625,281846
2019-09-11,1446.0,1455.3499755859375,1412.699951171875,1419.199951171875,1349.519775390625,272101
2019-09-12,1419.0999755859375,1432.0,1405.0999755859375,1410.449951171875,1341.19921875,323702
2019-09-13,1410.5999755859375,1426.9000244140625,1400.1500244140625,1411.199951171875,1341.91259765625,169231
2019-09-16,1412.5,1414.0,1378.449951171875,1382.0,1314.1463623046875,297432
2019-09-17,1372.0999755859375,1392.050048828125,1367.449951171875,1371.0,1303.6864013671875,199176
2019-09-18,1365.0999755859375,1391.4000244140625,1342.800048828125,1362.1500244140625,1295.27099609375,657165
2019-09-19,1350.4000244140625,1388.5,1347.5,1369.449951171875,1302.2122802734375,317680
2019-09-20,1363.0,1413.199951171875,1352.8499755859375,1401.75,1332.9263916015625,505984
2019-09-23,1407.3499755859375,1429.5999755859375,1369.199951171875,1410.25,1341.0091552734375,344059
2019-09-24,1424.0,1453.0999755859375,1401.0,1429.0,1358.83837890625,572805
2019-09-25,1437.0,1437.0,1398.0,1406.199951171875,1337.1578369140625,162380
2019-09-26,1400.0,1414.0,1382.300048828125,1389.4000244140625,1321.1829833984375,322106
2019-09-27,1355.0,1408.300048828125,1355.0,1394.050048828125,1325.6044921875,313134
2019-09-30,1394.050048828125,1416.0,1387.050048828125,1394.9000244140625,1326.4127197265625,295143
2019-10-01,1415.0,1415.0,1338.050048828125,1349.6500244140625,1283.3846435546875,314752
2019-10-03,1358.0999755859375,1380.0,1343.050048828125,1368.0,1300.83349609375,268527
2019-10-04,1368.0,1387.0,1346.3499755859375,1380.0,1312.244140625,330709
2019-10-07,1383.449951171875,1393.0,1357.199951171875,1384.5999755859375,1316.618408203125,184904
2019-10-09,1381.0,1389.0999755859375,1360.1500244140625,1373.3499755859375,1305.9207763671875,177260
2019-10-10,1357.5,1381.75,1351.0,1361.0999755859375,1294.2724609375,152606
2019-10-11,1355.0,1417.5999755859375,1350.800048828125,1412.0999755859375,1342.76806640625,397760
2019-10-14,1410.0,1415.0,1390.0,1396.5,1327.9342041015625,203559
2019-10-15,1394.0,1438.75,1392.0,1424.699951171875,1354.74951171875,403985
2019-10-16,1433.0,1434.949951171875,1401.550048828125,1409.5,1340.296142578125,300018
2019-10-17,1413.0,1419.800048828125,1395.699951171875,1406.699951171875,1337.63330078125,114889
2019-10-18,1415.5,1450.0,1397.699951171875,1436.550048828125,1366.017822265625,277477
2019-10-22,1436.550048828125,1469.9000244140625,1416.0,1452.199951171875,1380.8995361328125,299087
2019-10-23,1451.0,1476.449951171875,1427.5,1468.6500244140625,1396.5419921875,452349
2019-10-24,1490.0,1529.199951171875,1425.6500244140625,1491.5999755859375,1418.364990234375,1055221
2019-10-25,1485.0,1519.5,1467.5,1505.1500244140625,1431.249755859375,382090
2019-10-27,1500.3499755859375,1528.8499755859375,1492.300048828125,1506.0999755859375,1432.153076171875,29696
2019-10-29,1490.0,1526.8499755859375,1490.0,1517.3499755859375,1442.8505859375,268871
2019-10-30,1518.0,1586.949951171875,1515.800048828125,1578.1500244140625,1500.665283203125,537234
2019-10-31,1587.0,1590.9000244140625,1543.449951171875,1548.699951171875,1472.661376953125,717384
2019-11-01,1553.0,1561.1500244140625,1525.8499755859375,1558.75,1482.218017578125,367674
2019-11-04,1553.4000244140625,1595.5,1538.199951171875,1586.75,1518.585693359375,336654
2019-11-05,1585.0999755859375,1586.699951171875,1556.449951171875,1559.3499755859375,1492.36279296875,109969
2019-11-06,1559.3499755859375,1576.5,1547.449951171875,1566.4000244140625,1499.109619140625,91192
2019-11-07,1566.3499755859375,1579.449951171875,1560.0,1574.0,1506.3831787109375,101781
2019-11-08,1570.0,1588.0,1534.949951171875,1540.4000244140625,1474.2266845703125,123434
2019-11-11,1530.0,1594.75,1530.0,1572.6500244140625,1505.0914306640625,231176
2019-11-13,1573.0,1578.199951171875,1479.050048828125,1483.199951171875,1419.48388671875,349897
2019-11-14,1487.0,1509.800048828125,1465.800048828125,1504.699951171875,1440.0604248046875,296070
2019-11-15,1510.0,1520.0,1473.800048828125,1491.0999755859375,1427.044677734375,161514
2019-11-18,1480.0,1527.5,1477.5,1519.0999755859375,1453.8416748046875,198031
2019-11-19,1519.5,1535.949951171875,1509.75,1529.0,1463.3165283203125,116406
2019-11-20,1529.1500244140625,1554.300048828125,1498.050048828125,1508.800048828125,1443.984130859375,279059
2019-11-21,1518.0,1525.0,1490.0,1498.699951171875,1434.318115234375,82586
2019-11-22,1505.0,1509.9000244140625,1473.5,1484.1500244140625,1420.393310546875,137374
2019-11-25,1486.699951171875,1507.1500244140625,1475.800048828125,1500.050048828125,1435.60986328125,103697
2019-11-26,1504.4000244140625,1504.4000244140625,1452.4000244140625,1484.9000244140625,1421.11083984375,380327
2019-11-27,1484.0,1506.9000244140625,1480.9000244140625,1493.9000244140625,1429.724365234375,77325
2019-11-28,1490.0,1512.4000244140625,1484.550048828125,1504.9000244140625,1440.2518310546875,166495
2019-11-29,1504.9000244140625,1516.5,1482.050048828125,1490.949951171875,1426.9010009765625,66093
2019-12-02,1480.949951171875,1495.0,1454.300048828125,1462.0999755859375,1399.290283203125,124662
2019-12-03,1455.0999755859375,1470.449951171875,1440.800048828125,1446.4000244140625,1384.2647705078125,109134
2019-12-04,1443.8499755859375,1472.449951171875,1439.0,1467.449951171875,1404.410400390625,144873
2019-12-05,1464.0,1515.6500244140625,1463.0,1485.199951171875,1421.3978271484375,367759
2019-12-06,1488.0,1494.949951171875,1459.0,1464.1500244140625,1401.25244140625,76842
2019-12-09,1464.699951171875,1482.0,1451.0,1475.949951171875,1412.5452880859375,106498
2019-12-10,1471.3499755859375,1475.3499755859375,1418.6500244140625,1437.75,1375.986572265625,245334
2019-12-11,1437.9000244140625,1497.0,1437.9000244140625,1486.550048828125,1422.6900634765625,381538
2019-12-12,1480.0,1492.8499755859375,1470.050048828125,1484.25,1420.48876953125,93421
2019-12-13,1478.0,1495.0,1462.699951171875,1490.5999755859375,1426.5660400390625,167754
2019-12-16,1488.0,1512.3499755859375,1464.6500244140625,1473.4000244140625,1410.10498046875,261216
2019-12-17,1503.0,1643.300048828125,1492.050048828125,1604.949951171875,1536.0035400390625,4180592
2019-12-18,1604.449951171875,1628.9000244140625,1580.0,1602.5999755859375,1533.754638671875,2154599
2019-12-19,1587.0,1606.199951171875,1575.199951171875,1580.3499755859375,1512.4605712890625,534903
2019-12-20,1583.0,1602.0,1567.6500244140625,1582.800048828125,1514.805419921875,548840
2019-12-23,1580.0,1604.949951171875,1572.4000244140625,1578.550048828125,1510.73779296875,440209
2019-12-24,1564.0,1626.4000244140625,1556.5999755859375,1597.8499755859375,1529.2088623046875,2916222
2019-12-26,1615.0,1619.949951171875,1601.0,1609.199951171875,1540.0711669921875,893767
2019-12-27,1612.0,1619.949951171875,1579.4000244140625,1583.050048828125,1515.0445556640625,467070
2019-12-30,1581.0,1601.0,1581.0,1586.4000244140625,1518.25048828125,300609
2019-12-31,1584.0,1601.449951171875,1578.550048828125,1589.8499755859375,1521.5526123046875,247638
2020-01-01,1589.8499755859375,1597.9000244140625,1573.199951171875,1578.199951171875,1510.4027099609375,154125
2020-01-02,1581.75,1588.4000244140625,1573.050048828125,1579.5,1511.6468505859375,163571
2020-01-03,1582.0,1640.0,1582.0,1630.949951171875,1560.8865966796875,1181414
2020-01-06,1626.949951171875,1661.0,1621.1500244140625,1647.75,1576.9652099609375,983061
2020-01-07,1659.0,1666.0,1645.550048828125,1655.75,1584.62158203125,486953
2020-01-08,1652.949951171875,1777.0,1645.0,1726.550048828125,1652.3800048828125,1233375
2020-01-09,1740.0,1778.0,1726.9000244140625,1753.6500244140625,1678.3160400390625,826968
2020-01-10,1747.8499755859375,1764.9000244140625,1711.050048828125,1725.5,1651.3751220703125,450735
2020-01-13,1724.9000244140625,1789.949951171875,1712.0999755859375,1774.75,1698.50927734375,536820
2020-01-14,1774.5,1818.0,1765.4000244140625,1807.0,1729.3740234375,687344
2020-01-15,1805.0,1819.9000244140625,1775.0,1804.550048828125,1727.0291748046875,438185
2020-01-16,1804.0,1804.449951171875,1765.800048828125,1782.949951171875,1706.357177734375,323490
2020-01-17,1782.0,1818.9000244140625,1777.800048828125,1799.0999755859375,1721.813232421875,263017
2020-01-20,1803.0,1805.0,1773.949951171875,1781.199951171875,1704.682373046875,134513
2020-01-21,1787.4000244140625,1818.0,1775.1500244140625,1801.6500244140625,1724.25390625,374093
2020-01-22,1803.300048828125,1896.0,1801.75,1872.6500244140625,1792.20361328125,1210892
2020-01-23,1872.0,2059.5,1857.4000244140625,1979.050048828125,1894.0330810546875,1207141
2020-01-24,1976.0999755859375,1979.050048828125,1900.1500244140625,1932.050048828125,1849.0517578125,1196651
2020-01-27,1929.0,1957.0,1912.0,1948.8499755859375,1865.1302490234375,428335
2020-01-28,1951.0,2034.0,1950.0,2009.0999755859375,1922.7918701171875,1231656
2020-01-29,2009.0999755859375,2042.550048828125,1921.0,1941.050048828125,1857.665283203125,1845201
2020-01-30,1935.0,1935.0,1832.050048828125,1849.0,1769.5697021484375,1514678
2020-01-31,1865.0,1964.5999755859375,1854.050048828125,1942.449951171875,1859.00537109375,1129204
2020-02-03,1879.9000244140625,1917.9000244140625,1868.75,1885.4000244140625,1804.406005859375,341567
2020-02-04,1899.9000244140625,1950.0,1897.5999755859375,1922.5999755859375,1840.0081787109375,458477
2020-02-05,1929.949951171875,1970.699951171875,1921.3499755859375,1935.449951171875,1852.30615234375,366975
2020-02-06,1953.0,1956.949951171875,1880.449951171875,1899.5,1817.900390625,244162
2020-02-07,1910.800048828125,1938.0,1876.199951171875,1885.75,1814.29248046875,364726
2020-02-10,1890.0,1896.0,1833.050048828125,1857.949951171875,1787.545654296875,268670
2020-02-11,1861.8499755859375,1881.9000244140625,1823.300048828125,1830.4000244140625,1761.039794921875,233960
2020-02-12,1836.0,1857.199951171875,1781.199951171875,1833.6500244140625,1764.166748046875,490258
2020-02-13,1832.0,1837.5,1800.0,1820.199951171875,1751.226318359375,620623
2020-02-14,1825.0,1869.300048828125,1825.0,1835.6500244140625,1766.0908203125,453478
2020-02-17,1846.449951171875,1855.9000244140625,1792.8499755859375,1824.199951171875,1755.07470703125,208806
2020-02-18,1827.9000244140625,1853.699951171875,1806.0,1848.550048828125,1778.501953125,278478
2020-02-19,1850.550048828125,1908.9000244140625,1844.550048828125,1882.5999755859375,1811.261962890625,666656
2020-02-20,1885.050048828125,1913.8499755859375,1845.050048828125,1854.4000244140625,1784.13037109375,511083
2020-02-24,1854.449951171875,1869.3499755859375,1829.1500244140625,1838.800048828125,1769.1217041015625,266476
2020-02-25,1848.4000244140625,1904.699951171875,1841.4000244140625,1889.4000244140625,1817.8040771484375,710576
2020-02-26,1895.0,1910.0,1853.0,1889.8499755859375,1818.237060546875,550885
2020-02-27,1875.8499755859375,1908.949951171875,1860.5999755859375,1885.800048828125,1814.3406982421875,369349
2020-02-28,1820.0,1874.0,1667.550048828125,1689.75,1625.7193603515625,791185
2020-03-02,1697.0,1857.449951171875,1697.0,1790.6500244140625,1722.796142578125,1411779
2020-03-03,1808.5999755859375,1917.0999755859375,1806.1500244140625,1901.699951171875,1829.637939453125,1483311
2020-03-04,1906.4000244140625,1985.75,1792.199951171875,1830.6500244140625,1761.2802734375,905618
2020-03-05,1830.0,1880.0,1796.5999755859375,1827.6500244140625,1758.393798828125,435452
2020-03-06,1800.0,1801.3499755859375,1736.6500244140625,1788.050048828125,1720.294677734375,414794
2020-03-09,1765.0,1770.0,1631.6500244140625,1660.9000244140625,1597.962646484375,422201
2020-03-11,1667.0,1668.0,1595.0999755859375,1625.9000244140625,1564.2890625,478474
2020-03-12,1479.550048828125,1551.300048828125,1401.6500244140625,1439.6500244140625,1385.096923828125,478525
2020-03-13,1296.0,1571.050048828125,1252.0999755859375,1378.699951171875,1326.4560546875,400395
2020-03-16,1291.0,1341.949951171875,1228.25,1239.550048828125,1192.579345703125,277812
2020-03-17,1232.0999755859375,1260.0,1170.0,1181.9000244140625,1137.1136474609375,465562
2020-03-18,1189.25,1209.949951171875,1102.050048828125,1119.25,1076.8377685546875,432196
2020-03-19,1064.0,1099.800048828125,905.5499877929688,1035.8499755859375,996.5979614257812,863244
2020-03-20,1139.0,1165.0,994.4000244140625,1143.1500244140625,1099.83203125,646860
2020-03-23,1030.0,1074.949951171875,857.4000244140625,864.2000122070312,831.4524536132812,248231
2020-03-24,911.8499755859375,1080.25,735.3499755859375,1018.9500122070312,980.3384399414062,1063694
2020-03-25,986.0,1273.6500244140625,970.0499877929688,1242.949951171875,1195.850341796875,843374
2020-03-26,1253.199951171875,1367.199951171875,1150.0999755859375,1169.199951171875,1124.8948974609375,1257909
2020-03-27,1180.0,1275.0,1160.5,1201.25,1155.7305908203125,663878
2020-03-30,1150.0,1201.0,1103.1500244140625,1131.1500244140625,1088.28662109375,533300
2020-03-31,1201.0,1217.0,1131.3499755859375,1147.75,1104.2576904296875,330841
2020-04-01,1135.0,1205.0,1066.4000244140625,1164.0999755859375,1119.988037109375,337957
2020-04-03,1171.0999755859375,1182.0,1011.0499877929688,1037.550048828125,998.233642578125,512848
2020-04-07,1071.0,1116.1500244140625,1042.0,1102.550048828125,1060.7705078125,328969
2020-04-08,1100.0,1159.300048828125,1062.5,1101.0,1059.279296875,349997
2020-04-09,1116.1500244140625,1151.5,1104.0,1110.8499755859375,1068.7559814453125,259795
2020-04-13,1100.0,1110.0,1061.3499755859375,1075.3499755859375,1034.6011962890625,210552
2020-04-15,1115.0,1131.0,1071.4000244140625,1092.300048828125,1050.9090576171875,506393
2020-04-16,1080.0,1115.0,1054.199951171875,1079.0999755859375,1038.209228515625,452680
2020-04-17,1101.0,1164.5,1101.0,1112.199951171875,1070.054931640625,475912
2020-04-20,1125.0,1136.9000244140625,1080.0,1088.3499755859375,1047.1085205078125,525607
2020-04-21,1075.0,1075.0,1028.5,1040.8499755859375,1001.408447265625,349913
2020-04-22,1042.0,1099.0,1019.4000244140625,1080.75,1039.7967529296875,378375
2020-04-23,1083.5,1220.1500244140625,1083.5,1178.6500244140625,1133.98681640625,864933
2020-04-24,1181.0,1199.0,1085.25,1116.0999755859375,1073.80712890625,945000
2020-04-27,1130.0,1173.800048828125,1078.300048828125,1121.5,1079.00244140625,1040984
2020-04-28,1140.0,1215.9000244140625,1136.75,1178.9000244140625,1134.2275390625,1441303
2020-04-29,1185.0,1247.0,1161.75,1181.8499755859375,1137.0653076171875,1396986
2020-04-30,1205.0,1245.449951171875,1192.9000244140625,1203.449951171875,1157.8470458984375,657718
2020-05-04,1166.0,1225.0,1152.0999755859375,1181.5,1136.7288818359375,900464
2020-05-05,1205.0,1235.0,1174.75,1189.75,1144.6661376953125,801208
2020-05-06,1234.9000244140625,1448.0,1225.5,1418.800048828125,1365.036865234375,5148441
2020-05-07,1401.0,1414.3499755859375,1350.1500244140625,1373.8499755859375,1321.7901611328125,1354819
2020-05-08,1385.0,1431.949951171875,1360.0999755859375,1402.550048828125,1349.402587890625,1296520
2020-05-11,1405.050048828125,1465.949951171875,1400.0,1436.5999755859375,1382.1622314453125,821359
2020-05-12,1420.0,1454.9000244140625,1396.0999755859375,1431.0,1376.7744140625,649246
2020-05-13,1488.0,1488.0,1408.050048828125,1419.25,1365.4696044921875,395733
2020-05-14,1401.0,1404.949951171875,1326.1500244140625,1345.4000244140625,1304.52880859375,435909
2020-05-15,1354.949951171875,1375.0,1334.0999755859375,1358.6500244140625,1317.3763427734375,361711
2020-05-18,1369.8499755859375,1390.949951171875,1330.199951171875,1344.3499755859375,1303.5108642578125,746100
2020-05-19,1354.25,1407.0,1348.550048828125,1373.800048828125,1332.06640625,700013
2020-05-20,1375.0,1424.0,1370.0,1415.1500244140625,1372.1600341796875,456700
2020-05-21,1416.0,1452.0,1396.0,1442.25,1398.436767578125,439231
2020-05-22,1451.0,1573.0,1450.0,1507.050048828125,1461.268310546875,2494192
2020-05-26,1481.1500244140625,1526.3499755859375,1462.199951171875,1485.5,1440.372802734375,598598
2020-05-27,1486.0,1513.6500244140625,1468.0,1493.8499755859375,1448.4693603515625,650710
2020-05-28,1499.050048828125,1511.3499755859375,1456.949951171875,1472.9000244140625,1428.1558837890625,472136
2020-05-29,1478.4000244140625,1497.0,1445.1500244140625,1451.699951171875,1407.5997314453125,547181
2020-06-01,1461.0999755859375,1503.0,1446.5,1450.949951171875,1406.87255859375,626997
2020-06-02,1465.5999755859375,1486.5999755859375,1448.5,1457.5999755859375,1413.320556640625,457703
2020-06-03,1478.0,1488.0,1440.5,1444.1500244140625,1400.279052734375,627595
2020-06-04,1444.1500244140625,1459.8499755859375,1430.1500244140625,1445.300048828125,1401.394287109375,368932
2020-06-05,1454.0,1517.9000244140625,1451.050048828125,1468.1500244140625,1423.550048828125,1153836
2020-06-08,1480.0,1501.949951171875,1443.199951171875,1450.4000244140625,1406.339111328125,313359
2020-06-09,1459.800048828125,1467.050048828125,1381.699951171875,1414.300048828125,1371.3358154296875,645670
2020-06-10,1425.1500244140625,1434.9000244140625,1389.25,1404.550048828125,1361.8822021484375,375820
2020-06-11,1406.9000244140625,1418.75,1353.050048828125,1366.300048828125,1324.794189453125,300744
2020-06-12,1302.0,1354.0,1302.0,1343.1500244140625,1302.3472900390625,302498
2020-06-15,1345.0,1378.0,1324.5,1332.949951171875,1292.4571533203125,320523
2020-06-16,1351.0,1369.800048828125,1328.050048828125,1347.199951171875,1306.2742919921875,254767
2020-06-17,1335.5,1368.0,1322.0,1338.050048828125,1297.4022216796875,244640
2020-06-18,1338.050048828125,1397.949951171875,1334.4000244140625,1370.050048828125,1328.4302978515625,509057
2020-06-19,1384.25,1386.300048828125,1321.5,1330.75,1290.323974609375,755958
2020-06-22,1332.5999755859375,1356.0,1326.8499755859375,1336.550048828125,1295.947998046875,353450
2020-06-23,1335.0,1375.0,1328.0999755859375,1369.300048828125,1327.7027587890625,448529
2020-06-24,1380.0,1432.699951171875,1354.9000244140625,1387.9000244140625,1345.7379150390625,902188
2020-06-25,1362.5999755859375,1386.699951171875,1352.0,1378.550048828125,1336.6719970703125,683129
2020-06-26,1390.0,1506.0,1388.0,1461.699951171875,1417.2957763671875,2314144
2020-06-29,1469.5,1469.5,1408.0,1417.699951171875,1374.632568359375,624987
2020-06-30,1439.199951171875,1439.699951171875,1401.0999755859375,1409.199951171875,1366.390625,291629
2020-07-01,1408.5999755859375,1418.0,1375.0,1384.949951171875,1342.8775634765625,249505
2020-07-02,1390.0,1444.449951171875,1386.0,1412.949951171875,1370.027099609375,555299
2020-07-03,1422.800048828125,1444.0,1413.5999755859375,1420.3499755859375,1377.2020263671875,319136
2020-07-06,1431.0,1461.699951171875,1425.050048828125,1436.25,1392.6192626953125,328937
2020-07-07,1445.0,1577.0,1441.0,1512.75,1466.795166015625,2654421
2020-07-08,1516.3499755859375,1548.800048828125,1490.699951171875,1538.800048828125,1492.0537109375,749173
2020-07-09,1540.0,1617.0,1540.0,1567.5,1519.8819580078125,1328636
2020-07-10,1565.800048828125,1598.699951171875,1547.199951171875,1592.9000244140625,1544.5103759765625,533167
2020-07-13,1594.449951171875,1632.0,1578.5,1587.0,1538.78955078125,638390
2020-07-14,1583.5,1616.0,1534.949951171875,1541.949951171875,1495.1080322265625,442786
2020-07-15,1558.550048828125,1696.0999755859375,1558.5,1688.25,1636.9637451171875,2087733
2020-07-16,1710.699951171875,1760.0,1621.0999755859375,1652.75,1602.5421142578125,1638194
2020-07-17,1652.800048828125,1699.5,1635.0999755859375,1678.699951171875,1627.703857421875,611264
2020-07-20,1690.0,1713.0,1666.0,1692.300048828125,1640.890869140625,285365
2020-07-21,1720.0,1724.0,1660.25,1668.25,1617.5711669921875,338345
2020-07-22,1674.0,1678.199951171875,1632.75,1647.300048828125,1597.2578125,225606
2020-07-23,1653.9000244140625,1673.0,1622.0,1635.3499755859375,1585.670654296875,263689
2020-07-24,1619.949951171875,1719.0,1613.8499755859375,1700.0999755859375,1648.45361328125,1191324
2020-07-27,1710.0,1802.949951171875,1693.800048828125,1769.550048828125,1715.7940673828125,1834260
2020-07-28,1774.0,1797.0,1725.25,1767.4000244140625,1713.7093505859375,1077078
2020-07-29,1811.0,1894.25,1772.550048828125,1862.8499755859375,1806.259521484375,2979702
2020-07-30,1845.0,1950.0,1840.0,1936.550048828125,1877.720703125,1366401
2020-07-31,1932.0,1969.0,1886.9000244140625,1926.199951171875,1867.68505859375,1220905
2020-08-03,1922.0,1953.75,1897.0,1928.6500244140625,1870.0606689453125,455332
2020-08-04,1932.300048828125,1958.4000244140625,1905.25,1944.449951171875,1885.3807373046875,396026
2020-08-05,1944.449951171875,1966.949951171875,1910.449951171875,1918.5999755859375,1860.3160400390625,507874
2020-08-06,1916.0,2039.8499755859375,1916.0,2023.699951171875,1962.2232666015625,2105727
2020-08-07,2020.0,2036.5999755859375,1971.1500244140625,1988.8499755859375,1928.43212890625,804818
2020-08-10,1995.0,2017.0999755859375,1980.0,1989.1500244140625,1928.7227783203125,278255
2020-08-11,2000.0,2079.0,1964.050048828125,1977.800048828125,1917.7176513671875,1278515
2020-08-12,1975.0,2018.9000244140625,1941.6500244140625,2001.949951171875,1941.1339111328125,601923
2020-08-13,2003.0,2044.5,1981.5,1988.3499755859375,1927.9471435546875,478535
2020-08-14,1999.0,2030.0,1968.0,1976.0999755859375,1916.0693359375,338491
2020-08-17,1994.25,2049.0,1978.300048828125,1995.449951171875,1934.831298828125,798426
2020-08-18,2001.0,2028.0,1989.0,2011.5,1950.3939208984375,324744
2020-08-19,2016.9000244140625,2049.300048828125,2004.449951171875,2017.449951171875,1956.1630859375,403938
2020-08-20,2000.0,2028.0,1990.449951171875,2002.5,1941.667236328125,102303
2020-08-21,2009.949951171875,2019.4000244140625,1974.1500244140625,1984.5999755859375,1924.3111572265625,126598
2020-08-24,1988.0,2000.0,1945.4000244140625,1955.449951171875,1896.046630859375,140538
2020-08-25,1958.0,1973.25,1931.5999755859375,1943.550048828125,1884.5081787109375,113492
2020-08-26,1950.0,1958.5999755859375,1920.1500244140625,1950.0999755859375,1890.8590087890625,102513
2020-08-27,1970.0,1975.0,1934.0,1940.1500244140625,1881.2115478515625,149884
2020-08-28,1945.199951171875,2024.449951171875,1945.199951171875,2001.449951171875,1940.6492919921875,156148
2020-08-31,2020.0,2035.0,1910.0999755859375,1924.0,1865.5521240234375,190664
2020-09-01,1933.5,1949.949951171875,1880.5,1891.0,1833.554443359375,113377
2020-09-02,1895.0,1959.9000244140625,1892.5,1945.949951171875,1886.8350830078125,83162
2020-09-03,1965.199951171875,1992.550048828125,1942.25,1960.449951171875,1900.8948974609375,153257
2020-09-04,1921.0,1974.699951171875,1910.9000244140625,1919.0999755859375,1860.80078125,83977
2020-09-07,1922.0,1947.1500244140625,1885.0,1922.5,1864.0975341796875,79638
2020-09-08,1932.0,1984.9000244140625,1910.0,1944.1500244140625,1885.0897216796875,225397
2020-09-09,1938.0,1938.0,1897.0,1909.75,1851.735107421875,94690
2020-09-10,1923.0,1933.1500244140625,1887.9000244140625,1911.75,1853.6741943359375,86090
2020-09-11,1915.0,2102.89990234375,1915.0,2090.60009765625,2027.0909423828125,1772890
2020-09-14,2087.300048828125,2190.14990234375,2062.800048828125,2154.699951171875,2089.24365234375,1091182
2020-09-15,2155.0,2173.25,2125.0,2144.85009765625,2079.693359375,354301
2020-09-16,2140.0,2199.699951171875,2131.550048828125,2181.550048828125,2115.278076171875,254579
2020-09-17,2178.0,2272.0,2156.199951171875,2257.699951171875,2189.114990234375,691066
2020-09-18,2249.0,2249.0,2184.0,2193.699951171875,2127.059326171875,293783
2020-09-21,2205.0,2265.5,2083.699951171875,2102.75,2038.8719482421875,743397
2020-09-22,2105.0,2200.0,2057.39990234375,2161.300048828125,2095.643310546875,507593
2020-09-23,2190.0,2242.0,2150.0,2223.39990234375,2155.856689453125,580960
2020-09-24,2210.0,2215.550048828125,2099.300048828125,2114.449951171875,2050.21630859375,297312
2020-09-25,2135.0,2325.85009765625,2114.449951171875,2304.35009765625,2234.34814453125,1170034
2020-09-28,2328.050048828125,2393.0,2301.199951171875,2384.0,2311.577880859375,625090
2020-09-29,2395.0,2420.0,2316.0,2330.85009765625,2260.042724609375,428100
2020-09-30,2340.0,2347.949951171875,2280.0,2322.199951171875,2251.655029296875,331363
2020-10-01,2338.0,2356.0,2305.0,2335.800048828125,2264.84228515625,305728
2020-10-05,2354.800048828125,2438.949951171875,2330.35009765625,2345.10009765625,2273.859619140625,558318
2020-10-06,2354.5,2414.800048828125,2322.0,2403.60009765625,2330.582275390625,411099
2020-10-07,2405.0,2429.0,2351.449951171875,2395.39990234375,2322.631591796875,244624
2020-10-08,2450.0,2554.89990234375,2437.25,2467.35009765625,2392.395751953125,1017006
2020-10-09,2468.949951171875,2499.949951171875,2420.0,2466.449951171875,2391.52294921875,328969
2020-10-12,2467.0,2710.0,2467.0,2667.60009765625,2586.562744140625,1741341
2020-10-13,2677.699951171875,2814.0,2642.0,2797.5,2712.516845703125,1700000
2020-10-14,2701.25,2767.199951171875,2595.0,2606.699951171875,2527.5126953125,1356652
2020-10-15,2631.0,2649.800048828125,2483.050048828125,2508.64990234375,2432.441162109375,1055096
2020-10-16,2528.0,2598.0,2467.25,2577.199951171875,2498.908447265625,1066656
2020-10-19,2588.0,2627.75,2518.0,2543.449951171875,2466.184326171875,691197
2020-10-20,2536.0,2635.89990234375,2523.14990234375,2576.0,2497.7451171875,810729
2020-10-21,2582.0,2618.5,2480.550048828125,2511.60009765625,2435.3017578125,640088
2020-10-22,2521.050048828125,2563.300048828125,2433.14990234375,2456.64990234375,2382.02099609375,751377
2020-10-23,2500.0,2533.949951171875,2340.0,2380.10009765625,2307.79638671875,1667509
2020-10-26,2365.0,2399.14990234375,2181.5,2212.14990234375,2144.9482421875,6184617
2020-10-27,2180.0,2273.0,2178.39990234375,2228.699951171875,2160.995849609375,1004134
2020-10-28,2228.699951171875,2280.0,2220.0,2242.300048828125,2174.1826171875,554275
2020-10-29,2235.0,2255.800048828125,2170.0,2200.699951171875,2133.84619140625,635810
2020-10-30,2209.0,2278.800048828125,2165.550048828125,2205.64990234375,2138.645751953125,800257
2020-11-02,2205.0,2226.050048828125,2101.949951171875,2117.89990234375,2053.5615234375,429330
2020-11-03,2133.89990234375,2171.5,2077.5,2129.550048828125,2064.857666015625,688573
2020-11-04,2142.10009765625,2229.39990234375,2142.050048828125,2183.75,2117.4111328125,832575
2020-11-05,2222.0,2229.0,2180.0,2197.75,2130.986083984375,357307
2020-11-06,2209.25,2222.800048828125,2180.699951171875,2218.050048828125,2150.66943359375,391952
2020-11-09,2246.300048828125,2339.0,2226.25,2330.14990234375,2259.363525390625,1026412
2020-11-10,2340.0,2346.0,2210.699951171875,2223.89990234375,2156.341796875,758606
2020-11-11,2224.0,2301.75,2214.25,2289.699951171875,2220.142822265625,570470
2020-11-12,2276.0,2354.5,2237.0,2335.25,2264.308837890625,706611
2020-11-13,2328.0,2358.699951171875,2284.0,2304.300048828125,2234.299072265625,386871
2020-11-14,2319.89990234375,2341.199951171875,2306.0,2318.949951171875,2248.504150390625,45252
2020-11-17,2329.0,2329.0,2272.35009765625,2303.89990234375,2233.9111328125,273684
2020-11-18,2310.0,2335.0,2291.60009765625,2318.050048828125,2247.631591796875,287839
2020-11-19,2320.0,2390.0,2310.0,2331.39990234375,2260.575439453125,701805
2020-11-20,2347.0,2405.0,2317.0,2355.0,2283.458984375,716526
2020-11-23,2366.0,2449.0,2349.35009765625,2424.64990234375,2350.99267578125,604392
2020-11-24,2433.75,2485.0,2426.699951171875,2453.050048828125,2378.5302734375,559738
2020-11-25,2457.89990234375,2482.85009765625,2412.199951171875,2424.449951171875,2350.799072265625,412912
2020-11-26,2428.949951171875,2495.0,2420.300048828125,2451.300048828125,2376.83349609375,479070
2020-11-27,2460.85009765625,2478.949951171875,2393.0,2400.64990234375,2327.72216796875,286800
2020-12-01,2404.0,2476.199951171875,2385.0,2455.39990234375,2380.808837890625,315214
2020-12-02,2465.0,2481.60009765625,2407.0,2443.25,2369.02783203125,351021
2020-12-03,2453.0,2514.0,2451.25,2484.60009765625,2409.1220703125,754884
2020-12-04,2497.0,2497.0,2435.800048828125,2448.14990234375,2373.779296875,198270
2020-12-07,2449.89990234375,2485.0,2448.35009765625,2455.699951171875,2381.099853515625,315825
2020-12-08,2464.300048828125,2493.0,2411.0,2477.449951171875,2402.189208984375,394651
2020-12-09,2480.0,2564.550048828125,2474.050048828125,2507.60009765625,2431.423828125,746184
2020-12-10,2510.0,2511.800048828125,2455.699951171875,2481.449951171875,2406.067626953125,230710
2020-12-11,2481.449951171875,2525.0,2465.5,2498.0,2422.11474609375,264368
2020-12-14,2501.0,2519.0,2483.0,2503.14990234375,2427.1083984375,135692
2020-12-15,2507.10009765625,2558.39990234375,2488.85009765625,2540.550048828125,2463.37255859375,352227
2020-12-16,2545.0,2552.85009765625,2505.0,2534.10009765625,2457.11865234375,236588
2020-12-17,2512.0,2549.64990234375,2496.800048828125,2510.550048828125,2434.283447265625,141877
2020-12-18,2530.0,2625.0,2530.0,2556.800048828125,2479.128662109375,974484
2020-12-21,2560.0,2628.050048828125,2305.0,2390.0,2317.3955078125,656398
2020-12-22,2414.0,2596.64990234375,2340.0,2563.25,2485.382568359375,786285
2020-12-23,2575.0,2661.0,2546.449951171875,2632.199951171875,2552.238037109375,778684
2020-12-24,2621.10009765625,2687.0,2590.300048828125,2652.550048828125,2571.969970703125,602180
2020-12-28,2670.0,2715.0,2663.14990234375,2690.89990234375,2609.154541015625,434906
2020-12-29,2690.64990234375,2729.89990234375,2667.85009765625,2680.5,2599.070556640625,333417
2020-12-30,2687.0,2708.0,2657.050048828125,2694.60009765625,2612.74267578125,240135
2020-12-31,2696.0,2714.75,2665.0,2705.14990234375,2622.9716796875,175429
2021-01-01,2703.25,2748.0,2685.85009765625,2722.25,2639.552734375,216757
2021-01-04,2750.89990234375,2867.25,2720.0,2838.550048828125,2752.3193359375,523222
2021-01-05,2840.0,2906.0,2811.10009765625,2882.550048828125,2794.983154296875,632717
2021-01-06,2885.0,2909.550048828125,2761.0,2801.550048828125,2716.443359375,436993
2021-01-07,2830.0,2850.0,2730.0,2740.800048828125,2657.5390625,353906
2021-01-08,2776.5,2825.0,2745.0,2804.199951171875,2719.012939453125,498550
2021-01-11,2820.199951171875,2848.0,2766.449951171875,2817.050048828125,2731.47265625,495273
2021-01-12,2812.39990234375,2831.5,2751.75,2772.35009765625,2688.130859375,222656
2021-01-13,2779.0,2797.5,2666.550048828125,2730.199951171875,2647.260986328125,344363
2021-01-14,2742.39990234375,2753.10009765625,2671.64990234375,2734.0,2650.945556640625,370482
2021-01-15,2753.449951171875,2762.800048828125,2610.0,2637.800048828125,2557.668212890625,375905
2021-01-18,2648.0,2655.0,2491.75,2509.85009765625,2433.604736328125,409992
2021-01-19,2537.89990234375,2553.0,2475.0,2517.0,2440.537841796875,425600
2021-01-20,2530.0,2647.35009765625,2526.0,2620.14990234375,2540.553955078125,574158
2021-01-21,2638.0,2759.199951171875,2535.199951171875,2554.64990234375,2477.0439453125,379262
2021-01-22,2572.25,2587.800048828125,2482.89990234375,2491.0,2415.32763671875,324671
2021-01-25,2496.0,2511.300048828125,2371.85009765625,2397.64990234375,2324.813232421875,340348
2021-01-27,2407.89990234375,2485.0,2371.35009765625,2448.050048828125,2373.681884765625,480020
2021-01-28,2409.5,2427.949951171875,2367.0,2420.10009765625,2346.581298828125,293093
2021-01-29,2420.10009765625,2476.800048828125,2353.0,2392.800048828125,2320.110595703125,656175
2021-02-01,2381.0,2442.300048828125,2325.050048828125,2423.800048828125,2350.1689453125,240826
2021-02-02,2449.89990234375,2498.0,2384.050048828125,2453.050048828125,2378.5302734375,451684
2021-02-03,2470.0,2552.0,2428.60009765625,2523.25,2446.59765625,457239
2021-02-04,2539.0,2561.699951171875,2508.550048828125,2548.300048828125,2470.886962890625,287341
2021-02-05,2565.0,2572.550048828125,2435.25,2498.60009765625,2422.697021484375,575079
2021-02-08,2520.0,2640.449951171875,2480.39990234375,2604.64990234375,2525.52490234375,487169
2021-02-09,2622.0,2643.89990234375,2527.0,2543.64990234375,2466.3779296875,355183
2021-02-10,2555.0,2620.0,2520.14990234375,2605.64990234375,2526.494384765625,340844
2021-02-11,2600.0,2659.0,2574.35009765625,2640.60009765625,2560.3828125,225339
2021-02-12,2658.0,2699.89990234375,2600.0,2611.800048828125,2532.457763671875,381351
2021-02-15,2629.0,2650.0,2581.60009765625,2595.10009765625,2516.265380859375,115606
2021-02-16,2601.0,2653.0,2581.050048828125,2622.050048828125,2542.396484375,341414
2021-02-17,2600.0,2616.0,2540.0,2586.800048828125,2508.21728515625,203604
2021-02-18,2599.89990234375,2666.10009765625,2573.64990234375,2615.800048828125,2536.336181640625,339308
2021-02-19,2615.89990234375,2644.89990234375,2544.10009765625,2570.25,2492.169921875,209259
2021-02-22,2571.0,2586.550048828125,2450.699951171875,2471.0,2395.93505859375,151596
2021-02-23,2483.199951171875,2525.0,2450.0,2465.35009765625,2390.456787109375,179812
2021-02-24,2479.0,2513.949951171875,2300.0,2498.449951171875,2422.55126953125,143008
2021-02-25,2521.0,2561.0,2507.0,2516.89990234375,2440.4404296875,132411
2021-02-26,2512.0,2590.0,2450.5,2542.050048828125,2464.826904296875,248948
2021-03-01,2555.5,2569.0,2476.050048828125,2504.199951171875,2428.126220703125,122858
2021-03-02,2533.25,2619.0,2521.050048828125,2601.300048828125,2522.2763671875,286315
2021-03-03,2618.0,2698.0,2602.0,2674.550048828125,2593.301513671875,326166
2021-03-04,2620.0,2694.85009765625,2620.0,2635.550048828125,2555.486572265625,165983
2021-03-05,2630.0,2655.10009765625,2564.0,2585.64990234375,2507.102294921875,147042
2021-03-08,2618.949951171875,2631.800048828125,2552.0,2563.14990234375,2485.285400390625,136788
2021-03-09,2583.0,2631.0,2495.10009765625,2582.800048828125,2504.3388671875,188462
2021-03-10,2620.0,2757.0,2620.0,2734.0,2650.945556640625,1193338
2021-03-12,2742.0,2793.949951171875,2711.0,2722.10009765625,2639.4072265625,476338
2021-03-15,2740.0,2840.0,2727.0,2825.39990234375,2739.56884765625,757455
2021-03-16,2840.0,3015.25,2825.0,2993.550048828125,2902.611083984375,1308579
2021-03-17,2980.0,3032.0,2930.0,2949.550048828125,2859.947509765625,784046
2021-03-18,2953.89990234375,2989.949951171875,2840.85009765625,2874.39990234375,2787.080078125,468053
2021-03-19,2882.0,3000.0,2815.050048828125,2966.75,2876.624755859375,481531
2021-03-22,2975.64990234375,3012.800048828125,2895.199951171875,2921.199951171875,2832.458984375,325777
2021-03-23,2932.699951171875,2964.25,2853.199951171875,2866.550048828125,2779.468994140625,238913
2021-03-24,2848.0,2894.60009765625,2814.050048828125,2825.64990234375,2739.811279296875,288497
2021-03-25,2838.0,2839.449951171875,2725.0,2751.39990234375,2667.81689453125,298289
2021-03-26,2771.0,2844.0,2750.0,2796.050048828125,2711.11083984375,249711
2021-03-30,2832.0,2988.0,2776.300048828125,2960.10009765625,2870.17724609375,706354
2021-03-31,2931.0,2946.0,2875.0,2926.949951171875,2838.03369140625,337479
2021-04-01,2936.0,3070.800048828125,2888.14990234375,2933.449951171875,2844.336669921875,832101
2021-04-05,2919.0,3059.89990234375,2885.0,3036.60009765625,2944.35302734375,766853
2021-04-06,3050.0,3069.949951171875,2985.300048828125,2998.949951171875,2907.8466796875,511609
2021-04-07,2998.89990234375,3139.699951171875,2990.14990234375,3107.64990234375,3013.24462890625,998900
2021-04-08,3121.0,3184.949951171875,3055.0,3078.949951171875,2985.416259765625,638091
2021-04-09,3098.39990234375,3181.89990234375,3090.050048828125,3167.85009765625,3071.6162109375,567715
2021-04-12,3153.800048828125,3195.449951171875,3040.0,3118.300048828125,3023.5712890625,686244
2021-04-13,3140.0,3150.0,2817.699951171875,2890.5,2802.69140625,1192328
2021-04-15,2870.0,3072.0,2870.0,3045.050048828125,2952.54638671875,1197238
2021-04-16,3045.0,3222.89990234375,3035.050048828125,3171.949951171875,3075.59130859375,1118546
2021-04-19,3050.949951171875,3170.0,3050.949951171875,3111.64990234375,3017.123291015625,524015
2021-04-20,3129.0,3147.949951171875,2987.75,3010.0,2918.5615234375,494558
2021-04-22,3018.60009765625,3019.0,2864.949951171875,2878.949951171875,2791.491943359375,531624
2021-04-23,2890.0,2979.949951171875,2843.300048828125,2851.0,2764.3916015625,655022
2021-04-26,2869.89990234375,2900.949951171875,2799.800048828125,2808.10009765625,2722.794677734375,381791
2021-04-27,2832.699951171875,2869.0,2785.0,2838.10009765625,2751.8828125,441989
2021-04-28,2839.75,2896.0,2825.0,2868.199951171875,2781.068603515625,298609
2021-04-29,2893.89990234375,2931.0,2830.89990234375,2844.699951171875,2758.282470703125,396597
2021-04-30,2843.800048828125,2919.75,2820.60009765625,2869.050048828125,2781.89306640625,473597
2021-05-03,2875.949951171875,2915.0,2831.0,2902.75,2814.569091796875,267322
2021-05-04,2920.0,2946.89990234375,2844.60009765625,2850.300048828125,2763.712646484375,291720
2021-05-05,2856.39990234375,2905.35009765625,2835.300048828125,2892.75,2804.872802734375,256580
2021-05-06,2905.0,3449.0,2821.85009765625,3396.14990234375,3292.98046875,6409969
2021-05-07,3374.0,3544.800048828125,3318.300048828125,3380.75,3278.04833984375,3382726
2021-05-10,3374.949951171875,3374.949951171875,3142.699951171875,3222.10009765625,3124.218017578125,2405760
2021-05-11,3225.0,3469.89990234375,3177.050048828125,3418.39990234375,3314.554443359375,2264123
2021-05-12,3411.0,3442.85009765625,3336.050048828125,3392.10009765625,3289.0537109375,814552
2021-05-14,3391.0,3391.0,3276.14990234375,3349.550048828125,3247.796142578125,394498
2021-05-17,3372.0,3489.0,3336.050048828125,3367.449951171875,3265.152587890625,704552
2021-05-18,3376.0,3515.35009765625,3369.050048828125,3430.199951171875,3338.8857421875,882274
2021-05-19,3399.0,3457.60009765625,3251.550048828125,3277.75,3190.493896484375,3480261
2021-05-20,3277.75,3359.39990234375,3265.0,3323.199951171875,3234.734130859375,1314899
2021-05-21,3350.0,3385.89990234375,3315.25,3330.199951171875,3241.5478515625,867323
2021-05-24,3348.0,3374.85009765625,3261.699951171875,3290.39990234375,3202.807373046875,639900
2021-05-25,3300.0,3374.5,3295.5,3341.800048828125,3252.83935546875,521689
2021-05-26,3345.0,3505.0,3345.0,3484.64990234375,3391.886474609375,1358170
2021-05-27,3498.699951171875,3564.10009765625,3460.75,3495.89990234375,3402.8369140625,1267263
2021-05-28,3510.0,3585.0,3500.0,3543.050048828125,3448.731689453125,649978
2021-05-31,3558.0,3579.0,3511.10009765625,3529.39990234375,3435.444580078125,418257
2021-06-01,3540.0,3598.0,3505.89990234375,3588.60009765625,3493.069580078125,428643
2021-06-02,3588.0,3610.0,3530.0,3575.64990234375,3480.4638671875,370855
2021-06-03,3575.0,3659.550048828125,3560.0,3644.449951171875,3547.432373046875,518452
2021-06-04,3660.0,3715.0,3650.0,3694.10009765625,3595.7607421875,663470
2021-06-07,3694.10009765625,3732.0,3660.800048828125,3713.39990234375,3614.546875,336542
2021-06-08,3717.0,3849.39990234375,3717.0,3824.10009765625,3722.2998046875,958609
2021-06-09,3840.0,3968.0,3831.949951171875,3848.550048828125,3746.098876953125,1103959
2021-06-10,3878.800048828125,3940.0,3870.0,3896.89990234375,3793.16162109375,394096
2021-06-11,3916.39990234375,4009.699951171875,3906.0,3978.949951171875,3873.027587890625,601470
2021-06-14,4013.949951171875,4013.949951171875,3873.050048828125,3908.449951171875,3804.404296875,446759
2021-06-15,3925.449951171875,3989.0,3925.449951171875,3944.85009765625,3839.83544921875,280264
2021-06-16,3962.949951171875,4026.0,3911.0,3977.5,3871.616455078125,451884
2021-06-17,3963.699951171875,4015.550048828125,3941.14990234375,3978.60009765625,3872.68701171875,229866
2021-06-18,4010.0,4048.85009765625,3870.0,3971.050048828125,3865.338134765625,412475
2021-06-21,3959.949951171875,4028.75,3878.199951171875,4008.64990234375,3901.93701171875,299027
2021-06-22,4044.75,4044.75,3963.25,3978.64990234375,3872.73583984375,279225
2021-06-23,3996.449951171875,4028.699951171875,3920.0,3935.85009765625,3831.075439453125,297161
2021-06-24,3964.0,4090.0,3947.800048828125,4072.85009765625,3964.427978515625,457117
2021-06-25,4100.75,4157.7001953125,4055.0,4097.7001953125,3988.61669921875,548604
2021-06-28,4110.0,4138.0,4065.0,4122.4501953125,4012.707763671875,201561
2021-06-29,4121.85009765625,4121.85009765625,4032.0,4061.300048828125,3953.185302734375,289428
2021-06-30,4070.0,4174.0,4070.0,4157.2998046875,4046.630126953125,390047
2021-07-01,4159.89990234375,4205.10009765625,4106.5,4193.60009765625,4081.96337890625,284271
2021-07-02,4195.0,4256.0,4090.050048828125,4196.9501953125,4085.224853515625,713841
2021-07-05,4201.0,4279.0,4180.0498046875,4219.2001953125,4106.88232421875,414482
2021-07-06,4235.0,4238.0,4134.0498046875,4193.14990234375,4081.5263671875,453052
2021-07-07,4190.0,4259.0,4120.0498046875,4245.0498046875,4132.04443359375,364907
2021-07-08,4217.0,4520.14990234375,4215.0,4464.60009765625,4345.75048828125,862070
2021-07-09,4449.0,4479.0,4295.0,4356.5498046875,4240.57568359375,779102
2021-07-12,4360.0,4409.85009765625,4313.0,4388.25,4271.43115234375,398500
2021-07-13,4400.0,4419.75,4300.0,4320.35009765625,4205.3388671875,208757
2021-07-14,4339.4501953125,4558.7998046875,4339.0,4534.7001953125,4413.9833984375,930414
2021-07-15,4544.39990234375,4610.0,4488.9501953125,4589.60009765625,4467.42236328125,527612
2021-07-16,4575.7998046875,4582.0,4500.5,4547.75,4426.68603515625,284143
2021-07-19,4539.9501953125,4663.0,4505.0,4544.4501953125,4423.47412109375,348508
2021-07-20,4567.0,4578.7001953125,4474.4501953125,4541.2998046875,4420.40771484375,310084
2021-07-22,4558.85009765625,4690.0,4555.0,4663.2001953125,4539.06201171875,316756
2021-07-23,4678.0,4767.2998046875,4671.2998046875,4688.4501953125,4563.64111328125,370756
2021-07-26,4686.0,4759.89990234375,4680.0,4717.5498046875,4591.96533203125,257317
2021-07-27,4745.0,4759.0,4685.0,4723.39990234375,4597.6591796875,183614
2021-07-28,4725.0,4849.89990234375,4563.60009765625,4742.9501953125,4616.689453125,981330
2021-07-29,4825.0,5201.0,4825.0,5171.5498046875,5033.8798828125,1557599
2021-07-30,5188.0,5230.0,5035.0498046875,5083.89990234375,4948.5625,504421
2021-08-02,5114.60009765625,5188.0,5090.0498046875,5142.10009765625,5005.2138671875,207068
2021-08-03,5187.5498046875,5213.5,4933.5498046875,4964.60009765625,4832.439453125,498197
2021-08-04,4860.10009765625,4873.0,4642.25,4723.7998046875,4598.0498046875,7451757
2021-08-05,4764.0,4844.0,4740.0,4768.5,4641.55908203125,801906
2021-08-06,4780.0,4840.0,4762.0,4789.64990234375,4662.14697265625,403102
2021-08-09,4780.0,4834.10009765625,4749.14990234375,4799.60009765625,4684.5458984375,300321
2021-08-10,4824.0,4906.85009765625,4760.0,4811.35009765625,4696.0146484375,478452
2021-08-11,4830.0,4864.0,4664.14990234375,4690.7998046875,4578.35400390625,434881
2021-08-12,4730.0,4856.9501953125,4720.0498046875,4847.10009765625,4730.9072265625,376225
2021-08-13,4850.0,4881.7998046875,4789.9501953125,4811.4501953125,4696.1123046875,335581
2021-08-16,4840.0,4850.0,4753.10009765625,4784.9501953125,4670.24755859375,254097
2021-08-17,4795.89990234375,4948.0,4786.9501953125,4869.2001953125,4752.47802734375,553891
2021-08-18,4908.85009765625,5055.0,4872.2998046875,4975.85009765625,4856.57080078125,758653
2021-08-20,4948.0,5025.0,4805.85009765625,4906.7001953125,4789.0791015625,444577
2021-08-23,4936.89990234375,5068.0,4901.64990234375,4987.85009765625,4868.28369140625,466364
2021-08-24,5012.75,5049.89990234375,4815.5498046875,4942.7001953125,4824.2158203125,314094
2021-08-25,4970.0,5249.7998046875,4962.0,4999.0,4879.16552734375,1420879
2021-08-26,5000.0,5125.0,4915.0,4968.75,4849.6416015625,510288
2021-08-27,4995.10009765625,5128.5498046875,4947.25,5077.0,4955.296875,481320
2021-08-30,5125.89990234375,5154.35009765625,5081.60009765625,5121.4501953125,4998.6806640625,252971
2021-08-31,5146.5498046875,5336.60009765625,5121.5,5208.75,5083.88818359375,650782
2021-09-01,5201.10009765625,5246.2998046875,5143.25,5167.5498046875,5043.67578125,199398
2021-09-02,5184.0,5199.89990234375,5036.25,5157.9501953125,5034.3056640625,381235
2021-09-03,5185.0,5312.9501953125,5130.7998046875,5243.25,5117.560546875,620969
2021-09-06,5268.0,5302.0,5242.0,5281.0,5154.40625,312573
2021-09-07,5297.0,5312.7001953125,5160.0,5179.5498046875,5055.38818359375,227328
2021-09-08,5199.9501953125,5214.39990234375,5082.0498046875,5136.10009765625,5012.9794921875,306059
2021-09-09,5155.4501953125,5183.60009765625,5083.0,5114.9501953125,4992.33642578125,224361
2021-09-13,5120.0,5226.0,5100.0,5177.85009765625,5053.72900390625,387892
2021-09-14,5205.0,5339.64990234375,5170.0,5295.5498046875,5168.607421875,396367
2021-09-15,5319.0,5407.85009765625,5265.35009765625,5369.2998046875,5240.58935546875,445246
2021-09-16,5425.60009765625,5518.89990234375,5380.10009765625,5465.4501953125,5334.4345703125,658167
2021-09-17,5485.0,5525.0,5405.0,5444.7001953125,5314.181640625,300369
2021-09-20,5444.0,5544.64990234375,5326.0,5350.64990234375,5222.38671875,313150
2021-09-21,5372.0,5557.75,5314.9501953125,5531.5,5398.90087890625,395641
2021-09-22,5570.0,5649.0,5500.35009765625,5560.35009765625,5427.05908203125,348470
2021-09-23,5620.5,5674.64990234375,5558.25,5652.75,5517.244140625,220233
2021-09-24,5710.4501953125,5832.9501953125,5580.25,5649.0,5513.58447265625,468197
2021-09-27,5690.0,5695.10009765625,5301.35009765625,5415.10009765625,5285.2919921875,622421
2021-09-28,5460.0,5460.39990234375,5150.0,5214.7998046875,5089.79248046875,522354
2021-09-29,5175.0,5299.89990234375,5001.0,5260.7001953125,5134.59326171875,580822
2021-09-30,5300.0,5321.7998046875,5204.0498046875,5241.2998046875,5115.65771484375,355976
2021-10-01,5209.0,5325.0,5175.0498046875,5279.5,5152.94189453125,264231
2021-10-04,5298.60009765625,5368.0,5251.0,5337.9501953125,5209.9912109375,189050
2021-10-05,5320.0,5411.35009765625,5243.0498046875,5382.39990234375,5253.375,256979
2021-10-06,5425.64990234375,5459.9501953125,5276.35009765625,5301.7998046875,5174.70703125,306747
2021-10-07,5347.9501953125,5499.0,5333.0498046875,5448.9501953125,5318.33056640625,232968
2021-10-08,5469.7998046875,5730.0,5435.0,5645.85009765625,5510.51025390625,568821
2021-10-11,5600.0,5600.0,5159.35009765625,5362.0498046875,5233.513671875,500224
2021-10-12,5378.5,5413.9501953125,5215.0,5279.39990234375,5152.8447265625,379305
2021-10-13,5315.0,5350.0,5285.0,5337.7998046875,5209.84423828125,180526
2021-10-14,5420.0,5790.0,5420.0,5604.10009765625,5469.7607421875,814033
2021-10-18,5662.7998046875,5691.9501953125,5511.60009765625,5604.85009765625,5470.4931640625,312740
2021-10-19,5650.0,5990.0,5640.0498046875,5861.39990234375,5720.892578125,930411
2021-10-20,5864.7001953125,6030.0,5680.0,5820.39990234375,5680.8759765625,550669
2021-10-21,5840.0,5849.2998046875,5403.89990234375,5448.4501953125,5317.84228515625,566651
2021-10-22,5509.60009765625,5565.0,5335.39990234375,5397.5,5268.11328125,417767
2021-10-25,5310.0,5345.0,4726.60009765625,5069.2998046875,4947.78076171875,1152746
2021-10-26,5118.0,5207.9501953125,4962.0498046875,5088.0498046875,4966.0810546875,489882
2021-10-27,5113.4501953125,5144.39990234375,4983.14990234375,5042.85009765625,4921.96484375,426492
2021-10-28,5064.0,5128.25,4950.10009765625,5033.25,4912.5947265625,444979
2021-10-29,4976.0,5033.0,4834.10009765625,4870.4501953125,4753.69775390625,450428
2021-11-01,4930.0,5099.9501953125,4890.0,5077.4501953125,4955.7353515625,479337
2021-11-02,5121.0,5150.7001953125,5019.4501953125,5043.5,4922.599609375,275032
2021-11-03,5054.7998046875,5093.0,5009.0,5064.89990234375,4956.26123046875,194311
2021-11-04,5085.0,5108.25,5065.2998046875,5081.39990234375,4972.408203125,21617
2021-11-08,5100.0,5288.0,5025.0,5251.64990234375,5139.005859375,406781
2021-11-09,5270.0,5413.9501953125,5211.10009765625,5381.9501953125,5266.51123046875,377416
2021-11-10,5375.0,5375.0,5287.89990234375,5354.14990234375,5239.30712890625,235038
2021-11-11,5335.10009765625,5404.85009765625,5257.64990234375,5376.2001953125,5260.88427734375,206501
2021-11-12,5431.0,5470.0,5369.85009765625,5418.0,5301.7880859375,244516
2021-11-15,5410.35009765625,5518.4501953125,5396.14990234375,5496.2001953125,5378.31103515625,249902
2021-11-16,5600.0,5874.0,5572.0,5721.75,5599.0224609375,1651697
2021-11-17,5755.0498046875,5937.5498046875,5682.0,5839.35009765625,5714.1005859375,689317
2021-11-18,5850.0,5857.60009765625,5508.0,5572.10009765625,5452.5830078125,598738
2021-11-22,5608.10009765625,5608.10009765625,5319.0498046875,5428.25,5311.818359375,260848
2021-11-23,5365.0,5504.64990234375,5242.2998046875,5455.89990234375,5338.875,293075
2021-11-24,5483.2001953125,5497.7001953125,5322.0,5377.7001953125,5262.3525390625,321185
2021-11-25,5398.0,5535.0,5351.0,5502.7998046875,5384.76904296875,208206
2021-11-26,5489.0,5530.0,5202.0,5267.64990234375,5154.66259765625,439900
2021-11-29,5200.0,5359.14990234375,5033.10009765625,5292.75,5179.22412109375,249375
2021-11-30,5348.0,5470.0,5286.10009765625,5431.60009765625,5315.095703125,373233
2021-12-01,5399.35009765625,5454.2998046875,5308.10009765625,5378.60009765625,5263.23291015625,347425
2021-12-02,5418.7998046875,5438.0,5312.10009765625,5414.14990234375,5298.02099609375,455418
2021-12-03,5436.89990234375,5479.4501953125,5332.0,5350.14990234375,5235.39306640625,209372
2021-12-06,5330.0,5370.0,5101.10009765625,5125.25,5015.3173828125,249883
2021-12-07,5198.7001953125,5290.0,5001.0,5208.5,5096.78173828125,489238
2021-12-08,5300.0,5342.5,5223.0,5252.4501953125,5139.78955078125,244702
2021-12-09,5293.9501953125,5300.5,5212.5,5270.25,5157.20751953125,129050
2021-12-10,5240.0,5338.75,5220.0,5315.35009765625,5201.33984375,173159
2021-12-13,5350.0,5587.0,5326.5498046875,5476.4501953125,5358.98388671875,401546
2021-12-14,5338.7998046875,5496.25,5338.7998046875,5439.4501953125,5322.7783203125,233815
2021-12-15,5443.0,5474.0,5300.0,5312.7998046875,5198.84423828125,218216
2021-12-16,5375.0,5455.0,5315.85009765625,5355.35009765625,5240.48193359375,296945
2021-12-17,5427.0,5498.5,5346.0,5392.9501953125,5277.275390625,360707
2021-12-20,5345.0,5345.0,5060.0,5181.9501953125,5070.8017578125,322070
2021-12-21,5245.0,5430.0,5212.39990234375,5396.89990234375,5281.140625,330003
2021-12-22,5429.0,5525.0,5400.0,5474.2001953125,5356.78271484375,343462
2021-12-23,5500.0,5570.0,5435.25,5455.5,5338.4833984375,204428
2021-12-24,5468.0,5668.75,5461.35009765625,5645.60009765625,5524.505859375,517808
2021-12-27,5657.0,5674.64990234375,5549.39990234375,5618.14990234375,5497.64453125,294655
2021-12-28,5657.0,5732.9501953125,5623.89990234375,5655.7001953125,5534.39013671875,271227
2021-12-29,5635.0,5695.0,5605.0,5649.10009765625,5527.931640625,160761
2021-12-30,5640.10009765625,5910.0,5629.0,5860.64990234375,5734.943359375,544368
2021-12-31,5890.0,5923.4501953125,5820.60009765625,5890.35009765625,5764.00634765625,276520
2022-01-03,5920.0,6005.0,5910.0,5973.14990234375,5845.0302734375,313011
2022-01-04,6025.0,6135.0,5990.14990234375,6105.39990234375,5974.44384765625,669217
2022-01-05,6107.7001953125,6107.7001953125,5890.9501953125,5939.5,5812.1025390625,696187
2022-01-06,5850.0,5984.39990234375,5756.64990234375,5931.14990234375,5803.9306640625,343998
2022-01-07,5975.0,5975.0,5710.75,5756.2001953125,5632.73388671875,251810
2022-01-10,5813.5,5813.5,5560.0,5580.5498046875,5460.8515625,380344
2022-01-11,5616.7001953125,5887.89990234375,5614.9501953125,5767.14990234375,5643.4482421875,768310
2022-01-12,5800.0,5838.75,5732.0,5788.35009765625,5664.1943359375,246096
2022-01-13,5820.0,5864.7998046875,5685.64990234375,5726.64990234375,5603.81689453125,209226
2022-01-14,5650.0,5710.0,5625.0,5688.5498046875,5566.53466796875,183286
2022-01-17,5710.7001953125,5720.0,5613.2998046875,5628.0,5507.283203125,170630
2022-01-18,5675.0,5675.0,5381.7001953125,5410.2001953125,5294.1552734375,278602
2022-01-19,5420.0,5459.14990234375,5281.2001953125,5408.25,5292.2470703125,338798
2022-01-20,5398.0,5440.0,5222.5,5310.85009765625,5196.93603515625,292397
2022-01-21,5250.0,5385.0,5154.75,5200.35009765625,5088.806640625,249713
2022-01-24,5200.0,5200.0,4801.0,4824.9501953125,4721.4580078125,388087
2022-01-25,4685.0,4878.25,4651.39990234375,4781.64990234375,4679.08642578125,263837
2022-01-27,4775.0,4775.0,4371.0,4400.7998046875,4306.40625,543551
2022-01-28,4601.5,4825.0,4560.0,4713.25,4612.15380859375,1344133
2022-01-31,4807.0,4910.0,4763.10009765625,4813.5,4710.25439453125,466619
2022-02-01,4925.0,4948.60009765625,4715.0498046875,4790.89990234375,4688.13916015625,425010
2022-02-02,4809.0,4862.89990234375,4756.39990234375,4822.7998046875,4719.3544921875,413069
2022-02-03,4829.0,4842.0,4660.0498046875,4678.5,4578.150390625,347569
2022-02-04,4675.0,4739.0,4588.0,4695.10009765625,4594.3935546875,411521
2022-02-07,4690.0,4759.0,4613.0,4658.85009765625,4571.57861328125,327157
2022-02-08,4677.0,4717.0,4545.0,4581.39990234375,4495.580078125,276669
2022-02-09,4625.0,4775.0,4610.0498046875,4763.7998046875,4674.5625,322221
2022-02-10,4790.0,4819.14990234375,4713.5,4729.5498046875,4640.95458984375,188286
2022-02-11,4645.0,4659.14990234375,4525.0,4541.60009765625,4456.52587890625,355001
2022-02-14,4370.0,4513.2001953125,4300.0,4355.25,4273.666015625,257780
2022-02-15,4390.0,4528.0,4331.5,4504.39990234375,4420.0224609375,351084
2022-02-16,4572.0,4590.5498046875,4430.10009765625,4461.89990234375,4378.31787109375,263626
2022-02-17,4473.0,4493.0,4364.0,4388.60009765625,4306.3916015625,223742
2022-02-18,4335.10009765625,4419.9501953125,4305.0498046875,4320.4501953125,4239.51806640625,217360
2022-02-21,4300.0,4510.0,4240.0,4412.89990234375,4330.23583984375,479555
2022-02-22,4205.10009765625,4448.64990234375,4205.10009765625,4418.10009765625,4335.3388671875,283211
2022-02-23,4455.0,4494.10009765625,4390.0,4436.64990234375,4353.5419921875,146695
2022-02-24,4302.25,4319.39990234375,4188.5498046875,4226.0498046875,4146.8857421875,358480
2022-02-25,4325.0,4517.0,4260.0,4501.89990234375,4417.56884765625,332829
2022-02-28,4370.0,4561.2001953125,4370.0,4535.5,4450.53955078125,294206
2022-03-02,4500.0,4549.7998046875,4480.0,4492.4501953125,4408.2958984375,229823
2022-03-03,4550.0,4693.64990234375,4493.0498046875,4678.39990234375,4590.7626953125,630484
2022-03-04,4646.0,4727.0498046875,4554.75,4662.4501953125,4575.111328125,326327
2022-03-07,4513.35009765625,4748.0,4481.14990234375,4722.39990234375,4633.9384765625,493455
2022-03-08,4741.5,4842.7998046875,4672.60009765625,4812.85009765625,4722.6943359375,460570
2022-03-09,4857.2001953125,4873.85009765625,4526.0,4556.10009765625,4470.75390625,861200
2022-03-10,4349.75,4350.0,4227.39990234375,4260.0,4180.2001953125,3662287
2022-03-11,4258.7998046875,4329.5,4235.2001953125,4298.2998046875,4217.78369140625,771438
2022-03-14,4290.0,4394.75,4217.10009765625,4375.2001953125,4293.2421875,721974
2022-03-15,4387.0,4410.0,4084.10009765625,4151.60009765625,4073.8310546875,993833
2022-03-16,4201.0,4359.89990234375,4201.0,4350.4501953125,4268.95556640625,860347
2022-03-17,4425.0,4435.0,4365.0,4411.0498046875,4328.42138671875,961418
2022-03-21,4444.0,4485.0,4393.9501953125,4433.89990234375,4350.8427734375,285651
2022-03-22,4425.0,4480.0,4388.0,4457.7001953125,4374.197265625,217962
2022-03-23,4485.89990234375,4497.0,4406.7998046875,4435.4501953125,4352.36376953125,165563
2022-03-24,4429.9501953125,4499.0,4401.10009765625,4478.9501953125,4395.04931640625,315979
2022-03-25,4490.0,4525.0,4402.0,4423.0498046875,4340.1962890625,307230
2022-03-28,4430.0,4440.2001953125,4315.0,4337.64990234375,4256.39599609375,230886
2022-03-29,4355.0,4422.0,4342.64990234375,4407.9501953125,4325.37939453125,198123
2022-03-30,4426.0,4532.0,4398.64990234375,4521.9501953125,4437.24365234375,327496
2022-03-31,4565.89990234375,4565.89990234375,4440.0,4457.5,4374.0009765625,246086
2022-04-01,4490.0,4498.0,4351.0498046875,4414.85009765625,4332.14990234375,330097
2022-04-04,4460.0,4545.0,4414.85009765625,4511.60009765625,4427.087890625,319208
2022-04-05,4539.89990234375,4605.0,4511.60009765625,4557.60009765625,4472.22509765625,359073
2022-04-06,4546.0,4554.0,4450.0,4464.25,4380.62451171875,244539
2022-04-07,4462.0,4493.89990234375,4380.14990234375,4389.14990234375,4306.9306640625,358080
2022-04-08,4429.89990234375,4433.5498046875,4361.7998046875,4373.14990234375,4291.23046875,186265
2022-04-11,4379.0,4392.60009765625,4295.0,4312.2998046875,4231.52001953125,255565
2022-04-12,4170.0,4294.0,4105.14990234375,4147.10009765625,4069.415283203125,405695
2022-04-13,4194.2001953125,4239.0,4150.0,4160.7998046875,4082.85888671875,230465
2022-04-18,4072.0,4119.85009765625,3995.0,4071.75,3995.476806640625,412152
2022-04-19,4120.0,4167.35009765625,3977.050048828125,4027.300048828125,3951.859375,329391
2022-04-20,4070.0,4070.0,3935.14990234375,3981.699951171875,3907.113525390625,359189
2022-04-21,4030.0,4106.89990234375,3991.0,4093.050048828125,4016.377685546875,291958
2022-04-22,4080.0,4150.0498046875,4002.0,4129.25,4051.89990234375,278857
2022-04-25,4109.9501953125,4109.9501953125,3993.0,4001.449951171875,3926.493408203125,215631
2022-04-26,4035.0,4060.0,4002.0,4042.85009765625,3967.1181640625,110847
2022-04-27,4002.050048828125,4050.0,3961.14990234375,4032.949951171875,3957.4033203125,156425
2022-04-28,4085.0,4140.0498046875,4021.75,4101.14990234375,4024.326171875,187304
2022-04-29,4155.0,4250.0,4115.0498046875,4200.2001953125,4121.5205078125,328848
2022-05-02,4175.0,4175.0,4060.699951171875,4116.5498046875,4039.437255859375,130130
2022-05-04,4129.7001953125,4185.0,4029.699951171875,4058.449951171875,3982.42578125,138530
2022-05-05,4109.75,4216.89990234375,4058.449951171875,4171.60009765625,4093.45654296875,252269
2022-05-06,4050.0,4056.64990234375,3590.75,3905.39990234375,3832.242919921875,1894205
2022-05-09,3863.64990234375,3928.89990234375,3767.0,3857.550048828125,3785.289306640625,482319
2022-05-10,3850.0,3904.14990234375,3634.449951171875,3649.300048828125,3580.9404296875,341964
2022-05-11,3690.0,3767.699951171875,3595.0,3721.60009765625,3651.88623046875,343644
2022-05-12,3675.199951171875,3734.89990234375,3552.25,3653.89990234375,3585.453857421875,514608
2022-05-13,3755.0,3799.0,3659.14990234375,3743.25,3673.13037109375,459879
2022-05-16,3750.64990234375,3878.0,3744.050048828125,3795.699951171875,3724.597900390625,331975
2022-05-17,3820.0,3964.300048828125,3810.75,3940.64990234375,3866.832763671875,234291
2022-05-18,3947.85009765625,4071.699951171875,3920.25,3950.35009765625,3876.35107421875,286320
2022-05-19,3830.0,3834.699951171875,3624.0,3664.800048828125,3596.150146484375,478763
2022-05-20,3759.0,3800.0,3672.199951171875,3786.949951171875,3716.011962890625,230550
2022-05-23,3818.0,3891.0,3768.449951171875,3853.199951171875,3794.045166015625,197987
2022-05-24,3873.949951171875,3873.949951171875,3698.14990234375,3714.050048828125,3657.031494140625,183500
2022-05-25,3714.050048828125,3727.10009765625,3436.60009765625,3453.949951171875,3400.92431640625,393015
2022-05-26,3490.0,3535.699951171875,3353.0,3477.85009765625,3424.45751953125,419377
2022-05-27,3515.0,3699.0,3515.0,3671.449951171875,3615.08544921875,483150
2022-05-30,3775.0,3915.0,3752.550048828125,3898.300048828125,3838.452880859375,470643
2022-05-31,3912.949951171875,3950.0,3831.10009765625,3911.5,3851.449951171875,455797
2022-06-01,3911.5,3952.699951171875,3767.0,3793.449951171875,3735.21240234375,325416
2022-06-02,3793.449951171875,3885.0,3763.050048828125,3840.14990234375,3781.1953125,251059
2022-06-03,3939.0,4010.0,3737.39990234375,3760.10009765625,3702.374755859375,624675
2022-06-06,3749.050048828125,3749.050048828125,3574.60009765625,3606.85009765625,3551.477294921875,595666
2022-06-07,3595.0,3639.949951171875,3532.550048828125,3550.35009765625,3495.844482421875,288049
2022-06-08,3584.0,3589.89990234375,3456.699951171875,3498.5,3444.79052734375,408376
2022-06-09,3474.800048828125,3559.949951171875,3435.0,3550.199951171875,3495.69677734375,304889
2022-06-10,3498.0,3515.0,3391.199951171875,3483.199951171875,3429.725341796875,345340
2022-06-13,3410.0,3410.0,3301.050048828125,3311.5,3260.661376953125,364406
2022-06-14,3263.0,3355.0,3220.10009765625,3233.800048828125,3184.154541015625,406521
2022-06-15,3299.89990234375,3299.89990234375,3218.10009765625,3277.449951171875,3227.1337890625,303870
2022-06-16,3345.0,3390.0,3261.25,3295.949951171875,3245.35009765625,475210
2022-06-17,3300.0,3469.89990234375,3275.050048828125,3375.800048828125,3323.974365234375,1396287
2022-06-20,3403.949951171875,3448.0,3338.449951171875,3369.699951171875,3317.968017578125,433191
2022-06-21,3400.0,3625.0,3396.800048828125,3594.25,3539.070556640625,588657
2022-06-22,3570.0,3570.0,3463.0,3503.050048828125,3449.27099609375,383004
2022-06-23,3503.050048828125,3708.89990234375,3495.050048828125,3678.85009765625,3622.371826171875,314327
2022-06-24,3735.300048828125,3738.85009765625,3579.5,3647.35009765625,3591.355712890625,372701
2022-06-27,3719.0,3828.0,3705.85009765625,3791.10009765625,3732.8984375,449206
2022-06-28,3751.35009765625,3781.85009765625,3710.0,3735.199951171875,3677.856689453125,309547
2022-06-29,3637.60009765625,3706.0,3637.60009765625,3662.25,3606.026611328125,398973
2022-06-30,3675.0,3698.550048828125,3530.0,3539.300048828125,3484.964111328125,273443
2022-07-01,3538.0,3538.0,3419.89990234375,3488.050048828125,3434.5009765625,536217
2022-07-04,3510.0,3534.85009765625,3407.0,3505.85009765625,3452.02783203125,199527
2022-07-05,3537.89990234375,3584.39990234375,3490.0,3542.550048828125,3488.164306640625,334389
2022-07-06,3550.89990234375,3624.0,3525.0,3608.199951171875,3552.806396484375,251148
2022-07-07,3627.0,3720.0,3571.10009765625,3609.449951171875,3554.037109375,458481
2022-07-08,3680.0,3680.0,3578.0,3606.64990234375,3551.280029296875,380508
2022-07-11,3540.0,3559.89990234375,3445.0,3502.85009765625,3449.07373046875,358910
2022-07-12,3480.0,3554.0,3454.0,3518.199951171875,3464.188232421875,204485
2022-07-13,3533.0,3580.199951171875,3495.0,3505.300048828125,3451.486328125,318415
2022-07-14,3519.0,3538.949951171875,3349.0,3417.25,3364.7880859375,498159
2022-07-15,3442.0,3474.949951171875,3331.75,3378.64990234375,3326.780517578125,454998
2022-07-18,3420.0,3484.0,3405.39990234375,3441.64990234375,3388.81298828125,385666
2022-07-19,3435.0,3435.0,3364.050048828125,3411.60009765625,3359.224853515625,485003
2022-07-20,3440.0,3555.0,3435.0,3535.89990234375,3481.6162109375,481414
2022-07-21,3550.0,3730.0,3520.60009765625,3620.75,3565.16357421875,780676
2022-07-22,3639.0,3799.0,3560.699951171875,3726.449951171875,3669.240966796875,1356800
2022-07-25,3690.0,3835.0,3685.050048828125,3789.5,3731.322998046875,621916
2022-07-26,3767.949951171875,3786.64990234375,3688.39990234375,3702.449951171875,3645.609130859375,504318
2022-07-27,3717.89990234375,3799.0,3677.550048828125,3787.449951171875,3729.3046875,378714
2022-07-28,3817.449951171875,3864.10009765625,3787.0,3846.050048828125,3787.005126953125,650203
2022-07-29,3920.0,3964.949951171875,3891.449951171875,3954.300048828125,3893.59326171875,457600
2022-08-01,3960.0,3998.0,3899.949951171875,3944.050048828125,3883.50048828125,256505
2022-08-02,3919.89990234375,3919.89990234375,3803.0,3819.949951171875,3761.3056640625,347086
2022-08-03,3829.0,3898.89990234375,3819.35009765625,3869.300048828125,3822.907958984375,342183
2022-08-04,3895.0,3948.0,3820.0,3901.10009765625,3854.326904296875,294929
2022-08-05,3902.0,3978.800048828125,3894.949951171875,3934.5,3887.326416015625,235333
2022-08-08,3939.050048828125,3962.35009765625,3870.0,3886.0,3839.407958984375,150522
2022-08-10,3886.0,3906.0,3810.0,3822.64990234375,3776.8173828125,182049
2022-08-11,3859.0,3969.0,3846.0,3857.10009765625,3810.8544921875,365482
2022-08-12,3869.75,3869.75,3785.0,3792.5,3747.02880859375,166154
2022-08-16,3815.699951171875,3860.0,3797.0,3826.60009765625,3780.72021484375,146873
2022-08-17,3844.0,3950.0,3812.800048828125,3894.699951171875,3848.00341796875,374744
2022-08-18,3894.0,3920.0,3803.300048828125,3900.60009765625,3853.8330078125,232795
2022-08-19,3921.0,4058.60009765625,3891.0,3923.699951171875,3876.656005859375,971275
2022-08-22,3860.0,3860.0,3750.0,3762.89990234375,3717.78369140625,397821
2022-08-23,3660.0,3735.0,3613.050048828125,3700.050048828125,3655.687255859375,358562
2022-08-24,3718.0,3734.89990234375,3674.0,3698.050048828125,3653.711181640625,185638
2022-08-25,3721.949951171875,3749.85009765625,3666.050048828125,3684.199951171875,3640.02734375,211511
2022-08-26,3713.0,3745.0,3651.25,3661.85009765625,3617.9453125,175186
2022-08-29,3431.0,3564.0,3431.0,3511.60009765625,3469.496826171875,334612
2022-08-30,3560.0,3583.949951171875,3537.35009765625,3560.35009765625,3517.66259765625,262068
2022-09-01,3550.0,3550.0,3459.199951171875,3500.949951171875,3458.974609375,187096
2022-09-02,3529.0,3546.14990234375,3461.0,3467.60009765625,3426.024169921875,166006
2022-09-05,3470.5,3525.0,3462.60009765625,3475.14990234375,3433.4833984375,135099
2022-09-06,3508.0,3527.300048828125,3438.0,3466.550048828125,3424.987060546875,184163
2022-09-07,3449.0,3522.89990234375,3434.64990234375,3504.25,3462.23486328125,229288
2022-09-08,3540.0,3573.949951171875,3487.449951171875,3503.89990234375,3461.888916015625,251651
2022-09-09,3530.0,3595.0,3491.35009765625,3567.949951171875,3525.171142578125,316998
2022-09-12,3589.0,3657.85009765625,3582.10009765625,3617.949951171875,3574.571533203125,281977
2022-09-13,3650.0,3659.5,3595.300048828125,3606.699951171875,3563.45654296875,121824
2022-09-14,3480.0,3500.0,3437.050048828125,3471.0,3429.3837890625,439069
2022-09-15,3500.0,3514.050048828125,3405.0,3418.85009765625,3377.85888671875,205880
2022-09-16,3405.0,3410.0,3262.0,3281.300048828125,3241.9580078125,344445
2022-09-19,3279.0,3300.0,3210.050048828125,3235.949951171875,3197.15185546875,225210
2022-09-20,3279.0,3424.0,3274.60009765625,3338.35009765625,3298.323974609375,596903
2022-09-21,3315.0,3368.35009765625,3300.0,3324.89990234375,3285.03515625,204744
2022-09-22,3299.949951171875,3433.0,3275.300048828125,3397.5,3356.764892578125,346393
2022-09-23,3388.25,3455.0,3322.85009765625,3336.550048828125,3296.545654296875,247536
2022-09-26,3320.0,3425.0,3305.699951171875,3384.25,3343.673828125,453863
2022-09-27,3434.0,3485.0,3360.0,3462.25,3420.738525390625,339860
2022-09-28,3456.0,3499.800048828125,3426.0,3450.39990234375,3409.030517578125,311296
2022-09-29,3467.699951171875,3489.39990234375,3351.0,3363.85009765625,3323.51806640625,284959
2022-09-30,3380.699951171875,3393.85009765625,3328.050048828125,3361.949951171875,3321.64111328125,238515
2022-10-03,3370.0,3386.550048828125,3295.0,3328.85009765625,3288.93798828125,314899
2022-10-04,3370.85009765625,3489.949951171875,3370.85009765625,3479.5,3437.78173828125,349319
2022-10-06,3496.89990234375,3636.35009765625,3495.0,3622.14990234375,3578.72119140625,346009
2022-10-07,3622.14990234375,3639.5,3563.25,3602.5,3559.306884765625,170174
2022-10-10,3530.0,3654.0,3507.199951171875,3638.050048828125,3594.430908203125,201583
2022-10-11,3656.25,3724.0,3580.0,3592.800048828125,3549.72314453125,401676
2022-10-12,3640.949951171875,3640.949951171875,3547.85009765625,3619.699951171875,3576.300537109375,184984
2022-10-13,3620.0,3647.0,3580.0,3633.89990234375,3590.330322265625,136976
2022-10-14,3680.0,3779.60009765625,3665.050048828125,3742.0,3697.13427734375,488896
2022-10-17,3728.0,3784.0,3684.050048828125,3763.10009765625,3717.9814453125,227894
2022-10-18,3781.949951171875,3843.949951171875,3775.0,3836.75,3790.748291015625,300885
2022-10-19,3849.0,3863.25,3805.0,3812.35009765625,3766.640869140625,128446
2022-10-20,3805.0,3900.0,3737.0,3858.300048828125,3812.0400390625,322195
2022-10-21,3854.89990234375,3950.0,3788.949951171875,3862.10009765625,3815.79443359375,575389
2022-10-24,3925.0,3925.0,3862.14990234375,3877.300048828125,3830.812255859375,23835
2022-10-25,3893.800048828125,3929.85009765625,3845.0,3895.300048828125,3848.59619140625,180109
2022-10-27,3890.300048828125,3929.550048828125,3830.0,3888.199951171875,3841.581298828125,142382
2022-10-28,3860.0,3874.89990234375,3704.949951171875,3736.5,3691.700439453125,209662
2022-10-31,3755.199951171875,3827.0,3748.5,3809.60009765625,3763.924072265625,153364
2022-11-01,3848.0,3868.949951171875,3812.0,3844.75,3798.652587890625,158753
2022-11-02,3785.0,3860.0,3785.0,3837.699951171875,3791.68701171875,129764
2022-11-03,3780.0,3828.89990234375,3768.10009765625,3794.39990234375,3761.648193359375,96877
2022-11-04,3794.39990234375,3810.64990234375,3722.75,3738.10009765625,3705.83447265625,98546
2022-11-07,3748.0,3791.89990234375,3700.0,3713.64990234375,3681.595458984375,107323
2022-11-09,3741.0,3772.89990234375,3663.64990234375,3680.800048828125,3649.029296875,91007
2022-11-10,3646.89990234375,3713.25,3640.0,3676.10009765625,3644.369873046875,97718
2022-11-11,3755.0,3915.0,3755.0,3897.64990234375,3864.007080078125,582176
2022-11-14,3929.0,4040.0,3904.199951171875,4018.35009765625,3983.66552734375,443136
2022-11-15,4032.0,4036.89990234375,3912.14990234375,3972.300048828125,3938.01318359375,247184
2022-11-16,3992.0,4024.0,3920.0,3944.449951171875,3910.4033203125,199348
2022-11-17,3935.0,3944.449951171875,3852.10009765625,3865.800048828125,3832.432373046875,168856
2022-11-18,3880.0,3939.39990234375,3758.25,3808.75,3775.874755859375,237554
2022-11-21,3750.0,3798.949951171875,3740.0,3760.75,3728.288818359375,172333
2022-11-22,3779.0,3820.0,3755.85009765625,3807.85009765625,3774.982421875,113967
2022-11-23,3827.0,3889.0,3821.0,3874.35009765625,3840.908447265625,222260
2022-11-24,3893.75,3968.39990234375,3870.0,3947.89990234375,3913.823486328125,197124
2022-11-25,3963.85009765625,3990.0,3925.0,3944.800048828125,3910.750244140625,158367
2022-11-28,3920.0,3990.0,3919.949951171875,3979.39990234375,3945.051513671875,148043
2022-11-29,3970.0,4010.0,3941.35009765625,3977.75,3943.415771484375,193016
2022-11-30,3978.85009765625,4068.199951171875,3960.0,4036.300048828125,4001.46044921875,327153
2022-12-01,4086.0,4205.0,4050.949951171875,4116.85009765625,4081.3154296875,692687
2022-12-02,4137.0,4253.0,4120.10009765625,4237.5,4200.923828125,520606
2022-12-05,4265.0,4265.0,4176.10009765625,4191.7998046875,4155.6181640625,248429
2022-12-06,4155.0,4169.89990234375,4045.050048828125,4079.89990234375,4044.68408203125,252522
2022-12-07,4040.050048828125,4068.5,3992.0,4023.949951171875,3989.217041015625,200268
2022-12-08,4025.0,4051.14990234375,3975.0,3985.800048828125,3951.396484375,221418
2022-12-09,4025.0,4039.0,3857.39990234375,3877.199951171875,3843.733642578125,416332
2022-12-12,3852.0,3920.0,3792.300048828125,3906.25,3872.533203125,213908
2022-12-13,3940.0,3964.89990234375,3899.449951171875,3918.60009765625,3884.776611328125,218155
2022-12-14,3958.0,4059.85009765625,3950.0,3985.300048828125,3950.900634765625,478608
2022-12-15,3965.0,3972.949951171875,3861.64990234375,3875.25,3841.80078125,199134
2022-12-16,3835.0,3970.699951171875,3800.10009765625,3952.60009765625,3918.483154296875,450739
2022-12-19,3951.0,3951.0,3875.550048828125,3895.64990234375,3862.0244140625,193855
2022-12-20,3879.800048828125,3913.800048828125,3830.0,3895.949951171875,3862.322021484375,194228
2022-12-21,3928.0,3998.699951171875,3897.449951171875,3920.39990234375,3886.560791015625,300119
2022-12-22,3972.0,3972.0,3816.5,3885.60009765625,3852.0615234375,259590
2022-12-23,3821.0,3839.949951171875,3704.0,3735.449951171875,3703.207275390625,262009
2022-12-26,3749.0,3798.60009765625,3702.300048828125,3770.64990234375,3738.103271484375,101353
2022-12-27,3785.0,3880.0,3784.0,3874.35009765625,3840.908447265625,195437
2022-12-28,3825.5,3930.0,3817.0,3914.5,3880.7119140625,190347
2022-12-29,3870.0,3942.0,3861.050048828125,3915.35009765625,3881.5546875,321786
2022-12-30,3970.0,4065.0,3801.60009765625,3884.10009765625,3850.574462890625,538404
2023-01-02,3903.550048828125,4100.0,3811.0,3951.199951171875,3917.094970703125,342096
2023-01-03,3959.0,4032.0,3926.25,4019.550048828125,3984.855224609375,319505
2023-01-04,4009.050048828125,4015.0,3935.85009765625,3949.25,3915.161865234375,130496
2023-01-05,3958.0,3972.89990234375,3907.25,3929.449951171875,3895.53271484375,95607
2023-01-06,3939.800048828125,3949.0,3880.050048828125,3901.0,3867.328369140625,163783
2023-01-09,3940.0,4039.5,3940.0,4017.35009765625,3982.674072265625,204667
2023-01-10,4000.0,4020.0,3956.60009765625,3974.39990234375,3940.0947265625,187377
2023-01-11,3990.949951171875,4059.0,3911.39990234375,3936.10009765625,3902.12548828125,399848
2023-01-12,3960.0,3976.449951171875,3851.050048828125,3904.199951171875,3870.500732421875,208072
2023-01-13,3927.0,3927.0,3790.5,3884.449951171875,3850.921142578125,351833
2023-01-16,3900.0,3950.0,3856.60009765625,3898.5,3864.849853515625,252525
2023-01-17,3898.5,3936.949951171875,3880.199951171875,3918.0,3884.181640625,139585
2023-01-18,3922.0,3948.0,3911.0,3925.800048828125,3891.914306640625,81445
2023-01-19,3900.0,3994.0,3878.0,3966.550048828125,3932.3125,198704
2023-01-20,4041.0,4250.0,4041.0,4102.0,4066.593505859375,1986822
2023-01-23,4126.0,4417.0,4068.199951171875,4358.89990234375,4321.27587890625,1461912
2023-01-24,4358.89990234375,4460.0,4302.0,4324.0,4286.67724609375,1169538
2023-01-25,4335.0,4362.0,4250.0,4272.7001953125,4235.81982421875,521283
2023-01-27,4304.85009765625,4371.2001953125,4250.0,4294.10009765625,4257.03515625,744813
2023-01-30,4310.0,4454.4501953125,4266.2001953125,4418.64990234375,4380.51025390625,578458
2023-01-31,4425.0,4425.0,4257.2001953125,4378.89990234375,4341.103515625,345852
2023-02-01,4400.0,4429.7001953125,4320.0498046875,4352.75,4315.17919921875,162450
2023-02-02,4390.0,4512.0,4352.2998046875,4433.89990234375,4414.89990234375,634419
2023-02-03,4450.0,4487.25,4292.2001953125,4308.60009765625,4308.60009765625,448859
2023-02-06,4316.0,4342.9501953125,4260.0,4317.7998046875,4317.7998046875,175369
2023-02-07,4309.0,4379.14990234375,4293.0,4302.60009765625,4302.60009765625,148761
2023-02-08,4344.10009765625,4474.0,4312.0,4329.4501953125,4329.4501953125,740144
2023-02-09,4329.0,4360.0,4275.0,4340.5,4340.5,329010
2023-02-10,4330.0498046875,4370.0,4300.0,4334.2998046875,4334.2998046875,225248
2023-02-13,4050.0,4124.75,4000.300048828125,4032.25,4032.25,8266976
2023-02-14,4017.0,4095.0,4010.0,4079.89990234375,4079.89990234375,463716
2023-02-15,4080.0,4124.9501953125,4065.0,4115.0,4115.0,374514
2023-02-16,4154.89990234375,4242.9501953125,4127.5,4229.2998046875,4229.2998046875,840561
2023-02-17,4195.0,4227.4501953125,4152.0,4204.10009765625,4204.10009765625,352234
2023-02-20,4204.10009765625,4364.85009765625,4175.0,4335.4501953125,4335.4501953125,582774
2023-02-21,4340.0,4383.0,4295.0,4339.9501953125,4339.9501953125,370734
2023-02-22,4300.0,4369.0,4278.89990234375,4342.5498046875,4342.5498046875,298410
2023-02-23,4375.0,4430.85009765625,4324.2001953125,4420.89990234375,4420.89990234375,459676
2023-02-24,4430.0,4440.0,4358.2001953125,4377.5,4377.5,328145
2023-02-27,4382.0,4382.0,4156.0,4273.9501953125,4273.9501953125,464622
2023-02-28,4274.0,4337.85009765625,4264.64990234375,4298.64990234375,4298.64990234375,248384
2023-03-01,4293.60009765625,4309.0,4241.35009765625,4300.35009765625,4300.35009765625,308649
2023-03-02,4300.0,4300.10009765625,4225.5498046875,4249.7001953125,4249.7001953125,189586
2023-03-03,4290.0,4298.35009765625,4240.0,4258.39990234375,4258.39990234375,323213
2023-03-06,4284.9501953125,4365.2001953125,4280.0,4328.35009765625,4328.35009765625,217940
2023-03-08,4280.0,4320.0,4251.0498046875,4279.60009765625,4279.60009765625,191561
2023-03-09,4295.0,4298.7001953125,4244.0,4255.35009765625,4255.35009765625,135724
2023-03-10,4209.0,4239.85009765625,4117.9501953125,4136.35009765625,4136.35009765625,356622
2023-03-13,4157.0498046875,4173.10009765625,4065.050048828125,4084.64990234375,4084.64990234375,276920
2023-03-14,4100.0,4100.0,3845.39990234375,3921.64990234375,3921.64990234375,882239
2023-03-15,3960.0,4018.89990234375,3855.0,3950.0,3950.0,471814
2023-03-16,3914.10009765625,3944.60009765625,3836.050048828125,3852.050048828125,3852.050048828125,345380
2023-03-17,3901.0,3944.0,3880.0,3901.0,3901.0,251762
2023-03-20,3855.050048828125,3890.0,3750.0,3774.64990234375,3774.64990234375,265027
2023-03-21,3790.0,3799.800048828125,3703.10009765625,3712.60009765625,3712.60009765625,247105
2023-03-22,3760.0,3794.10009765625,3713.949951171875,3738.64990234375,3738.64990234375,192165
2023-03-23,3718.050048828125,3760.0,3658.0,3748.60009765625,3748.60009765625,238035
2023-03-24,3770.0,3827.60009765625,3670.0,3700.5,3700.5,270367
2023-03-27,3666.0,3723.0,3622.949951171875,3635.75,3635.75,272941
2023-03-28,3656.699951171875,3656.699951171875,3580.0,3598.050048828125,3598.050048828125,222037
2023-03-29,3580.0,3674.0,3564.75,3660.35009765625,3660.35009765625,348744
