Date,Open,High,Low,Close,Adj Close,Volume
2011-10-25,45.0,45.0,40.25,41.849998474121094,36.41853332519531,46370
2011-10-28,49.400001525878906,49.400001525878906,44.150001525878906,44.900001525878906,39.07269287109375,44324
2011-10-31,45.0,46.0,39.20000076293945,45.400001525878906,39.50780487060547,23457
2011-11-01,46.25,46.25,43.0,44.400001525878906,38.6375846862793,31498
2011-11-02,43.0,43.54999923706055,42.0,42.099998474121094,36.636085510253906,1526
2011-11-03,45.95000076293945,45.95000076293945,42.400001525878906,43.54999923706055,37.89790725708008,16915
2011-11-04,43.75,43.849998474121094,42.150001525878906,42.54999923706055,37.027679443359375,30229
2011-11-08,43.70000076293945,43.95000076293945,41.0,42.5,36.98417663574219,7918
2011-11-09,43.75,43.75,42.349998474121094,42.75,37.201725006103516,47770
2011-11-11,43.0,43.0,41.0,41.04999923706055,35.72235870361328,1017
2011-11-14,40.29999923706055,40.5,39.599998474121094,39.599998474121094,34.460548400878906,102
2011-11-15,38.0,38.04999923706055,37.95000076293945,37.95000076293945,33.024696350097656,12211
2011-11-16,39.20000076293945,39.20000076293945,36.0,38.29999923706055,33.32926559448242,41556
2011-11-17,43.0,43.0,37.0,38.5,33.50331497192383,2151
2011-11-18,36.75,37.0,35.75,36.29999923706055,31.588834762573242,5310
2011-11-21,43.5,43.5,34.099998474121094,37.0,32.1979866027832,1748
2011-11-22,35.0,37.25,35.0,36.5,31.762880325317383,2495
2011-11-23,37.0,37.0,35.0,36.04999923706055,31.37128257751465,328
2011-11-24,36.849998474121094,36.849998474121094,32.70000076293945,34.04999923706055,29.630849838256836,2382
2011-11-25,35.95000076293945,35.95000076293945,33.25,33.25,28.934677124023438,531
2011-11-28,34.25,36.25,34.25,34.5,30.022445678710938,790
2011-11-29,35.650001525878906,38.79999923706055,34.04999923706055,34.79999923706055,30.283512115478516,1987
2011-11-30,36.0,37.650001525878906,35.04999923706055,35.04999923706055,30.501060485839844,833
2011-12-01,37.0,37.900001525878906,35.20000076293945,36.5,31.762880325317383,53
2011-12-02,37.0,37.900001525878906,36.0,36.95000076293945,32.15447235107422,754
2011-12-05,36.5,37.20000076293945,35.099998474121094,36.150001525878906,31.458309173583984,2196
2011-12-07,37.79999923706055,38.79999923706055,37.099998474121094,38.45000076293945,33.45979690551758,619
2011-12-08,38.25,38.25,36.5,36.5,31.762880325317383,1135
2011-12-09,35.5,36.70000076293945,35.0,35.95000076293945,31.284255981445312,987
2011-12-12,35.04999923706055,36.54999923706055,33.599998474121094,34.400001525878906,29.935428619384766,530
2011-12-13,34.45000076293945,34.75,33.900001525878906,33.900001525878906,29.500314712524414,630
2011-12-14,34.650001525878906,34.650001525878906,33.29999923706055,34.0,29.58734130859375,5259
2011-12-15,33.099998474121094,34.29999923706055,29.5,33.95000076293945,29.5438289642334,5370
2011-12-16,31.700000762939453,33.70000076293945,31.149999618530273,32.599998474121094,28.369035720825195,1904
2011-12-19,33.0,33.0,30.0,30.450000762939453,26.498075485229492,1113
2011-12-20,29.799999237060547,32.0,28.100000381469727,31.049999237060547,27.020204544067383,1358
2011-12-21,29.100000381469727,33.95000076293945,29.100000381469727,32.650001525878906,28.41254997253418,7181
2011-12-22,32.0,33.75,32.0,33.099998474121094,28.804141998291016,1076
2011-12-23,36.400001525878906,36.400001525878906,32.54999923706055,35.150001525878906,30.588088989257812,1646
2011-12-26,36.900001525878906,38.650001525878906,36.900001525878906,38.650001525878906,33.63384246826172,1155
2011-12-27,40.79999923706055,41.70000076293945,40.45000076293945,40.95000076293945,35.635345458984375,1606
2011-12-28,41.0,41.0,39.0,39.0,33.93841552734375,1400
2011-12-29,38.099998474121094,41.900001525878906,38.099998474121094,40.75,35.46129608154297,2137
2011-12-30,43.5,46.45000076293945,42.20000076293945,43.849998474121094,38.158958435058594,83377
2012-01-02,44.25,52.599998474121094,44.25,51.650001525878906,44.94664764404297,64845
2012-01-03,53.5,57.45000076293945,48.25,54.900001525878906,47.77486038208008,118615
2012-01-04,52.599998474121094,56.400001525878906,50.0,55.400001525878906,48.209957122802734,27537
2012-01-05,54.95000076293945,57.79999923706055,52.599998474121094,55.20000076293945,48.03592300415039,23428
2012-01-06,55.099998474121094,55.45000076293945,50.349998474121094,51.20000076293945,44.555049896240234,9326
2012-01-09,48.5,51.900001525878906,45.45000076293945,45.45000076293945,39.551307678222656,28648
2012-01-10,43.0,49.75,42.0,47.150001525878906,41.03068923950195,8854
2012-01-11,46.20000076293945,50.900001525878906,46.20000076293945,47.900001525878906,41.68334197998047,2527
2012-01-12,50.70000076293945,52.0,49.25,49.45000076293945,43.032169342041016,1624
2012-01-13,50.0,50.0,48.54999923706055,49.75,43.29323959350586,2743
2012-01-16,51.0,52.900001525878906,49.25,52.400001525878906,45.59931564331055,3566
2012-01-17,53.0,53.400001525878906,51.099998474121094,52.54999923706055,45.7298469543457,3448
2012-01-18,53.0,53.0,50.54999923706055,51.25,44.598567962646484,1508
2012-01-19,53.849998474121094,56.0,50.29999923706055,50.45000076293945,43.90238952636719,2684
2012-01-20,54.0,54.0,49.04999923706055,49.54999923706055,43.11919021606445,4150
2012-01-23,53.5,53.5,49.0,49.099998474121094,42.727596282958984,1081
2012-01-24,50.75,50.75,49.25,49.54999923706055,43.11919021606445,1019
2012-01-25,51.0,51.0,49.04999923706055,51.0,44.38100814819336,2336
2012-01-27,54.70000076293945,55.45000076293945,53.25,53.5,46.556549072265625,17043
2012-01-30,52.0,55.599998474121094,52.0,54.54999923706055,47.47027587890625,37453
2012-01-31,54.54999923706055,54.54999923706055,52.599998474121094,53.0,46.1214485168457,2416
2012-02-01,53.70000076293945,53.70000076293945,52.0,52.5,45.68633270263672,1836
2012-02-02,53.95000076293945,53.95000076293945,52.0,52.20000076293945,45.425270080566406,4741
2012-02-03,55.95000076293945,55.95000076293945,51.150001525878906,52.75,45.90388488769531,1935
2012-02-06,57.0,57.0,50.0,51.0,44.38100814819336,4911
2012-02-07,52.75,52.75,50.5,50.599998474121094,44.03292465209961,2805
2012-02-08,54.0,54.0,51.0,51.900001525878906,45.16420364379883,2725
2012-02-09,53.95000076293945,54.20000076293945,52.5,52.79999923706055,45.9473991394043,31951
2012-02-10,54.150001525878906,54.150001525878906,50.849998474121094,51.0,44.38100814819336,7707
2012-02-13,54.0,54.0,51.349998474121094,51.900001525878906,45.16420364379883,2034
2012-02-14,53.650001525878906,53.650001525878906,52.150001525878906,53.04999923706055,46.16495132446289,5390
2012-02-15,54.0,54.20000076293945,52.5,53.650001525878906,46.687076568603516,18495
2012-02-16,55.95000076293945,55.95000076293945,54.099998474121094,54.95000076293945,47.81836700439453,23409
2012-02-17,55.0,55.5,53.5,53.70000076293945,46.73059844970703,7156
2012-02-21,54.75,54.75,52.150001525878906,52.650001525878906,45.81686782836914,2389
2012-02-22,55.79999923706055,55.79999923706055,50.20000076293945,50.900001525878906,44.29398727416992,9465
2012-02-23,55.5,55.5,49.650001525878906,50.0,43.51079177856445,5024
2012-02-24,54.349998474121094,54.349998474121094,47.5,48.79999923706055,42.46653366088867,4778
2012-02-27,47.70000076293945,49.349998474121094,46.5,46.54999923706055,40.508548736572266,2043
2012-02-28,49.400001525878906,49.400001525878906,46.099998474121094,46.70000076293945,40.63908004760742,2041
2012-02-29,49.5,49.5,45.04999923706055,46.25,40.24748229980469,2620
2012-03-01,47.54999923706055,47.54999923706055,45.54999923706055,45.95000076293945,39.98641586303711,1362
2012-03-02,48.400001525878906,48.400001525878906,45.5,46.5,40.46503829956055,499
2012-03-05,47.95000076293945,47.95000076293945,45.0,47.400001525878906,41.248233795166016,1456
2012-03-06,46.900001525878906,47.95000076293945,46.099998474121094,46.650001525878906,40.5955696105957,1837
2012-03-07,39.5,49.0,39.5,45.5,39.594825744628906,286
2012-03-09,54.45000076293945,54.45000076293945,46.0,47.20000076293945,41.074188232421875,5029
2012-03-12,55.25,55.25,46.5,47.5,41.33525085449219,3060
2012-03-13,53.849998474121094,53.849998474121094,47.79999923706055,48.70000076293945,42.3795166015625,852
2012-03-14,49.20000076293945,52.599998474121094,47.70000076293945,48.150001525878906,41.90089416503906,2504
2012-03-15,49.45000076293945,49.45000076293945,45.349998474121094,46.599998474121094,40.55206298828125,3115
2012-03-16,46.20000076293945,47.650001525878906,44.5,46.349998474121094,40.334503173828125,7345
2012-03-19,48.900001525878906,49.599998474121094,45.04999923706055,46.29999923706055,40.29099655151367,14144
2012-03-20,53.95000076293945,53.95000076293945,47.0,47.45000076293945,41.29174041748047,4414
2012-03-21,48.0,48.0,45.79999923706055,46.900001525878906,40.81312561035156,6417
2012-03-22,47.150001525878906,47.29999923706055,45.900001525878906,46.79999923706055,40.726104736328125,2451
2012-03-23,46.95000076293945,46.95000076293945,45.0,45.849998474121094,39.89939880371094,5064
2012-03-26,45.0,46.0,44.04999923706055,44.650001525878906,38.855140686035156,2552
2012-03-27,43.0,45.5,43.0,43.400001525878906,37.76736831665039,12255
2012-03-28,43.400001525878906,43.400001525878906,42.099998474121094,42.29999923706055,36.81013107299805,6526
2012-03-29,43.79999923706055,43.79999923706055,42.5,43.45000076293945,37.81087875366211,1234
2012-03-30,42.70000076293945,44.650001525878906,42.400001525878906,42.849998474121094,37.288753509521484,1557
2012-04-02,45.20000076293945,46.70000076293945,45.20000076293945,46.349998474121094,40.334503173828125,101
2012-04-03,45.0,48.25,45.0,48.04999923706055,41.813873291015625,3497
2012-04-04,49.900001525878906,49.900001525878906,46.0,47.04999923706055,40.94365310668945,490
2012-04-09,48.5,48.5,46.75,48.0,41.77036666870117,1014
2012-04-10,49.5,49.5,45.79999923706055,46.5,40.46503829956055,1708
2012-04-11,44.20000076293945,46.099998474121094,44.0,45.04999923706055,39.203224182128906,2185
2012-04-12,44.25,46.0,44.0,45.099998474121094,39.24673080444336,2044
2012-04-13,46.5,48.29999923706055,46.0,46.0,40.02993392944336,904
2012-04-16,46.5,46.5,44.400001525878906,44.599998474121094,38.81162643432617,592
2012-04-17,47.900001525878906,47.900001525878906,44.45000076293945,45.0,39.159706115722656,2626
2012-04-18,47.599998474121094,47.599998474121094,44.5,46.0,40.02993392944336,603
2012-04-19,45.04999923706055,47.45000076293945,44.79999923706055,46.150001525878906,40.160465240478516,109
2012-04-20,47.150001525878906,47.20000076293945,45.25,46.0,40.02993392944336,112
2012-04-23,46.5,46.5,45.150001525878906,45.150001525878906,39.29024887084961,171
2012-04-24,44.20000076293945,49.95000076293945,44.150001525878906,44.75,38.942161560058594,2538
2012-04-25,46.5,46.5,44.54999923706055,44.54999923706055,38.76811981201172,201
2012-04-26,44.20000076293945,44.54999923706055,44.20000076293945,44.5,38.72460174560547,354
2012-04-27,44.25,46.5,43.0,43.150001525878906,37.54981231689453,1016
2012-04-30,43.5,44.0,42.20000076293945,43.29999923706055,37.68034362792969,3101
2012-05-02,42.599998474121094,43.04999923706055,42.349998474121094,42.95000076293945,37.37577438354492,404
2012-05-03,44.04999923706055,47.0,44.04999923706055,44.95000076293945,39.116207122802734,4002
2012-05-04,46.0,46.099998474121094,44.29999923706055,44.349998474121094,38.594078063964844,2149
2012-05-07,45.20000076293945,45.20000076293945,43.29999923706055,43.349998474121094,37.723854064941406,325
2012-05-08,43.0,43.04999923706055,42.349998474121094,42.349998474121094,36.85364532470703,150
2012-05-09,43.650001525878906,44.0,41.400001525878906,43.20000076293945,37.59333038330078,3243
2012-05-10,43.04999923706055,43.04999923706055,42.0,42.54999923706055,37.027679443359375,2100
2012-05-11,43.45000076293945,43.45000076293945,40.04999923706055,41.0,35.67885208129883,650
2012-05-14,39.25,40.95000076293945,38.04999923706055,38.349998474121094,33.372772216796875,1770
2012-05-15,44.0,44.0,36.0,36.599998474121094,31.849895477294922,1414
2012-05-16,36.25,36.25,36.20000076293945,36.20000076293945,31.501811981201172,200
2012-05-17,36.54999923706055,38.900001525878906,36.5,36.54999923706055,31.80638885498047,652
2012-05-18,36.20000076293945,37.95000076293945,35.79999923706055,36.0,31.327774047851562,784
2012-05-21,36.29999923706055,37.900001525878906,36.25,36.349998474121094,31.632347106933594,324
2012-05-22,38.0,42.0,37.150001525878906,37.20000076293945,32.37203598022461,2303
2012-05-23,36.099998474121094,38.5,35.79999923706055,37.70000076293945,32.8071403503418,206
2012-05-24,38.0,40.900001525878906,37.0,38.70000076293945,33.6773567199707,1101
2012-05-25,38.04999923706055,39.25,36.5,36.650001525878906,31.89341163635254,550
2012-05-28,38.5,38.900001525878906,37.150001525878906,38.45000076293945,33.45979690551758,245
2012-05-29,37.54999923706055,42.95000076293945,37.54999923706055,39.599998474121094,34.460548400878906,1952
2012-05-30,38.25,40.79999923706055,38.25,39.45000076293945,34.33001708984375,373
2012-05-31,39.04999923706055,39.04999923706055,38.150001525878906,38.650001525878906,33.63384246826172,882
2012-06-01,37.0,38.04999923706055,36.900001525878906,37.04999923706055,32.241493225097656,1894
2012-06-04,36.0,36.0,36.0,36.0,31.327774047851562,25
2012-06-05,37.04999923706055,38.900001525878906,35.099998474121094,36.54999923706055,31.80638885498047,2004
2012-06-06,36.25,37.04999923706055,36.20000076293945,37.04999923706055,32.241493225097656,325
2012-06-07,38.29999923706055,38.650001525878906,38.29999923706055,38.650001525878906,33.63384246826172,125
2012-06-08,38.75,38.75,37.5,37.599998474121094,32.720115661621094,1547
2012-06-11,38.5,40.650001525878906,37.25,39.70000076293945,34.54756546020508,2203
2012-06-12,38.29999923706055,38.29999923706055,38.25,38.25,33.28575897216797,200
2012-06-13,38.54999923706055,39.349998474121094,38.54999923706055,39.349998474121094,34.24299240112305,205
2012-06-14,37.599998474121094,38.0,37.599998474121094,37.75,32.85064697265625,252
2012-06-15,38.04999923706055,38.900001525878906,37.70000076293945,38.900001525878906,33.851402282714844,948
2012-06-18,36.70000076293945,37.29999923706055,36.70000076293945,36.79999923706055,32.02394485473633,503
2012-06-19,37.04999923706055,38.95000076293945,36.5,37.099998474121094,32.285011291503906,4080
2012-06-20,36.400001525878906,36.5,36.400001525878906,36.5,31.762880325317383,250
2012-06-21,36.5,36.5,36.5,36.5,31.762880325317383,0
2012-06-22,37.599998474121094,38.45000076293945,37.599998474121094,38.04999923706055,33.11171340942383,325
2012-06-25,36.25,37.0,36.25,37.0,32.1979866027832,1125
2012-06-26,37.04999923706055,37.04999923706055,36.0,36.599998474121094,31.849895477294922,902
2012-06-27,35.70000076293945,37.0,35.70000076293945,36.54999923706055,31.80638885498047,200
2012-06-28,37.099998474121094,38.099998474121094,37.04999923706055,37.849998474121094,32.93766403198242,740
2012-06-29,38.900001525878906,45.400001525878906,37.25,44.650001525878906,38.855140686035156,28962
2012-07-02,47.0,52.0,47.0,48.0,41.77036666870117,181015
2012-07-03,48.400001525878906,48.5,44.099998474121094,44.79999923706055,38.98567199707031,17172
2012-07-04,43.54999923706055,46.95000076293945,43.54999923706055,44.25,38.507057189941406,15315
2012-07-05,44.0,45.5,42.849998474121094,44.04999923706055,38.3330078125,21873
2012-07-06,44.04999923706055,44.04999923706055,42.20000076293945,42.79999923706055,37.245235443115234,5181
2012-07-09,42.79999923706055,42.79999923706055,41.0,42.5,36.98417663574219,1872
2012-07-10,41.5,42.5,40.849998474121094,41.599998474121094,36.20097732543945,3147
2012-07-11,41.599998474121094,43.5,41.599998474121094,42.95000076293945,37.37577438354492,2708
2012-07-12,44.0,45.0,43.0,43.95000076293945,38.24599075317383,15967
2012-07-13,43.95000076293945,44.29999923706055,42.79999923706055,42.849998474121094,37.288753509521484,5279
2012-07-16,42.75,43.95000076293945,42.25,42.849998474121094,37.288753509521484,2406
2012-07-17,43.400001525878906,43.400001525878906,41.54999923706055,42.0,36.549068450927734,2777
2012-07-18,41.20000076293945,42.20000076293945,40.0,40.349998474121094,35.11321258544922,1656
2012-07-19,41.04999923706055,42.70000076293945,41.04999923706055,42.0,36.549068450927734,74
2012-07-20,41.849998474121094,42.0,41.04999923706055,41.849998474121094,36.41853332519531,728
2012-07-23,41.5,41.900001525878906,40.29999923706055,41.25,35.896400451660156,1212
2012-07-24,41.25,41.25,41.25,41.25,35.896400451660156,0
2012-07-25,40.79999923706055,41.20000076293945,39.900001525878906,39.95000076293945,34.76512145996094,277
2012-07-26,40.04999923706055,41.20000076293945,37.45000076293945,38.45000076293945,33.45979690551758,1890
2012-07-27,39.5,40.0,36.599998474121094,37.400001525878906,32.546077728271484,2776
2012-07-30,37.099998474121094,38.599998474121094,36.04999923706055,38.45000076293945,33.45979690551758,1980
2012-07-31,38.79999923706055,39.75,38.0,38.400001525878906,33.41629409790039,403
2012-08-01,39.900001525878906,42.0,37.54999923706055,39.5,34.3735237121582,678
2012-08-02,39.04999923706055,41.0,36.25,40.25,35.02619171142578,1115
2012-08-03,42.0,42.0,36.599998474121094,39.0,33.93841552734375,751
2012-08-06,41.0,41.0,37.150001525878906,38.849998474121094,33.80788803100586,2421
2012-08-07,41.79999923706055,41.79999923706055,38.25,39.849998474121094,34.6781005859375,1035
2012-08-08,39.79999923706055,41.79999923706055,39.75,40.79999923706055,35.50480651855469,1612
2012-08-09,40.0,40.650001525878906,38.25,38.650001525878906,33.63384246826172,2009
2012-08-10,41.29999923706055,41.29999923706055,37.29999923706055,38.70000076293945,33.6773567199707,773
2012-08-13,39.900001525878906,39.900001525878906,37.150001525878906,38.150001525878906,33.19873809814453,1037
2012-08-14,37.5,40.400001525878906,37.5,38.099998474121094,33.15522384643555,2184
2012-08-16,39.95000076293945,39.95000076293945,38.599998474121094,38.900001525878906,33.851402282714844,170
2012-08-17,42.95000076293945,42.95000076293945,37.099998474121094,37.70000076293945,32.8071403503418,2182
2012-08-21,39.0,39.900001525878906,37.29999923706055,39.0,33.93841552734375,891
2012-08-22,41.5,46.79999923706055,40.29999923706055,46.79999923706055,40.726104736328125,81087
2012-08-23,52.400001525878906,54.900001525878906,48.099998474121094,52.150001525878906,45.38176345825195,389760
2012-08-24,51.95000076293945,54.25,51.099998474121094,51.349998474121094,44.685585021972656,80613
2012-08-27,52.0,52.0,47.5,47.95000076293945,41.72685241699219,27148
2012-08-28,49.0,49.0,44.0,46.95000076293945,40.85663604736328,14776
2012-08-29,47.5,50.0,45.099998474121094,46.25,40.24748229980469,5938
2012-08-30,47.0,47.400001525878906,44.75,46.45000076293945,40.42153549194336,6860
2012-08-31,49.0,52.900001525878906,48.099998474121094,49.650001525878906,43.20622253417969,111642
2012-09-03,49.0,54.5,49.0,51.29999923706055,44.64207077026367,61746
2012-09-04,51.95000076293945,53.0,51.29999923706055,51.79999923706055,45.077178955078125,12473
2012-09-05,52.0,52.150001525878906,50.0,50.150001525878906,43.64132308959961,8206
2012-09-06,51.400001525878906,51.400001525878906,49.0,49.20000076293945,42.81462097167969,8495
2012-09-07,50.400001525878906,51.5,49.150001525878906,50.0,43.51079177856445,8046
2012-09-10,49.099998474121094,52.0,49.099998474121094,50.150001525878906,43.64132308959961,19349
2012-09-11,51.45000076293945,51.849998474121094,49.599998474121094,51.400001525878906,44.72909927368164,5428
2012-09-12,53.20000076293945,54.79999923706055,52.5,53.599998474121094,46.64357376098633,48301
2012-09-13,53.599998474121094,57.650001525878906,53.04999923706055,54.70000076293945,47.600807189941406,76884
2012-09-14,56.54999923706055,56.54999923706055,52.5,53.04999923706055,46.16495132446289,17194
2012-09-17,54.0,54.45000076293945,52.0,52.75,45.90388488769531,12557
2012-09-18,51.70000076293945,53.0,51.70000076293945,52.099998474121094,45.33824920654297,5709
2012-09-20,52.0,52.5,50.150001525878906,50.54999923706055,44.85026168823242,7858
2012-09-21,51.5,52.25,51.0,51.70000076293945,45.87059783935547,10163
2012-09-24,52.29999923706055,52.29999923706055,51.5,51.5,45.693145751953125,1836
2012-09-25,51.70000076293945,51.70000076293945,50.5,50.95000076293945,45.205162048339844,7759
2012-09-26,50.79999923706055,51.5,50.0,50.599998474121094,44.89462661743164,4664
2012-09-27,50.599998474121094,52.0,50.599998474121094,51.0,45.24952697753906,3805
2012-09-28,51.0,51.599998474121094,50.25,50.349998474121094,44.672813415527344,4484
2012-10-01,50.0,51.95000076293945,50.0,50.29999923706055,44.628456115722656,4397
2012-10-03,49.54999923706055,51.0,48.0,49.79999923706055,44.1848258972168,6059
2012-10-04,49.400001525878906,50.95000076293945,49.400001525878906,50.25,44.58409118652344,3477
2012-10-05,50.150001525878906,51.79999923706055,49.5,50.5,44.80590057373047,5198
2012-10-08,51.5,55.0,51.25,53.45000076293945,47.42327880859375,29322
2012-10-09,53.95000076293945,60.0,53.79999923706055,58.79999923706055,52.1700439453125,121750
2012-10-10,59.400001525878906,63.45000076293945,58.5,62.54999923706055,55.49721145629883,304197
2012-10-11,63.900001525878906,64.75,61.599998474121094,62.349998474121094,55.31975555419922,212133
2012-10-12,62.20000076293945,62.70000076293945,56.79999923706055,58.79999923706055,52.1700439453125,85543
2012-10-15,58.29999923706055,62.0,58.25,61.599998474121094,54.65432357788086,31641
2012-10-16,62.0,63.5,60.099998474121094,60.45000076293945,53.63399887084961,37430
2012-10-17,60.0,61.25,59.04999923706055,60.099998474121094,53.32345199584961,9153
2012-10-18,60.95000076293945,60.95000076293945,59.04999923706055,59.650001525878906,52.924198150634766,11256
2012-10-19,59.099998474121094,61.25,58.20000076293945,58.70000076293945,52.081321716308594,14435
2012-10-22,58.0,60.75,57.20000076293945,57.650001525878906,51.14970779418945,10916
2012-10-23,57.0,62.79999923706055,55.0,61.5,54.565608978271484,73927
2012-10-25,62.20000076293945,62.79999923706055,59.29999923706055,59.95000076293945,53.190372467041016,22905
2012-10-29,61.79999923706055,61.79999923706055,56.5,57.5,51.016624450683594,7951
2012-10-30,56.099998474121094,59.650001525878906,56.0,57.95000076293945,51.41588592529297,13768
2012-10-31,57.5,59.900001525878906,57.0,57.70000076293945,51.194061279296875,7897
2012-11-01,57.75,58.900001525878906,57.04999923706055,57.95000076293945,51.41588592529297,7351
2012-11-02,58.5,66.05000305175781,58.0,65.19999694824219,57.848411560058594,184515
2012-11-05,65.3499984741211,65.3499984741211,60.0,60.29999923706055,53.50090789794922,44012
2012-11-06,60.5,60.849998474121094,57.5,57.900001525878906,51.37152099609375,20038
2012-11-07,57.599998474121094,60.20000076293945,57.599998474121094,58.79999923706055,52.1700439453125,18414
2012-11-08,58.0,60.599998474121094,58.0,59.900001525878906,53.14601135253906,22645
2012-11-09,62.20000076293945,66.25,58.150001525878906,65.0999984741211,57.75968551635742,222126
2012-11-12,65.9000015258789,65.9000015258789,60.599998474121094,61.45000076293945,54.521244049072266,59914
2012-11-15,61.0,62.45000076293945,58.0,58.95000076293945,52.30312728881836,37863
2012-11-16,60.0,60.849998474121094,57.5,58.04999923706055,51.504608154296875,44275
2012-11-19,59.5,62.900001525878906,59.5,60.599998474121094,53.767086029052734,150693
2012-11-20,60.599998474121094,61.0,58.04999923706055,58.400001525878906,51.815147399902344,23494
2012-11-21,58.5,67.4000015258789,58.400001525878906,65.69999694824219,58.29204177856445,237542
2012-11-22,66.94999694824219,67.19999694824219,63.5,63.79999923706055,56.606266021728516,260881
2012-11-23,64.0,64.5999984741211,61.79999923706055,62.150001525878906,55.142311096191406,25435
2012-11-26,63.0,65.94999694824219,62.099998474121094,63.0,55.8964729309082,25768
2012-11-27,63.25,64.0,61.849998474121094,62.04999923706055,55.05358123779297,19270
2012-11-29,64.0,69.0,63.0,66.9000015258789,59.35672378540039,97795
2012-11-30,67.44999694824219,69.1500015258789,66.30000305175781,67.1500015258789,59.57854461669922,62970
2012-12-03,68.30000305175781,68.30000305175781,65.55000305175781,65.94999694824219,58.51384353637695,19503
2012-12-04,66.0,68.1500015258789,65.9000015258789,66.5,59.001827239990234,21414
2012-12-05,67.0,67.55000305175781,65.0,66.30000305175781,58.82438659667969,16454
2012-12-06,66.6500015258789,73.5,64.5,71.25,63.21625518798828,341269
2012-12-07,71.5,73.05000305175781,69.05000305175781,69.8499984741211,61.97410583496094,82199
2012-12-10,70.44999694824219,70.5999984741211,68.44999694824219,68.80000305175781,61.04249954223633,22367
2012-12-11,68.5,69.3499984741211,66.75,67.25,59.667259216308594,20794
2012-12-12,68.69999694824219,68.69999694824219,64.4000015258789,67.55000305175781,59.93344497680664,17689
2012-12-13,67.5999984741211,68.5,66.0999984741211,67.6500015258789,60.02217102050781,21123
2012-12-14,69.80000305175781,71.0,67.0,68.0,60.332698822021484,56293
2012-12-17,67.5,68.0999984741211,66.9000015258789,67.19999694824219,59.622901916503906,9225
2012-12-18,67.0999984741211,68.5,67.0999984741211,68.0,60.332698822021484,21169
2012-12-19,68.05000305175781,68.9000015258789,67.69999694824219,68.0,60.332698822021484,12134
2012-12-20,68.25,68.4000015258789,67.0,67.30000305175781,59.71162414550781,10764
2012-12-21,67.0,67.25,65.69999694824219,66.1500015258789,58.6912956237793,15831
2012-12-24,65.55000305175781,66.9000015258789,65.55000305175781,66.25,58.7800178527832,7417
2012-12-26,65.8499984741211,67.25,65.6500015258789,66.44999694824219,58.95746994018555,20699
2012-12-27,69.0,69.0,65.6500015258789,66.30000305175781,58.82438659667969,27232
2012-12-28,67.25,67.25,65.0,65.6500015258789,58.247676849365234,10546
2012-12-31,65.19999694824219,66.0,65.0,65.05000305175781,57.71532440185547,7091
2013-01-01,65.0,69.5,65.0,67.69999694824219,60.06651306152344,18972
2013-01-02,69.80000305175781,71.25,67.9000015258789,69.0,61.21994400024414,58987
2013-01-03,70.25,70.25,67.6500015258789,68.25,60.55451583862305,5789
2013-01-04,68.0,68.5,67.19999694824219,67.9000015258789,60.24397277832031,4440
2013-01-07,67.69999694824219,69.0,66.5,67.25,59.667259216308594,10847
2013-01-08,67.0,67.5,66.19999694824219,67.30000305175781,59.71162414550781,7288
2013-01-09,68.69999694824219,71.0,68.55000305175781,69.4000015258789,61.57483673095703,41101
2013-01-10,70.1500015258789,70.30000305175781,67.80000305175781,68.25,60.55451583862305,9095
2013-01-11,68.0,68.69999694824219,67.0,67.4000015258789,59.800350189208984,10508
2013-01-14,67.0,67.80000305175781,66.55000305175781,67.19999694824219,59.622901916503906,7220
2013-01-15,67.19999694824219,67.80000305175781,66.5,67.0999984741211,59.53417205810547,8964
2013-01-16,67.5,70.5,66.1500015258789,66.5999984741211,59.090553283691406,48807
2013-01-17,66.55000305175781,67.80000305175781,66.5,66.80000305175781,59.268009185791016,5346
2013-01-18,66.4000015258789,68.0,65.0999984741211,65.4000015258789,58.02586364746094,10450
2013-01-21,65.5,67.0,64.30000305175781,64.75,57.449153900146484,9616
2013-01-22,66.0,67.44999694824219,64.0,64.19999694824219,56.96116256713867,7992
2013-01-23,64.05000305175781,64.8499984741211,64.0,64.05000305175781,56.82808303833008,4917
2013-01-24,63.900001525878906,68.5,62.0,62.04999923706055,55.05358123779297,12293
2013-01-25,62.5,62.5,60.45000076293945,61.75,54.78741455078125,4688
2013-01-28,61.70000076293945,62.79999923706055,61.0,61.29999923706055,54.388153076171875,7325
2013-01-29,61.599998474121094,67.5,61.20000076293945,64.30000305175781,57.04989242553711,94029
2013-01-30,64.5,64.5,63.0,63.400001525878906,56.25137710571289,7445
2013-01-31,64.44999694824219,64.9000015258789,63.0,63.54999923706055,56.38445281982422,8979
2013-02-01,64.6500015258789,64.6500015258789,61.54999923706055,62.400001525878906,55.3641242980957,9910
2013-02-04,62.400001525878906,64.4000015258789,62.400001525878906,63.54999923706055,56.38445281982422,7901
2013-02-05,63.849998474121094,63.849998474121094,61.25,61.900001525878906,54.920501708984375,10452
2013-02-06,63.0,64.0,62.0,62.25,55.23103332519531,10937
2013-02-07,62.95000076293945,62.95000076293945,60.75,61.04999923706055,54.16634750366211,8815
2013-02-08,61.099998474121094,62.0,60.0,60.04999923706055,53.27909851074219,10296
2013-02-11,61.95000076293945,61.95000076293945,59.150001525878906,59.849998474121094,53.101646423339844,4002
2013-02-12,60.900001525878906,63.0,59.0,60.70000076293945,53.85581588745117,14514
2013-02-13,62.0,64.9000015258789,61.79999923706055,62.95000076293945,55.852115631103516,42546
2013-02-14,63.5,63.5,60.0,60.29999923706055,53.50090789794922,11013
2013-02-15,60.0,61.45000076293945,58.150001525878906,58.54999923706055,51.94822692871094,15970
2013-02-18,58.70000076293945,62.0,58.04999923706055,58.54999923706055,51.94822692871094,11528
2013-02-19,59.0,59.5,58.5,59.04999923706055,52.391849517822266,5112
2013-02-20,58.75,60.5,58.0,59.900001525878906,53.14601135253906,15183
2013-02-21,61.0,63.849998474121094,60.0,60.79999923706055,53.94453430175781,104410
2013-02-22,60.0,61.400001525878906,58.599998474121094,59.400001525878906,52.702388763427734,12013
2013-02-25,60.25,61.400001525878906,58.150001525878906,58.599998474121094,51.99258804321289,14897
2013-02-26,58.0,58.70000076293945,55.79999923706055,56.25,49.90756607055664,7850
2013-02-27,56.25,58.849998474121094,55.5,55.75,49.46394348144531,15613
2013-02-28,56.5,56.95000076293945,53.0,53.70000076293945,47.64508819580078,9938
2013-03-01,53.70000076293945,54.70000076293945,51.400001525878906,52.04999923706055,46.18112564086914,9336
2013-03-04,52.0,53.0,51.5,52.20000076293945,46.3142204284668,4766
2013-03-05,51.5,53.20000076293945,50.650001525878906,52.04999923706055,46.18112564086914,4472
2013-03-06,52.849998474121094,53.0,52.150001525878906,52.54999923706055,46.624752044677734,8203
2013-03-07,52.099998474121094,53.0,52.099998474121094,52.95000076293945,46.979652404785156,2318
2013-03-08,53.95000076293945,54.95000076293945,53.150001525878906,53.79999923706055,47.73381423950195,5761
2013-03-11,53.849998474121094,55.0,53.29999923706055,54.04999923706055,47.955623626708984,7403
2013-03-12,53.5,53.5,52.150001525878906,52.95000076293945,46.979652404785156,4562
2013-03-13,52.5,53.04999923706055,51.5,52.79999923706055,46.84656524658203,4543
2013-03-14,52.25,53.20000076293945,51.5,51.75,45.914955139160156,4661
2013-03-15,52.099998474121094,52.20000076293945,50.5,51.20000076293945,45.426971435546875,11825
2013-03-18,51.0,51.349998474121094,50.0,50.29999923706055,44.628456115722656,2560
2013-03-19,50.0,50.79999923706055,48.0,48.099998474121094,42.676509857177734,9180
2013-03-20,48.0,49.29999923706055,46.099998474121094,47.25,41.9223518371582,5923
2013-03-21,48.25,48.29999923706055,44.400001525878906,45.04999923706055,39.97041320800781,6344
2013-03-22,45.0,45.0,41.349998474121094,43.0,38.15156173706055,17075
2013-03-25,42.099998474121094,47.79999923706055,42.04999923706055,45.95000076293945,40.76892852783203,170496
2013-03-26,44.599998474121094,45.0,43.400001525878906,44.0,39.03879928588867,9240
2013-03-28,44.5,45.95000076293945,42.0,43.5,38.595176696777344,13070
2013-04-01,43.0,45.45000076293945,43.0,44.900001525878906,39.837318420410156,6291
2013-04-02,44.45000076293945,46.5,44.400001525878906,46.25,41.035099029541016,13872
2013-04-03,46.0,46.849998474121094,45.20000076293945,46.0,40.81330108642578,4766
2013-04-04,45.599998474121094,45.599998474121094,44.20000076293945,44.70000076293945,39.659873962402344,4096
2013-04-05,45.0,45.900001525878906,44.599998474121094,45.650001525878906,40.50275802612305,1554
2013-04-08,45.099998474121094,45.45000076293945,44.400001525878906,44.650001525878906,39.61551284790039,2646
2013-04-09,44.650001525878906,45.45000076293945,43.099998474121094,44.04999923706055,39.08316421508789,7760
2013-04-10,44.0,44.95000076293945,42.04999923706055,43.5,38.595176696777344,5558
2013-04-11,44.20000076293945,44.45000076293945,43.20000076293945,43.349998474121094,38.46209716796875,2748
2013-04-12,44.5,44.70000076293945,42.75,43.150001525878906,38.28464126586914,4220
2013-04-15,44.20000076293945,44.20000076293945,42.29999923706055,43.150001525878906,38.28464126586914,5712
2013-04-16,42.5,46.650001525878906,42.20000076293945,44.349998474121094,39.34933853149414,3015
2013-04-17,45.5,45.900001525878906,43.5,44.5,39.482425689697266,2595
2013-04-18,44.5,46.599998474121094,43.75,45.900001525878906,40.72457504272461,5349
2013-04-22,47.5,48.150001525878906,46.29999923706055,47.599998474121094,42.23289108276367,35811
2013-04-23,48.0,48.099998474121094,46.79999923706055,47.150001525878906,41.8336296081543,3439
2013-04-25,48.25,48.25,46.849998474121094,47.20000076293945,41.87799072265625,4240
2013-04-26,47.900001525878906,47.900001525878906,46.099998474121094,46.349998474121094,41.12383270263672,2267
2013-04-29,47.79999923706055,47.79999923706055,46.099998474121094,46.650001525878906,41.39000701904297,6331
2013-04-30,47.0,47.70000076293945,46.29999923706055,46.95000076293945,41.65617752075195,7027
2013-05-02,47.900001525878906,49.54999923706055,47.79999923706055,49.04999923706055,43.5193977355957,18184
2013-05-03,49.79999923706055,50.0,48.0,48.849998474121094,43.341949462890625,4533
2013-05-06,49.849998474121094,53.95000076293945,49.349998474121094,51.150001525878906,45.38261413574219,60518
2013-05-07,52.400001525878906,52.400001525878906,50.0,50.70000076293945,44.98335266113281,10117
2013-05-08,51.349998474121094,51.599998474121094,49.79999923706055,50.0,44.36227798461914,8123
2013-05-09,49.75,49.75,48.54999923706055,49.04999923706055,43.5193977355957,5507
2013-05-10,50.0,50.0,48.150001525878906,49.400001525878906,43.829933166503906,3733
2013-05-13,49.95000076293945,49.95000076293945,47.25,47.849998474121094,42.4547004699707,3817
2013-05-14,48.75,49.849998474121094,48.0,48.349998474121094,42.8983268737793,2957
2013-05-15,48.70000076293945,49.349998474121094,47.849998474121094,48.75,43.25322341918945,3018
2013-05-16,49.0,49.70000076293945,48.70000076293945,49.5,43.91865921020508,7361
2013-05-17,49.5,58.79999923706055,48.45000076293945,56.5,50.12937927246094,122323
2013-05-20,58.79999923706055,60.54999923706055,57.20000076293945,58.25,51.68205642700195,327866
2013-05-21,57.150001525878906,57.150001525878906,54.5,55.20000076293945,48.97595977783203,22673
2013-05-22,55.0,55.900001525878906,53.0,53.25,47.24583053588867,11924
2013-05-23,52.849998474121094,53.5,48.349998474121094,50.70000076293945,44.98335266113281,18542
2013-05-24,50.900001525878906,51.349998474121094,49.599998474121094,50.150001525878906,44.495365142822266,3885
2013-05-27,50.70000076293945,52.95000076293945,49.099998474121094,51.75,45.914955139160156,13543
2013-05-28,51.0,53.0,49.54999923706055,51.349998474121094,45.560062408447266,7554
2013-05-29,51.0,52.5,50.04999923706055,51.20000076293945,45.426971435546875,10602
2013-05-30,53.20000076293945,54.95000076293945,51.599998474121094,52.150001525878906,46.269859313964844,56174
2013-05-31,51.599998474121094,52.75,50.0,50.25,44.58409118652344,6442
2013-06-03,49.25,50.900001525878906,48.20000076293945,49.54999923706055,43.963016510009766,4170
2013-06-04,49.150001525878906,50.0,48.70000076293945,48.95000076293945,43.43067169189453,2647
2013-06-05,48.849998474121094,49.0,48.0,48.650001525878906,43.16450119018555,4411
2013-06-06,48.0,49.349998474121094,47.29999923706055,48.79999923706055,43.29758071899414,3338
2013-06-07,49.45000076293945,49.45000076293945,47.70000076293945,48.20000076293945,42.765235900878906,5289
2013-06-10,48.0,49.400001525878906,47.70000076293945,47.900001525878906,42.49906539916992,4814
2013-06-11,49.0,49.0,46.29999923706055,46.45000076293945,41.21255874633789,3672
2013-06-12,45.79999923706055,47.0,44.45000076293945,45.849998474121094,40.680206298828125,9908
2013-06-13,46.0,46.0,44.54999923706055,45.599998474121094,40.458396911621094,7306
2013-06-14,45.79999923706055,48.45000076293945,45.29999923706055,47.95000076293945,42.543426513671875,6917
2013-06-17,49.0,50.0,47.29999923706055,48.650001525878906,43.16450119018555,20559
2013-06-18,48.0,49.75,47.25,47.400001525878906,42.05543899536133,7542
2013-06-19,47.099998474121094,48.04999923706055,46.45000076293945,47.04999923706055,41.74489974975586,2101
2013-06-20,46.650001525878906,46.650001525878906,45.04999923706055,45.599998474121094,40.458396911621094,3865
2013-06-21,46.5,46.5,44.20000076293945,44.650001525878906,39.61551284790039,6673
2013-06-24,44.0,44.349998474121094,42.400001525878906,43.45000076293945,38.55082321166992,5901
2013-06-25,44.0,44.79999923706055,41.5,43.849998474121094,38.90571212768555,4882
2013-06-26,43.0,43.900001525878906,41.54999923706055,41.79999923706055,37.08686065673828,10390
2013-06-27,43.0,43.70000076293945,42.099998474121094,42.400001525878906,37.61921691894531,4227
2013-06-28,42.650001525878906,43.900001525878906,42.5,42.95000076293945,38.107200622558594,4423
2013-07-01,42.099998474121094,44.0,42.099998474121094,43.599998474121094,38.683902740478516,3128
2013-07-02,44.0,45.150001525878906,43.70000076293945,44.25,39.2606201171875,5022
2013-07-03,43.04999923706055,44.45000076293945,42.400001525878906,42.849998474121094,38.018470764160156,2392
2013-07-04,42.900001525878906,43.20000076293945,42.29999923706055,42.45000076293945,37.663570404052734,2855
2013-07-05,43.599998474121094,44.20000076293945,42.5,43.95000076293945,38.994441986083984,4955
2013-07-08,43.04999923706055,44.5,43.04999923706055,43.79999923706055,38.86135482788086,2409
2013-07-09,43.599998474121094,44.349998474121094,42.5,42.54999923706055,37.752296447753906,6555
2013-07-10,42.75,43.70000076293945,42.20000076293945,43.04999923706055,38.1959228515625,3576
2013-07-11,42.5,43.04999923706055,41.54999923706055,42.20000076293945,37.44176483154297,9694
2013-07-12,43.45000076293945,43.45000076293945,41.54999923706055,42.0,37.26431655883789,8872
2013-07-15,42.95000076293945,42.95000076293945,41.900001525878906,42.150001525878906,37.397403717041016,3580
2013-07-16,42.95000076293945,43.900001525878906,41.400001525878906,42.75,37.929744720458984,6110
2013-07-17,44.150001525878906,45.900001525878906,43.5,44.349998474121094,39.34933853149414,24945
2013-07-18,44.0,44.900001525878906,43.25,43.5,38.595176696777344,3268
2013-07-19,44.400001525878906,44.400001525878906,42.5,42.849998474121094,38.018470764160156,3959
2013-07-22,42.70000076293945,43.599998474121094,41.20000076293945,42.400001525878906,37.61921691894531,3346
2013-07-23,42.29999923706055,42.900001525878906,42.04999923706055,42.650001525878906,37.84102249145508,4012
2013-07-24,42.20000076293945,48.0,41.54999923706055,44.29999923706055,39.304969787597656,75487
2013-07-25,45.79999923706055,47.650001525878906,45.20000076293945,46.70000076293945,41.43436813354492,195217
2013-07-26,46.400001525878906,47.349998474121094,45.349998474121094,45.95000076293945,40.76892852783203,28264
2013-07-29,46.04999923706055,46.54999923706055,43.95000076293945,44.650001525878906,39.61551284790039,7327
2013-07-30,44.400001525878906,44.900001525878906,42.599998474121094,43.650001525878906,38.728275299072266,7747
2013-07-31,43.099998474121094,44.0,40.20000076293945,42.29999923706055,37.530487060546875,8643
2013-08-01,44.0,46.400001525878906,41.5,42.349998474121094,37.57484817504883,8843
2013-08-02,43.95000076293945,43.95000076293945,41.150001525878906,41.29999923706055,36.64324951171875,7544
2013-08-05,41.599998474121094,42.5,39.150001525878906,39.400001525878906,34.95747375488281,11038
2013-08-06,39.0,40.79999923706055,38.099998474121094,39.45000076293945,35.00183868408203,7467
2013-08-07,40.79999923706055,42.900001525878906,39.099998474121094,39.349998474121094,34.91311264038086,4560
2013-08-08,39.0,41.349998474121094,38.45000076293945,40.650001525878906,36.066532135009766,4511
2013-08-12,42.0,42.04999923706055,41.0,41.29999923706055,36.64324951171875,3942
2013-08-13,41.900001525878906,46.349998474121094,40.54999923706055,43.849998474121094,38.90571212768555,50715
2013-08-14,44.45000076293945,44.45000076293945,42.29999923706055,42.650001525878906,37.84102249145508,7796
2013-08-16,42.0,43.849998474121094,38.400001525878906,40.20000076293945,35.66727066040039,12752
2013-08-19,40.0,40.400001525878906,38.0,38.650001525878906,34.29204177856445,8486
2013-08-20,38.099998474121094,45.79999923706055,38.0,44.25,39.2606201171875,26429
2013-08-21,46.79999923706055,47.099998474121094,45.0,46.150001525878906,40.94638442993164,140358
2013-08-22,44.70000076293945,45.75,43.0,44.900001525878906,39.837318420410156,11123
2013-08-23,46.0,46.95000076293945,43.20000076293945,44.04999923706055,39.08316421508789,5756
2013-08-26,44.099998474121094,44.70000076293945,43.20000076293945,43.70000076293945,38.77262878417969,5511
2013-08-27,43.20000076293945,43.5,41.25,41.5,36.8206901550293,10147
2013-08-28,41.0,42.0,40.099998474121094,41.29999923706055,36.64324951171875,1962
2013-08-29,41.150001525878906,42.349998474121094,40.75,42.0,37.26431655883789,2381
2013-08-30,43.0,43.0,41.20000076293945,41.650001525878906,36.95377731323242,3946
2013-09-02,42.5,42.75,41.70000076293945,42.0,37.26431655883789,1625
2013-09-03,41.70000076293945,44.0,41.70000076293945,42.0,37.26431655883789,4429
2013-09-04,42.0,42.900001525878906,41.29999923706055,41.650001525878906,36.95377731323242,2990
2013-09-05,42.29999923706055,43.45000076293945,41.20000076293945,41.79999923706055,37.08686065673828,5906
2013-09-06,41.79999923706055,42.79999923706055,41.79999923706055,42.349998474121094,37.57484817504883,2481
2013-09-10,43.20000076293945,44.0,42.75,43.25,38.37337112426758,7681
2013-09-11,43.099998474121094,43.70000076293945,41.70000076293945,42.599998474121094,37.79666519165039,5242
2013-09-12,42.54999923706055,43.45000076293945,42.20000076293945,42.900001525878906,38.06283950805664,5818
2013-09-13,43.0,43.75,42.04999923706055,42.95000076293945,38.107200622558594,4174
2013-09-16,42.5,45.0,42.5,43.75,38.81699752807617,8516
2013-09-17,43.5,43.900001525878906,43.0,43.400001525878906,38.5064582824707,2349
2013-09-18,44.0,44.0,42.599998474121094,42.79999923706055,37.97411346435547,3069
2013-09-19,43.04999923706055,43.900001525878906,41.95000076293945,42.95000076293945,39.01885223388672,11146
2013-09-20,43.29999923706055,43.5,40.75,41.5,37.70156478881836,11322
2013-09-23,41.5,41.650001525878906,41.0,41.5,37.70156478881836,3043
2013-09-24,41.95000076293945,42.0,41.29999923706055,41.54999923706055,37.74699401855469,3477
2013-09-25,41.54999923706055,42.45000076293945,40.400001525878906,40.70000076293945,36.974788665771484,13693
2013-09-26,40.5,41.849998474121094,40.099998474121094,40.75,37.02021408081055,3179
2013-09-27,40.650001525878906,42.5,40.400001525878906,40.79999923706055,37.065635681152344,5888
2013-09-30,41.5,41.5,40.5,40.599998474121094,36.88394546508789,2575
2013-10-01,40.54999923706055,41.70000076293945,40.5,40.599998474121094,36.88394546508789,3821
2013-10-03,41.0,41.900001525878906,40.150001525878906,41.45000076293945,37.65614318847656,10662
2013-10-04,42.849998474121094,43.900001525878906,42.25,42.900001525878906,38.97343063354492,37138
2013-10-07,42.79999923706055,42.79999923706055,41.54999923706055,41.79999923706055,37.97411346435547,5346
2013-10-08,42.70000076293945,42.70000076293945,41.20000076293945,41.650001525878906,37.83784103393555,8699
2013-10-09,42.70000076293945,42.900001525878906,41.5,42.599998474121094,38.700889587402344,10862
2013-10-10,43.0,43.5,41.599998474121094,42.150001525878906,38.292076110839844,4675
2013-10-11,42.5,42.849998474121094,42.0,42.150001525878906,38.292076110839844,4978
2013-10-14,42.25,43.0,42.25,42.5,38.610042572021484,4046
2013-10-15,42.349998474121094,43.70000076293945,42.20000076293945,43.150001525878906,39.20054244995117,6096
2013-10-17,43.900001525878906,43.900001525878906,43.0,43.400001525878906,39.427669525146484,5098
2013-10-18,43.79999923706055,47.95000076293945,42.75,46.79999923706055,42.51647186279297,67119
2013-10-21,47.400001525878906,51.70000076293945,47.400001525878906,49.75,45.19645690917969,50292
2013-10-22,50.900001525878906,51.5,49.349998474121094,49.45000076293945,44.923919677734375,20323
2013-10-23,50.900001525878906,51.04999923706055,49.400001525878906,49.79999923706055,45.241878509521484,23333
2013-10-24,50.0,53.79999923706055,49.79999923706055,51.5,46.78628158569336,55884
2013-10-25,53.599998474121094,60.349998474121094,51.20000076293945,59.20000076293945,53.78152084350586,464370
2013-10-28,58.900001525878906,61.95000076293945,57.150001525878906,58.04999923706055,52.73677062988281,167301
2013-10-29,58.20000076293945,58.599998474121094,55.400001525878906,56.349998474121094,51.19236755371094,33301
2013-10-30,56.349998474121094,58.5,55.25,57.0,51.782875061035156,36766
2013-10-31,58.5,62.5,58.150001525878906,59.04999923706055,53.64524459838867,151730
2013-11-01,59.849998474121094,60.79999923706055,56.150001525878906,58.29999923706055,52.963890075683594,41571
2013-11-05,62.099998474121094,62.099998474121094,60.95000076293945,61.599998474121094,55.96184539794922,33253
2013-11-06,61.5,65.5,61.0,62.650001525878906,56.915740966796875,71470
2013-11-07,63.900001525878906,63.900001525878906,60.099998474121094,60.900001525878906,55.325923919677734,41280
2013-11-08,60.70000076293945,61.95000076293945,59.150001525878906,60.20000076293945,54.689979553222656,14168
2013-11-11,60.04999923706055,61.29999923706055,58.75,59.0,53.59982681274414,10272
2013-11-12,61.0,61.0,56.54999923706055,57.29999923706055,52.055419921875,17644
2013-11-13,57.0,60.0,56.04999923706055,57.20000076293945,51.96457290649414,21952
2013-11-14,58.79999923706055,59.79999923706055,57.900001525878906,58.79999923706055,53.418128967285156,17206
2013-11-18,60.849998474121094,60.900001525878906,59.0,59.45000076293945,54.008628845214844,35887
2013-11-19,59.0,62.70000076293945,58.5,60.75,55.18965148925781,35163
2013-11-20,60.5,61.5,60.0,60.20000076293945,54.689979553222656,11208
2013-11-21,59.95000076293945,60.0,57.099998474121094,57.849998474121094,52.55507278442383,19491
2013-11-22,58.95000076293945,59.900001525878906,58.150001525878906,58.5,53.14558792114258,16321
2013-11-25,61.099998474121094,63.5,60.5,61.70000076293945,56.052696228027344,64208
2013-11-26,61.599998474121094,65.4000015258789,61.599998474121094,64.3499984741211,58.46014404296875,83525
2013-11-27,64.69999694824219,75.6500015258789,64.3499984741211,72.0,65.40995788574219,576738
2013-11-28,72.3499984741211,81.9000015258789,70.19999694824219,79.9000015258789,72.58687591552734,805385
2013-11-29,81.5999984741211,85.0,77.0,79.19999694824219,71.9509506225586,330189
2013-12-02,79.19999694824219,83.0,77.0,78.8499984741211,71.63298034667969,124653
2013-12-03,79.0,82.69999694824219,78.0,79.5,72.22348022460938,94315
2013-12-04,81.0,81.80000305175781,78.80000305175781,79.30000305175781,72.04180145263672,63580
2013-12-05,80.19999694824219,82.0,75.5,76.0999984741211,69.13467407226562,96014
2013-12-06,79.0,79.0,76.0999984741211,76.44999694824219,69.45265197753906,39164
2013-12-09,77.94999694824219,79.0,76.0,76.19999694824219,69.22552490234375,39829
2013-12-10,77.0,77.5999984741211,74.5,75.44999694824219,68.54418182373047,66079
2013-12-11,77.05000305175781,79.0,75.80000305175781,77.19999694824219,70.13400268554688,233119
2013-12-12,77.0,78.0,74.5,75.55000305175781,68.63504791259766,58784
2013-12-13,75.0999984741211,75.94999694824219,72.9000015258789,73.30000305175781,66.59097290039062,40590
2013-12-16,73.0,73.6500015258789,70.19999694824219,70.80000305175781,64.31978607177734,39628
2013-12-17,71.0,73.80000305175781,70.0,73.0,66.31841278076172,48254
2013-12-18,73.0,76.3499984741211,72.75,73.5999984741211,66.86351013183594,82536
2013-12-19,74.94999694824219,74.94999694824219,70.6500015258789,72.5999984741211,65.95503234863281,15274
2013-12-20,72.55000305175781,74.5999984741211,72.5,74.0999984741211,67.31774139404297,32917
2013-12-23,74.0,76.05000305175781,73.80000305175781,74.19999694824219,67.4085922241211,27839
2013-12-24,73.6500015258789,79.0,73.05000305175781,76.0999984741211,69.13467407226562,91019
2013-12-26,76.9000015258789,77.94999694824219,76.1500015258789,77.05000305175781,69.99774169921875,39854
2013-12-27,75.6500015258789,79.0,75.6500015258789,76.55000305175781,69.54349517822266,47697
2013-12-30,78.4000015258789,78.75,77.5999984741211,78.3499984741211,71.17874145507812,71245
2013-12-31,78.05000305175781,83.19999694824219,77.94999694824219,81.3499984741211,73.90415954589844,205178
2014-01-01,82.69999694824219,82.69999694824219,79.5999984741211,80.3499984741211,72.9957046508789,38357
2014-01-02,80.3499984741211,83.80000305175781,79.05000305175781,79.44999694824219,72.17807006835938,132655
2014-01-03,79.5,80.4000015258789,76.55000305175781,79.3499984741211,72.08721923828125,48207
2014-01-06,80.5,80.5,78.0999984741211,79.25,71.99638366699219,33433
2014-01-07,79.05000305175781,80.5,78.0,78.5,71.31501007080078,42959
2014-01-08,78.55000305175781,86.69999694824219,78.55000305175781,85.55000305175781,77.71975708007812,260024
2014-01-09,87.0,88.69999694824219,84.0999984741211,85.3499984741211,77.53805541992188,224151
2014-01-10,85.19999694824219,85.9000015258789,81.30000305175781,82.1500015258789,74.63094329833984,54387
2014-01-13,82.19999694824219,85.69999694824219,82.1500015258789,83.44999694824219,75.81195068359375,29631
2014-01-14,83.0,84.19999694824219,81.5,82.44999694824219,74.90348052978516,15941
2014-01-15,83.0,83.0,80.0,80.25,72.90483093261719,37938
2014-01-16,80.25,81.9000015258789,79.0,79.4000015258789,72.13263702392578,26676
2014-01-17,79.0,79.94999694824219,76.5,77.30000305175781,70.224853515625,20029
2014-01-20,77.0,77.5,76.0,76.4000015258789,69.4072265625,32756
2014-01-21,77.9000015258789,79.69999694824219,77.0,77.5,70.40655517578125,64855
2014-01-22,77.0,79.0,76.55000305175781,77.19999694824219,70.13400268554688,31876
2014-01-23,77.0,83.9000015258789,76.6500015258789,82.1500015258789,74.63094329833984,104408
2014-01-24,81.80000305175781,83.0,77.19999694824219,78.30000305175781,71.1333236694336,142606
2014-01-27,77.5,77.5,71.5999984741211,72.25,65.63707733154297,84969
2014-01-28,73.8499984741211,74.69999694824219,71.0,74.0999984741211,67.31774139404297,43767
2014-01-29,75.05000305175781,78.0,75.0,76.30000305175781,69.31637573242188,48303
2014-01-30,75.3499984741211,75.44999694824219,72.6500015258789,73.4000015258789,66.68180847167969,42025
2014-01-31,73.9000015258789,76.9000015258789,73.5999984741211,75.1500015258789,68.27163696289062,30452
2014-02-03,74.80000305175781,79.4000015258789,74.5,76.25,69.27095794677734,49430
2014-02-04,76.5,76.5,73.75,75.25,68.36248779296875,23365
2014-02-05,74.55000305175781,76.69999694824219,74.55000305175781,75.6500015258789,68.72587585449219,18932
2014-02-06,76.0,78.0,74.69999694824219,75.0999984741211,68.22621154785156,31693
2014-02-07,75.5,76.9000015258789,74.5,74.8499984741211,67.99909210205078,11638
2014-02-10,75.0999984741211,75.80000305175781,73.6500015258789,74.44999694824219,67.63568878173828,20168
2014-02-11,74.5,75.0,72.94999694824219,73.55000305175781,66.81808471679688,16350
2014-02-12,73.55000305175781,75.0,72.80000305175781,73.69999694824219,66.95436096191406,15768
2014-02-13,73.25,75.5,72.25,73.0,66.31841278076172,25635
2014-02-14,72.75,74.6500015258789,72.0,72.44999694824219,65.81876373291016,12828
2014-02-17,71.55000305175781,73.5,70.5,70.6500015258789,64.18351745605469,15876
2014-02-18,70.0999984741211,72.5,70.0999984741211,72.05000305175781,65.45537567138672,9235
2014-02-19,71.5,73.19999694824219,70.5999984741211,72.5999984741211,65.95503234863281,9731
2014-02-20,72.5999984741211,72.5999984741211,71.0,71.55000305175781,65.00114440917969,13164
2014-02-21,72.0,73.0,68.6500015258789,69.55000305175781,63.18418884277344,49952
2014-02-24,70.69999694824219,71.5999984741211,65.8499984741211,66.30000305175781,60.231666564941406,62576
2014-02-25,66.5,71.69999694824219,65.80000305175781,69.94999694824219,63.547576904296875,38593
2014-02-26,69.5,71.4000015258789,69.0,70.6500015258789,64.18351745605469,24910
2014-02-28,71.5,72.5,69.55000305175781,70.30000305175781,63.86555862426758,17127
2014-03-03,70.0,70.44999694824219,68.0,68.3499984741211,62.094024658203125,16149
2014-03-04,69.69999694824219,69.9000015258789,68.0,68.94999694824219,62.63910675048828,10662
2014-03-05,70.0,70.0,68.25,68.5999984741211,62.32115173339844,7003
2014-03-06,68.3499984741211,73.30000305175781,68.3499984741211,72.6500015258789,66.00047302246094,73873
2014-03-07,73.0,73.8499984741211,71.5,72.55000305175781,65.90962219238281,28595
2014-03-10,72.0,72.4000015258789,71.0,71.25,64.72859954833984,11366
2014-03-11,71.0,72.80000305175781,70.30000305175781,71.0,64.50148010253906,24278
2014-03-12,72.05000305175781,80.0,71.5,74.8499984741211,67.99909210205078,186242
2014-03-13,75.0,76.5999984741211,73.1500015258789,74.0999984741211,67.31774139404297,90881
2014-03-14,73.5,73.5,71.69999694824219,72.3499984741211,65.72791290283203,17958
2014-03-18,72.8499984741211,74.44999694824219,72.5,73.9000015258789,67.13603973388672,24329
2014-03-19,75.0,79.0,73.19999694824219,77.25,70.17942810058594,389874
2014-03-20,77.0,77.80000305175781,76.0,76.55000305175781,69.54349517822266,62483
2014-03-21,76.94999694824219,78.44999694824219,76.30000305175781,76.69999694824219,69.67975616455078,132020
2014-03-24,76.4000015258789,77.19999694824219,75.80000305175781,76.19999694824219,69.22552490234375,26416
2014-03-25,76.0,76.6500015258789,74.30000305175781,74.5,67.68112182617188,18814
2014-03-26,74.0,75.3499984741211,72.55000305175781,73.44999694824219,66.72722625732422,60264
2014-03-27,75.55000305175781,77.9000015258789,74.5999984741211,76.05000305175781,69.08926391601562,122112
2014-03-28,77.4000015258789,78.1500015258789,75.69999694824219,76.4000015258789,69.4072265625,54078
2014-03-31,75.6500015258789,78.9000015258789,75.6500015258789,77.3499984741211,70.27027130126953,51543
2014-04-01,77.69999694824219,78.0,75.69999694824219,76.80000305175781,69.77061462402344,39795
2014-04-02,76.75,85.75,76.75,83.75,76.08450317382812,406641
2014-04-03,84.25,86.80000305175781,83.05000305175781,83.69999694824219,76.03907012939453,164857
2014-04-04,83.0,89.0,82.19999694824219,85.75,77.90143585205078,277397
2014-04-07,86.80000305175781,92.19999694824219,85.1500015258789,90.55000305175781,82.2621078491211,372809
2014-04-09,91.5999984741211,95.0,91.0,93.30000305175781,84.76039123535156,433846
2014-04-10,93.80000305175781,96.25,91.55000305175781,92.55000305175781,84.07904052734375,150042
2014-04-11,92.0,93.69999694824219,90.55000305175781,91.9000015258789,83.48853302001953,318996
2014-04-15,92.05000305175781,94.0,89.94999694824219,91.25,82.89801788330078,92041
2014-04-16,95.0,96.80000305175781,93.0,93.94999694824219,85.35090637207031,453582
2014-04-17,94.0,95.75,91.4000015258789,93.80000305175781,85.21464538574219,121463
2014-04-21,94.0,94.30000305175781,91.80000305175781,92.25,83.80650329589844,80922
2014-04-22,92.25,92.9000015258789,89.0999984741211,89.8499984741211,81.62616729736328,59810
2014-04-23,89.0999984741211,92.5,89.0999984741211,90.55000305175781,82.2621078491211,64249
2014-04-24,90.55000305175781,90.55000305175781,90.55000305175781,90.55000305175781,82.2621078491211,0
2014-04-25,92.8499984741211,94.30000305175781,91.5,93.25,84.71498107910156,175653
2014-04-28,93.4000015258789,93.55000305175781,91.4000015258789,92.4000015258789,83.94276428222656,79320
2014-04-29,93.0,93.0,89.69999694824219,90.30000305175781,82.03498077392578,47996
2014-04-30,90.5,91.5,85.30000305175781,86.5,78.58279418945312,79089
2014-05-02,86.69999694824219,89.80000305175781,86.69999694824219,88.0,79.94548797607422,49104
2014-05-05,88.75,88.8499984741211,86.1500015258789,86.75,78.80990600585938,22503
2014-05-06,86.55000305175781,91.0,86.0,90.8499984741211,82.53462982177734,112431
2014-05-07,90.94999694824219,91.5999984741211,87.69999694824219,88.0999984741211,80.03633880615234,28130
2014-05-08,88.5,89.9000015258789,86.3499984741211,88.8499984741211,80.71769714355469,55120
2014-05-09,92.30000305175781,92.4000015258789,89.1500015258789,89.5999984741211,81.3990478515625,183200
2014-05-12,88.94999694824219,91.9000015258789,87.30000305175781,88.80000305175781,80.67227172851562,93862
2014-05-13,88.5999984741211,94.80000305175781,88.5,93.5,84.94207763671875,257002
2014-05-14,95.80000305175781,104.80000305175781,95.80000305175781,99.6500015258789,90.52919006347656,1083867
2014-05-15,104.9000015258789,118.4000015258789,103.69999694824219,113.19999694824219,102.83898162841797,2344311
2014-05-16,116.19999694824219,120.0,108.0,111.8499984741211,101.61254119873047,461008
2014-05-19,113.1500015258789,134.1999969482422,113.1500015258789,134.1999969482422,121.9168701171875,609140
2014-05-20,139.5,147.60000610351562,139.5,147.60000610351562,134.09039306640625,188758
2014-05-21,162.35000610351562,162.35000610351562,149.0,153.1999969482422,139.17784118652344,697362
2014-05-22,154.0,155.85000610351562,137.9499969482422,139.0,126.27754974365234,420939
2014-05-23,141.10000610351562,152.89999389648438,141.0,149.6999969482422,135.99818420410156,452553
2014-05-26,153.0,156.85000610351562,135.0,140.35000610351562,127.50396728515625,194046
2014-05-27,140.35000610351562,152.39999389648438,136.25,149.0500030517578,135.40768432617188,264914
2014-05-28,152.0,152.39999389648438,146.14999389648438,147.64999389648438,134.13580322265625,106015
2014-05-29,147.9499969482422,150.0,143.25,145.0500030517578,131.7738037109375,58164
2014-05-30,146.8000030517578,155.89999389648438,141.35000610351562,149.8000030517578,136.08905029296875,211104
2014-06-02,156.0,164.75,155.10000610351562,164.75,149.6707000732422,326113
2014-06-03,169.0,179.5,167.0,176.25,160.11814880371094,463493
2014-06-04,177.0,183.0,171.89999389648438,174.14999389648438,158.21031188964844,164607
2014-06-05,175.0,178.6999969482422,169.0,171.75,156.0299835205078,92024
2014-06-06,173.85000610351562,175.0,164.25,169.25,153.75885009765625,117571
2014-06-09,174.75,174.75,167.8000030517578,169.9499969482422,154.39476013183594,85552
2014-06-10,168.0,172.5,163.25,166.6999969482422,151.44219970703125,116781
2014-06-11,166.0,167.0,157.0,158.60000610351562,144.08360290527344,91578
2014-06-12,164.0,164.8000030517578,157.6999969482422,158.9499969482422,144.40155029296875,84049
2014-06-13,165.0,166.85000610351562,159.1999969482422,164.6999969482422,149.62525939941406,80783
2014-06-16,165.0,172.89999389648438,164.0500030517578,172.89999389648438,157.07472229003906,74385
2014-06-17,180.6999969482422,181.5,176.0500030517578,177.5,161.25372314453125,116333
2014-06-18,176.60000610351562,184.25,172.0,172.75,156.93846130371094,70748
2014-06-19,176.5,177.3000030517578,170.0500030517578,174.10000610351562,158.1649169921875,15803
2014-06-20,173.5,173.5,165.39999389648438,167.75,152.39608764648438,48893
2014-06-23,167.0,171.0,165.64999389648438,168.5500030517578,153.1228790283203,18321
2014-06-24,167.5500030517578,170.0,166.0,168.14999389648438,152.75949096679688,9556
2014-06-25,170.0,171.0,165.10000610351562,165.4499969482422,150.30662536621094,10674
2014-06-26,168.5,173.6999969482422,167.0,173.6999969482422,157.80148315429688,32732
2014-06-27,181.39999389648438,181.39999389648438,170.0,180.0,163.52487182617188,69279
2014-06-30,182.0,187.3000030517578,176.10000610351562,183.4499969482422,166.65908813476562,62312
2014-07-01,185.89999389648438,192.60000610351562,184.0,192.60000610351562,174.97161865234375,99553
2014-07-02,198.0,202.1999969482422,192.60000610351562,201.6999969482422,183.23870849609375,183019
2014-07-03,202.0,203.89999389648438,191.64999389648438,192.35000610351562,174.74449157714844,76541
2014-07-04,192.35000610351562,201.9499969482422,190.0,201.9499969482422,183.46583557128906,119854
2014-07-07,206.0,212.0,205.9499969482422,212.0,192.59596252441406,154260
2014-07-08,218.0,222.60000610351562,204.0,215.64999389648438,195.91188049316406,305353
2014-07-09,219.85000610351562,226.39999389648438,212.39999389648438,223.75,203.27053833007812,261161
2014-07-10,228.0,234.89999389648438,227.0,234.6999969482422,213.21826171875,214680
2014-07-11,238.89999389648438,246.39999389648438,231.0,242.3000030517578,220.12266540527344,289267
2014-07-14,245.6999969482422,245.6999969482422,230.1999969482422,230.1999969482422,209.13014221191406,71864
2014-07-15,218.6999969482422,218.6999969482422,218.6999969482422,218.6999969482422,198.68272399902344,59879
2014-07-16,217.0,217.0,207.8000030517578,207.8000030517578,188.78041076660156,158448
2014-07-17,197.4499969482422,197.4499969482422,197.4499969482422,197.4499969482422,179.37770080566406,37514
2014-07-18,192.3000030517578,207.3000030517578,192.0,207.3000030517578,188.32614135742188,354327
2014-07-21,217.64999389648438,217.64999389648438,209.0500030517578,217.64999389648438,197.72882080078125,284469
2014-07-22,225.0,228.5,209.6999969482422,214.0,194.41293334960938,423655
2014-07-23,213.89999389648438,221.35000610351562,207.4499969482422,209.60000610351562,192.21200561523438,73783
2014-07-24,210.25,220.0500030517578,200.5500030517578,220.0500030517578,201.7950897216797,248053
2014-07-25,227.0,227.0,210.0,215.0500030517578,197.20989990234375,113732
2014-07-28,212.0,216.9499969482422,204.3000030517578,204.3000030517578,187.35169982910156,50265
2014-07-30,202.35000610351562,204.5,194.39999389648438,200.4499969482422,183.82106018066406,103389
2014-07-31,201.0500030517578,210.4499969482422,200.0,210.4499969482422,192.99148559570312,102329
2014-08-01,211.0,220.9499969482422,202.0,210.60000610351562,193.1290740966797,285789
2014-08-04,213.25,217.39999389648438,205.25,211.0500030517578,193.54171752929688,66635
2014-08-05,211.10000610351562,229.89999389648438,211.0,219.1999969482422,201.01559448242188,134004
2014-08-06,218.3000030517578,226.0,209.3000030517578,212.5,194.87142944335938,98158
2014-08-07,212.89999389648438,216.8000030517578,205.0,211.64999389648438,194.0919189453125,39449
2014-08-08,208.1999969482422,211.0,205.5,207.9499969482422,190.6988983154297,35502
2014-08-11,210.10000610351562,217.0,209.0500030517578,210.1999969482422,192.76223754882812,47813
2014-08-12,211.14999389648438,216.0,210.5,212.5,194.87142944335938,49548
2014-08-13,211.0500030517578,211.0500030517578,191.25,195.75,179.51097106933594,154986
2014-08-14,198.0,205.0,190.4499969482422,199.5500030517578,182.99574279785156,98480
2014-08-18,204.89999389648438,211.35000610351562,201.75,209.6999969482422,192.3037109375,104195
2014-08-19,211.8000030517578,214.39999389648438,207.0,212.89999389648438,195.2382354736328,80790
2014-08-20,214.0,215.0,209.75,210.3000030517578,192.8539581298828,47752
2014-08-21,200.0500030517578,214.60000610351562,200.0500030517578,210.14999389648438,192.7163848876953,29134
2014-08-22,213.8000030517578,228.6999969482422,205.35000610351562,218.64999389648438,200.51123046875,237313
2014-08-25,230.10000610351562,240.5,227.0,236.9499969482422,217.29310607910156,529324
2014-08-26,242.89999389648438,257.3999938964844,238.5500030517578,254.0500030517578,232.9745330810547,837419
2014-08-27,258.20001220703125,265.0,245.0,259.6499938964844,238.10997009277344,525519
2014-08-28,257.8999938964844,261.5,245.0,250.85000610351562,230.0399932861328,105172
2014-09-01,252.8000030517578,255.3000030517578,247.14999389648438,250.14999389648438,229.39805603027344,145580
2014-09-02,251.6999969482422,251.89999389648438,236.0,237.3000030517578,217.6140594482422,106989
2014-09-03,239.0,253.39999389648438,237.3000030517578,246.85000610351562,226.371826171875,271418
2014-09-04,248.64999389648438,254.0,241.64999389648438,246.14999389648438,225.72987365722656,161596
2014-09-05,248.35000610351562,263.79998779296875,246.5500030517578,260.8999938964844,239.2562255859375,247600
2014-09-08,263.45001220703125,274.5,258.70001220703125,271.1000061035156,248.610107421875,308440
2014-09-09,271.1000061035156,279.70001220703125,268.0,268.95001220703125,246.63844299316406,122711
2014-09-10,268.0,273.95001220703125,260.1499938964844,263.3500061035156,241.50303649902344,61681
2014-09-11,264.1000061035156,269.79998779296875,258.1000061035156,259.45001220703125,237.92657470703125,62275
2014-09-12,261.3500061035156,264.70001220703125,255.14999389648438,256.8500061035156,235.542236328125,72031
2014-09-15,255.89999389648438,266.3500061035156,255.89999389648438,262.6499938964844,240.861083984375,114543
2014-09-16,264.5,264.5,238.1999969482422,249.1999969482422,228.52687072753906,88399
2014-09-17,254.89999389648438,256.0,244.0,249.0500030517578,228.38931274414062,100021
2014-09-18,248.0,254.89999389648438,247.9499969482422,250.1999969482422,229.44390869140625,56791
2014-09-19,251.8000030517578,253.5,244.89999389648438,245.35000610351562,224.99624633789062,67359
2014-09-22,244.0,249.89999389648438,243.1999969482422,246.1999969482422,225.77574157714844,45604
2014-09-23,245.0500030517578,250.39999389648438,235.0,240.39999389648438,220.45689392089844,72158
2014-09-24,241.9499969482422,242.0,236.0500030517578,238.4499969482422,218.668701171875,38631
2014-09-25,239.0,249.4499969482422,237.0,239.1999969482422,219.35643005371094,97081
2014-09-26,239.10000610351562,241.9499969482422,230.0,237.85000610351562,218.1184539794922,53163
2014-09-29,247.6999969482422,248.89999389648438,239.0,242.64999389648438,222.52024841308594,55782
2014-09-30,240.1999969482422,246.0,238.3000030517578,241.0,221.0071258544922,26223
2014-10-01,241.25,241.25,235.0,238.6999969482422,218.89791870117188,25332
2014-10-07,245.0,253.75,238.6999969482422,250.6999969482422,229.90243530273438,125325
2014-10-08,252.89999389648438,268.29998779296875,240.0,262.45001220703125,240.67770385742188,378582
2014-10-09,264.5,273.6000061035156,260.1000061035156,261.79998779296875,240.08160400390625,118616
2014-10-10,262.0,262.0,250.60000610351562,257.79998779296875,236.4134063720703,61246
2014-10-13,255.1999969482422,259.6000061035156,253.0,255.75,234.53347778320312,26147
2014-10-14,253.1999969482422,263.3999938964844,243.9499969482422,247.8000030517578,227.2429962158203,43180
2014-10-15,247.8000030517578,247.8000030517578,247.8000030517578,247.8000030517578,227.2429962158203,0
2014-10-16,244.9499969482422,249.5,231.10000610351562,236.8000030517578,217.1555633544922,61882
2014-10-17,240.0,249.89999389648438,235.5,241.5500030517578,221.51150512695312,33518
2014-10-20,244.0,248.9499969482422,236.60000610351562,238.64999389648438,218.8520965576172,20662
2014-10-21,236.3000030517578,243.89999389648438,236.3000030517578,241.6999969482422,221.6490478515625,23270
2014-10-22,244.25,244.25,236.10000610351562,236.89999389648438,217.2472686767578,28569
2014-10-27,240.35000610351562,244.39999389648438,237.1999969482422,237.85000610351562,218.1184539794922,34905
2014-10-28,238.0,241.89999389648438,236.5,237.4499969482422,217.7516326904297,22932
2014-10-29,238.0,244.89999389648438,235.14999389648438,241.6999969482422,221.6490478515625,56365
2014-10-30,241.9499969482422,246.0,234.10000610351562,236.9499969482422,217.29310607910156,81977
2014-10-31,239.6999969482422,242.8000030517578,233.10000610351562,235.0,215.5048828125,66404
2014-11-03,236.6999969482422,239.4499969482422,220.0500030517578,227.0,208.16854858398438,124366
2014-11-05,225.0500030517578,229.5,217.4499969482422,224.64999389648438,206.0134735107422,56923
2014-11-07,225.0,228.39999389648438,215.25,219.5,201.2907257080078,84757
2014-11-10,220.5500030517578,246.75,220.5500030517578,243.39999389648438,223.20802307128906,253538
2014-11-11,245.3000030517578,247.6999969482422,237.9499969482422,241.14999389648438,221.1446990966797,152327
2014-11-12,242.85000610351562,258.5,237.10000610351562,253.8000030517578,232.74526977539062,215869
2014-11-13,253.1999969482422,262.5,249.0,254.5500030517578,233.4330596923828,178139
2014-11-14,255.6999969482422,260.54998779296875,250.0,251.5,230.63607788085938,86743
2014-11-17,225.0,225.0,201.1999969482422,201.1999969482422,184.5088653564453,87216
2014-11-18,181.5,204.89999389648438,168.0,196.5,180.1987762451172,1229169
2014-11-19,211.6999969482422,233.85000610351562,208.0500030517578,226.14999389648438,207.38905334472656,1424488
2014-11-20,228.0500030517578,236.0,220.10000610351562,224.8000030517578,206.1510467529297,449594
2014-11-21,225.89999389648438,226.6999969482422,216.39999389648438,217.8000030517578,199.7317352294922,148504
2014-11-24,217.8000030517578,223.9499969482422,210.0,213.0500030517578,195.37579345703125,115234
2014-11-25,213.8000030517578,218.0,206.0,210.14999389648438,192.7163848876953,94281
2014-11-26,209.0,219.8000030517578,204.39999389648438,213.39999389648438,195.69676208496094,102956
2014-11-27,213.64999389648438,215.75,210.0,211.14999389648438,193.6334228515625,41391
2014-11-28,209.0,215.3000030517578,201.0,204.5,187.5350799560547,104516
2014-12-01,202.0,210.0,202.0,203.35000610351562,186.48048400878906,72893
2014-12-02,203.10000610351562,206.64999389648438,203.10000610351562,204.6999969482422,187.718505859375,40673
2014-12-03,205.0,229.8000030517578,205.0,226.39999389648438,207.61830139160156,342784
2014-12-04,228.14999389648438,239.85000610351562,220.1999969482422,230.3000030517578,211.19480895996094,324817
2014-12-05,229.0,240.6999969482422,226.10000610351562,233.1999969482422,213.8542022705078,248304
2014-12-08,233.75,236.35000610351562,222.89999389648438,226.9499969482422,208.12269592285156,74153
2014-12-09,225.8000030517578,231.6999969482422,217.0500030517578,219.14999389648438,200.96975708007812,81212
2014-12-10,218.1999969482422,225.0,215.14999389648438,222.14999389648438,203.72088623046875,76117
2014-12-11,222.0,225.9499969482422,217.25,218.9499969482422,200.78634643554688,55382
2014-12-12,218.0500030517578,225.0,214.0500030517578,215.3000030517578,197.4391326904297,65955
2014-12-15,214.0,218.89999389648438,205.3000030517578,208.0,190.74472045898438,76457
2014-12-16,206.0,209.6999969482422,193.5,196.3000030517578,180.01536560058594,111925
2014-12-17,194.0,199.75,180.6999969482422,188.3000030517578,172.67901611328125,148889
2014-12-18,191.14999389648438,198.85000610351562,188.0,192.9499969482422,176.94325256347656,153197
2014-12-19,196.0,209.0,195.9499969482422,203.75,186.84730529785156,151292
2014-12-22,203.1999969482422,207.39999389648438,202.9499969482422,206.1999969482422,189.0940399169922,49808
2014-12-23,207.64999389648438,207.8000030517578,200.0,202.39999389648438,185.6092987060547,52834
2014-12-24,200.5,205.0,200.25,201.5500030517578,184.829833984375,63261
2014-12-26,199.5,204.60000610351562,196.8000030517578,202.6999969482422,185.88441467285156,26361
2014-12-29,203.89999389648438,206.60000610351562,198.35000610351562,200.75,184.09619140625,38077
2014-12-30,200.0,203.25,199.0,199.8000030517578,183.22500610351562,38526
2014-12-31,198.1999969482422,203.35000610351562,198.1999969482422,201.60000610351562,184.8756866455078,46918
2015-01-01,200.0,213.60000610351562,200.0,210.3000030517578,192.8539581298828,104155
2015-01-02,208.14999389648438,215.0500030517578,207.0500030517578,211.39999389648438,193.86268615722656,50512
2015-01-05,209.3000030517578,217.35000610351562,208.14999389648438,211.9499969482422,194.36705017089844,119868
2015-01-06,210.39999389648438,210.39999389648438,199.5500030517578,201.8000030517578,185.05908203125,84433
2015-01-07,202.5,209.0,201.35000610351562,203.6999969482422,186.80148315429688,48937
2015-01-08,205.39999389648438,223.9499969482422,205.39999389648438,216.39999389648438,198.4478759765625,174451
2015-01-09,218.1999969482422,219.39999389648438,211.60000610351562,215.6999969482422,197.80596923828125,59808
2015-01-12,216.89999389648438,226.75,216.0500030517578,223.5500030517578,205.00473022460938,159800
2015-01-13,224.4499969482422,247.3000030517578,221.0,233.60000610351562,214.22103881835938,557013
2015-01-14,234.8000030517578,241.0,230.60000610351562,235.0,215.5048828125,178965
2015-01-15,237.3000030517578,237.89999389648438,225.0,231.35000610351562,212.15769958496094,94093
2015-01-16,230.0500030517578,243.60000610351562,230.0500030517578,239.35000610351562,219.49400329589844,204886
2015-01-19,241.25,251.8000030517578,238.3000030517578,246.0,225.59234619140625,308194
2015-01-20,248.39999389648438,257.0,235.0,237.89999389648438,218.16429138183594,515061
2015-01-21,239.6999969482422,244.14999389648438,232.1999969482422,236.1999969482422,216.60533142089844,122268
2015-01-22,235.5,241.5,231.39999389648438,232.5,213.21226501464844,73048
2015-01-23,235.0,235.8000030517578,226.6999969482422,229.14999389648438,210.14015197753906,64774
2015-01-27,230.0,230.0,222.5500030517578,225.3000030517578,206.60958862304688,52144
2015-01-28,225.0,233.0,221.0,227.25,208.39779663085938,106711
2015-01-29,226.0500030517578,230.0,225.1999969482422,226.9499969482422,208.12269592285156,30158
2015-01-30,227.39999389648438,231.0,221.10000610351562,222.0,203.58331298828125,34340
2015-02-02,222.0,232.1999969482422,219.0,226.8000030517578,207.98512268066406,49431
2015-02-03,227.0,230.0,221.0,221.89999389648438,203.4916229248047,34423
2015-02-04,222.85000610351562,226.10000610351562,221.0,223.89999389648438,205.32571411132812,26723
2015-02-05,224.39999389648438,233.39999389648438,222.25,225.85000610351562,207.1139373779297,54762
2015-02-06,227.6999969482422,234.6999969482422,218.0,219.5500030517578,201.33657836914062,44559
2015-02-09,210.0500030517578,221.0,210.0500030517578,213.0,195.3299560546875,36666
2015-02-10,212.89999389648438,220.0,209.0,212.39999389648438,194.7797088623047,28932
2015-02-11,213.10000610351562,230.8000030517578,213.10000610351562,226.0500030517578,207.29733276367188,118652
2015-02-12,224.35000610351562,227.89999389648438,218.0,220.0,201.74925231933594,36158
2015-02-13,221.5,225.25,220.25,221.9499969482422,203.5374755859375,22270
2015-02-16,222.6999969482422,226.0,220.10000610351562,221.10000610351562,202.7579803466797,15251
2015-02-18,216.5500030517578,223.9499969482422,216.5500030517578,221.39999389648438,203.03309631347656,38740
2015-02-19,222.39999389648438,229.60000610351562,218.0,219.1999969482422,201.01559448242188,42482
2015-02-20,217.5,228.0,217.5,219.89999389648438,201.6575469970703,40525
2015-02-23,220.10000610351562,224.89999389648438,219.25,221.3000030517578,202.94140625,25065
2015-02-24,222.25,228.39999389648438,221.60000610351562,222.8000030517578,204.31695556640625,50384
2015-02-25,223.60000610351562,225.0500030517578,217.0,218.3000030517578,200.1902618408203,38377
2015-02-26,219.25,221.0,216.0,216.60000610351562,198.6313018798828,12395
2015-02-27,216.0500030517578,226.9499969482422,216.0500030517578,225.9499969482422,207.20562744140625,70602
2015-03-02,228.5,229.89999389648438,222.3000030517578,224.5500030517578,205.9217987060547,36532
2015-03-03,220.0500030517578,232.0500030517578,220.0500030517578,226.1999969482422,207.4348907470703,46437
2015-03-04,227.4499969482422,227.4499969482422,221.0500030517578,221.4499969482422,203.0789337158203,32001
2015-03-05,220.85000610351562,223.4499969482422,212.5500030517578,217.60000610351562,199.54833984375,57801
2015-03-09,217.0,226.0,214.0,222.35000610351562,203.90431213378906,32801
2015-03-10,221.4499969482422,224.5500030517578,217.0,218.35000610351562,200.23614501953125,26988
2015-03-11,219.6999969482422,221.4499969482422,214.0,216.3000030517578,198.356201171875,15713
2015-03-12,214.0500030517578,220.0,214.0500030517578,216.6999969482422,198.7230224609375,40067
2015-03-13,217.35000610351562,220.10000610351562,211.0,214.1999969482422,196.43040466308594,33981
2015-03-16,215.0,221.9499969482422,212.0500030517578,213.9499969482422,196.20114135742188,28356
2015-03-17,216.25,220.0,209.3000030517578,212.39999389648438,194.7797088623047,69312
2015-03-18,213.64999389648438,217.75,210.1999969482422,212.5500030517578,194.9172821044922,69772
2015-03-19,214.0,216.5500030517578,209.9499969482422,210.64999389648438,193.1748809814453,31554
2015-03-20,211.3000030517578,211.5,200.60000610351562,203.39999389648438,186.52633666992188,40218
2015-03-23,205.25,205.39999389648438,195.75,197.64999389648438,181.25332641601562,37469
2015-03-24,197.6999969482422,204.0,196.14999389648438,198.14999389648438,181.7118682861328,24961
2015-03-25,199.0,199.85000610351562,187.5,190.1999969482422,174.42138671875,65521
2015-03-26,189.9499969482422,194.8000030517578,179.0500030517578,182.3000030517578,167.17677307128906,56666
2015-03-27,183.0,187.8000030517578,180.0,184.3000030517578,169.0108642578125,38269
2015-03-30,183.0,202.0,182.0,198.5500030517578,182.07870483398438,90346
2015-03-31,199.75,208.3000030517578,196.14999389648438,202.4499969482422,185.65516662597656,93281
2015-04-01,202.0,216.39999389648438,199.3000030517578,213.9499969482422,196.20114135742188,93660
2015-04-06,215.0,216.10000610351562,211.5500030517578,212.25,194.64218139648438,25248
2015-04-07,214.0,219.25,214.0,215.6999969482422,197.80596923828125,39126
2015-04-08,216.6999969482422,217.85000610351562,212.10000610351562,212.75,195.10069274902344,21683
2015-04-09,211.5500030517578,214.85000610351562,210.0,210.5500030517578,193.0832061767578,30720
2015-04-10,208.0,213.25,208.0,210.75,193.26663208007812,23089
2015-04-13,208.10000610351562,212.0,207.5500030517578,209.14999389648438,191.79931640625,47428
2015-04-15,210.5,230.0,210.5,221.4499969482422,203.0789337158203,198201
2015-04-16,223.0,224.60000610351562,215.0,217.89999389648438,199.82345581054688,33262
2015-04-17,218.0,224.1999969482422,215.0500030517578,217.39999389648438,199.36492919921875,56181
2015-04-20,216.0,220.5,208.10000610351562,214.64999389648438,196.84307861328125,44885
2015-04-21,211.0,221.0500030517578,210.0500030517578,217.3000030517578,199.2732391357422,49599
2015-04-22,216.0,217.85000610351562,206.0,210.10000610351562,192.6705322265625,52526
2015-04-23,211.0,213.89999389648438,205.5,206.6999969482422,189.5526123046875,54915
2015-04-24,207.75,209.0500030517578,202.3000030517578,204.60000610351562,187.62681579589844,34149
2015-04-27,205.75,207.4499969482422,195.0,196.85000610351562,180.51971435546875,36032
2015-04-28,197.0,205.4499969482422,196.3000030517578,203.25,186.38876342773438,33421
2015-04-29,203.0,207.25,201.0,204.0,187.0765838623047,24231
2015-04-30,202.0,205.0,199.0,203.0,186.15953063964844,20196
2015-05-04,203.60000610351562,212.0,203.10000610351562,208.9499969482422,191.61593627929688,73816
2015-05-05,211.0,213.4499969482422,208.6999969482422,210.6999969482422,193.2207489013672,30826
2015-05-06,209.0,209.5,199.0,204.75,187.7643280029297,48797
2015-05-07,204.0,204.0,192.10000610351562,195.60000610351562,179.3734130859375,38732
2015-05-08,198.5,203.0,195.0,199.6999969482422,183.13328552246094,54111
2015-05-11,200.75,204.9499969482422,195.5,202.10000610351562,185.33419799804688,19607
2015-05-12,209.9499969482422,209.9499969482422,199.0,200.0500030517578,183.45423889160156,13008
2015-05-13,202.25,204.0,200.0,201.0,184.32545471191406,11089
2015-05-14,202.1999969482422,204.5,196.0,203.6999969482422,186.80148315429688,16300
2015-05-15,203.8000030517578,204.60000610351562,201.5,203.0,186.15953063964844,4545
2015-05-18,203.60000610351562,208.89999389648438,201.14999389648438,204.5500030517578,187.58096313476562,35760
2015-05-19,204.0,214.9499969482422,203.6999969482422,210.10000610351562,192.6705322265625,56551
2015-05-20,212.0,214.0500030517578,207.0,210.4499969482422,192.99148559570312,31447
2015-05-21,209.1999969482422,212.39999389648438,205.6999969482422,206.4499969482422,189.3233184814453,20091
2015-05-22,203.5,205.0,196.39999389648438,198.14999389648438,181.7118682861328,110332
2015-05-25,198.14999389648438,201.0,192.0,193.1999969482422,177.17251586914062,33272
2015-05-26,194.4499969482422,196.8000030517578,191.25,194.1999969482422,178.08956909179688,19679
2015-05-27,193.10000610351562,195.1999969482422,190.0,191.25,175.38429260253906,23103
2015-05-28,191.5500030517578,197.1999969482422,186.0,189.5500030517578,173.82533264160156,53999
2015-05-29,190.0,196.85000610351562,190.0,192.25,176.3013458251953,21301
2015-06-01,192.5500030517578,192.60000610351562,188.0,188.39999389648438,172.77069091796875,19790
2015-06-02,188.89999389648438,189.10000610351562,184.0,185.0500030517578,169.69863891601562,16236
2015-06-03,184.39999389648438,188.8000030517578,175.5500030517578,180.0500030517578,165.1134033203125,36560
2015-06-04,179.1999969482422,189.0,170.6999969482422,179.89999389648438,164.97586059570312,16810
2015-06-05,179.0500030517578,182.0,175.0,178.1999969482422,163.41690063476562,17316
2015-06-08,179.6999969482422,183.89999389648438,172.1999969482422,176.75,162.087158203125,12411
2015-06-09,176.0500030517578,179.39999389648438,172.8000030517578,178.0,163.2334747314453,13490
2015-06-10,178.0,209.25,178.0,198.5500030517578,182.07870483398438,226021
2015-06-11,200.0,202.8000030517578,185.3000030517578,187.5,171.94540405273438,99288
2015-06-12,186.0,199.8000030517578,185.0500030517578,197.5,181.1157989501953,91631
2015-06-15,197.25,201.0,187.0,191.10000610351562,175.2467498779297,35240
2015-06-16,193.14999389648438,195.0,185.5,188.6999969482422,173.0458221435547,31037
2015-06-17,189.60000610351562,193.9499969482422,187.0,190.60000610351562,174.78822326660156,35413
2015-06-18,190.0,193.5500030517578,190.0,191.35000610351562,175.47598266601562,19691
2015-06-19,191.25,192.8000030517578,186.0500030517578,188.1999969482422,172.58729553222656,29871
2015-06-22,188.85000610351562,192.60000610351562,186.39999389648438,188.64999389648438,172.99996948242188,24654
2015-06-23,188.85000610351562,192.35000610351562,185.0,188.10000610351562,172.49560546875,36585
2015-06-24,188.9499969482422,190.60000610351562,186.6999969482422,187.85000610351562,172.26634216308594,17214
2015-06-25,186.85000610351562,188.9499969482422,186.0,186.4499969482422,170.98248291015625,12314
2015-06-26,186.60000610351562,188.0,181.1999969482422,182.5500030517578,167.40603637695312,31796
2015-06-29,179.75,179.89999389648438,175.0,178.75,163.92124938964844,19102
2015-06-30,177.5,181.89999389648438,177.5,179.4499969482422,164.56321716308594,19051
2015-07-01,179.75,198.0,179.75,190.3000030517578,174.5131072998047,165573
2015-07-02,186.3000030517578,200.0,186.3000030517578,194.60000610351562,178.4563751220703,225366
2015-07-03,196.0,201.3000030517578,194.64999389648438,196.0500030517578,179.78611755371094,135449
2015-07-06,192.0,195.8000030517578,187.0,192.39999389648438,176.43887329101562,35849
2015-07-07,192.75,200.4499969482422,192.0,195.60000610351562,179.3734130859375,78226
2015-07-08,192.85000610351562,196.8000030517578,190.0,191.0500030517578,175.20086669921875,28566
2015-07-09,192.8000030517578,194.9499969482422,188.0,189.1999969482422,173.50433349609375,17060
2015-07-10,190.75,193.9499969482422,188.10000610351562,189.5,173.77944946289062,18426
2015-07-13,190.6999969482422,193.0,188.10000610351562,189.14999389648438,173.45851135253906,16143
2015-07-14,189.9499969482422,197.39999389648438,189.0,190.3000030517578,174.5131072998047,68570
2015-07-15,192.25,202.89999389648438,192.25,194.0,177.90615844726562,78822
2015-07-16,194.75,197.5,193.14999389648438,193.85000610351562,177.76861572265625,24709
2015-07-17,194.75,196.35000610351562,191.0,193.0,176.98910522460938,13413
2015-07-20,193.64999389648438,193.89999389648438,190.0500030517578,191.89999389648438,175.9803466796875,21579
2015-07-21,192.75,199.89999389648438,189.0,194.5,178.36468505859375,65245
2015-07-22,194.10000610351562,196.0,192.0,193.0500030517578,177.03494262695312,11534
2015-07-23,193.75,194.9499969482422,191.0,191.64999389648438,175.75111389160156,15859
2015-07-24,192.10000610351562,195.39999389648438,191.0,191.5500030517578,175.65940856933594,22842
2015-07-27,190.75,193.0,185.4499969482422,186.64999389648438,171.16586303710938,21370
2015-07-28,187.75,189.0,183.39999389648438,184.25,168.9650115966797,16222
2015-07-29,185.25,188.89999389648438,184.0,186.75,171.25759887695312,10131
2015-07-30,186.75,190.0,186.1999969482422,187.0500030517578,171.53271484375,10138
2015-07-31,187.35000610351562,189.6999969482422,183.60000610351562,184.75,169.42352294921875,23585
2015-08-03,185.60000610351562,190.89999389648438,183.3000030517578,185.4499969482422,170.06544494628906,35234
2015-08-04,186.75,187.9499969482422,183.0,184.0,168.7357177734375,36091
2015-08-05,184.3000030517578,185.8000030517578,176.75,178.0,163.2334747314453,185556
2015-08-06,178.9499969482422,181.5,172.0,173.10000610351562,158.739990234375,114134
2015-08-07,173.10000610351562,185.39999389648438,166.64999389648438,177.1999969482422,162.4998321533203,159633
2015-08-10,160.8000030517578,168.0,158.3000030517578,161.8000030517578,148.37742614746094,148561
2015-08-11,164.8000030517578,164.9499969482422,155.89999389648438,157.14999389648438,144.11314392089844,69398
2015-08-12,156.9499969482422,159.9499969482422,148.5500030517578,149.3000030517578,136.91436767578125,72720
2015-08-13,150.10000610351562,154.6999969482422,139.10000610351562,140.64999389648438,128.98196411132812,71625
2015-08-14,141.75,154.1999969482422,139.0,151.10000610351562,138.5650634765625,115665
2015-08-17,151.1999969482422,155.0500030517578,145.10000610351562,147.4499969482422,135.21783447265625,46353
2015-08-18,147.9499969482422,156.39999389648438,145.0,149.75,137.3270263671875,65088
2015-08-19,149.3000030517578,152.64999389648438,146.3000030517578,148.0500030517578,135.76808166503906,32819
2015-08-20,146.8000030517578,153.0,145.8000030517578,146.8000030517578,134.62176513671875,44345
2015-08-21,145.10000610351562,145.10000610351562,139.5,141.35000610351562,129.62388610839844,34949
2015-08-24,135.9499969482422,137.9499969482422,125.0,137.0500030517578,125.68061828613281,64319
2015-08-25,139.75,143.9499969482422,124.0,131.60000610351562,120.68273162841797,66237
2015-08-26,131.0,139.5,130.14999389648438,133.10000610351562,122.05830383300781,25229
2015-08-27,134.39999389648438,142.0,133.10000610351562,134.9499969482422,123.75482177734375,43617
2015-08-28,136.39999389648438,146.6999969482422,135.60000610351562,141.10000610351562,129.39463806152344,47807
2015-08-31,140.39999389648438,142.64999389648438,136.0,137.0500030517578,125.68061828613281,18129
2015-09-01,132.8000030517578,136.10000610351562,130.5,131.60000610351562,120.68273162841797,33543
2015-09-02,132.75,134.0,130.0,130.1999969482422,119.39886474609375,13226
2015-09-03,132.0500030517578,135.0,131.25,133.5500030517578,122.4709701538086,21682
2015-09-04,132.75,132.75,128.0,129.4499969482422,118.7110824584961,13789
2015-09-07,127.0,131.5500030517578,124.0,124.44999694824219,114.1258773803711,32145
2015-09-08,125.6500015258789,132.8000030517578,124.0,126.94999694824219,116.4184799194336,23740
2015-09-09,128.4499969482422,132.89999389648438,127.0,127.8499984741211,117.24382781982422,22110
2015-09-10,125.0999984741211,130.0,122.0,128.5500030517578,117.8857650756836,20317
2015-09-11,127.6500015258789,131.60000610351562,127.1500015258789,129.39999389648438,118.66522979736328,13838
2015-09-14,128.5500030517578,129.39999389648438,127.0,128.64999389648438,117.97744750976562,6472
2015-09-15,128.5,132.0,127.5999984741211,127.8499984741211,117.24382781982422,12210
2015-09-16,128.25,131.0,127.5,128.14999389648438,119.38654327392578,12039
2015-09-18,130.85000610351562,130.9499969482422,125.5999984741211,126.9000015258789,118.2220230102539,16053
2015-09-21,131.39999389648438,131.39999389648438,126.1500015258789,127.5999984741211,118.87415313720703,7556
2015-09-22,127.1500015258789,130.64999389648438,125.0,126.30000305175781,117.66305541992188,22074
2015-09-23,126.9000015258789,128.39999389648438,125.0,126.25,117.6164779663086,5878
2015-09-24,127.0,128.85000610351562,125.80000305175781,126.8499984741211,118.17545318603516,5646
2015-09-28,128.39999389648438,128.39999389648438,122.5,122.69999694824219,114.30923461914062,21911
2015-09-29,122.05000305175781,125.5999984741211,120.25,123.5999984741211,115.1476821899414,15399
2015-09-30,123.5999984741211,145.85000610351562,123.5,140.1999969482422,130.61248779296875,221254
2015-10-01,141.9499969482422,150.0,140.1999969482422,147.8000030517578,137.69277954101562,173237
2015-10-05,150.35000610351562,157.75,142.5500030517578,152.75,142.30429077148438,98441
2015-10-06,151.1999969482422,157.0,148.0,150.14999389648438,139.882080078125,47083
2015-10-07,147.10000610351562,154.0,147.10000610351562,150.89999389648438,140.58079528808594,31286
2015-10-08,150.0500030517578,152.6999969482422,148.0,149.85000610351562,139.6025848388672,19763
2015-10-09,148.0500030517578,153.85000610351562,147.35000610351562,148.64999389648438,138.4846649169922,20358
2015-10-12,149.0500030517578,151.25,147.0,148.0,137.87911987304688,17428
2015-10-13,149.5500030517578,150.0,144.0,145.75,135.78297424316406,16904
2015-10-14,146.0,149.0,144.0,145.85000610351562,135.87615966796875,13499
2015-10-15,145.25,149.89999389648438,145.25,146.1999969482422,136.2021942138672,22040
2015-10-16,147.85000610351562,148.4499969482422,145.10000610351562,145.5,135.55007934570312,11358
2015-10-19,145.5500030517578,151.0,144.0,149.85000610351562,139.6025848388672,18560
2015-10-20,153.8000030517578,157.89999389648438,148.8000030517578,155.0,144.4004364013672,86933
2015-10-21,159.0,159.0,152.10000610351562,154.25,143.70169067382812,37473
2015-10-23,155.0500030517578,157.0500030517578,152.0500030517578,153.3000030517578,142.8166961669922,16936
2015-10-26,152.1999969482422,155.5,145.64999389648438,147.39999389648438,137.32015991210938,41521
2015-10-27,150.0,152.0,144.6999969482422,147.4499969482422,137.36671447753906,27200
2015-10-28,146.25,149.89999389648438,134.1999969482422,143.1999969482422,133.4073486328125,55068
2015-10-29,148.5,148.5,138.5,142.1999969482422,132.47572326660156,16262
2015-10-30,147.4499969482422,150.6999969482422,143.0,149.25,139.0436553955078,92780
2015-11-02,147.25,149.89999389648438,143.0500030517578,144.60000610351562,134.71163940429688,15052
2015-11-03,145.25,148.0,142.0,145.39999389648438,135.4569091796875,28661
2015-11-04,147.85000610351562,153.5,146.14999389648438,149.3000030517578,139.0902099609375,70119
2015-11-05,148.25,150.0,147.1999969482422,149.0500030517578,138.85733032226562,29014
2015-11-06,148.0,149.60000610351562,141.8000030517578,143.64999389648438,133.8265838623047,15519
2015-11-09,132.60000610351562,146.39999389648438,132.60000610351562,142.4499969482422,132.70864868164062,16892
2015-11-10,143.1999969482422,143.39999389648438,138.3000030517578,140.60000610351562,130.98516845703125,21936
2015-11-13,144.75,144.75,138.39999389648438,139.0,129.49456787109375,11681
2015-11-16,139.10000610351562,144.5,139.0,142.85000610351562,133.08128356933594,15172
2015-11-17,144.4499969482422,147.60000610351562,139.14999389648438,142.8000030517578,133.03469848632812,37011
2015-11-18,142.35000610351562,144.9499969482422,138.75,140.1999969482422,130.61248779296875,35450
2015-11-19,142.0,143.0500030517578,140.5,141.9499969482422,132.24281311035156,4645
2015-11-20,140.0,144.0,138.4499969482422,140.39999389648438,130.79881286621094,15540
2015-11-23,138.6999969482422,152.0,138.6999969482422,151.0,140.6739501953125,102038
2015-11-24,151.0500030517578,160.0,150.3000030517578,154.0,143.46881103515625,126344
2015-11-26,152.5,159.5,152.0,157.1999969482422,146.44996643066406,51575
2015-11-27,156.10000610351562,159.0,154.0,155.3000030517578,144.679931640625,11341
2015-11-30,154.3000030517578,159.0,151.60000610351562,152.9499969482422,142.4906005859375,19732
2015-12-01,154.60000610351562,158.0,152.10000610351562,156.9499969482422,146.2170867919922,39424
2015-12-02,157.5,159.0,153.60000610351562,158.3000030517578,147.47474670410156,24223
2015-12-03,157.9499969482422,164.0500030517578,154.3000030517578,161.14999389648438,150.1298370361328,61763
2015-12-04,159.0,163.89999389648438,156.0,158.3000030517578,147.47474670410156,20351
2015-12-07,157.10000610351562,162.0,157.10000610351562,158.6999969482422,147.84739685058594,14376
2015-12-08,157.25,163.39999389648438,152.1999969482422,154.5,143.93460083007812,20399
2015-12-09,159.39999389648438,159.39999389648438,148.1999969482422,152.25,141.83848571777344,14910
2015-12-10,153.6999969482422,156.6999969482422,150.10000610351562,151.10000610351562,140.7671356201172,8620
2015-12-11,152.9499969482422,155.9499969482422,147.0,148.4499969482422,138.29832458496094,11119
2015-12-14,147.9499969482422,152.0,145.9499969482422,149.39999389648438,139.18336486816406,3758
2015-12-15,151.0,157.1999969482422,148.8000030517578,154.5500030517578,143.981201171875,20800
2015-12-16,154.0,159.10000610351562,153.60000610351562,157.9499969482422,147.148681640625,32200
2015-12-17,158.0,161.3000030517578,156.1999969482422,159.5500030517578,148.63926696777344,24553
2015-12-18,159.0,161.5,158.14999389648438,160.25,149.29141235351562,24168
2015-12-21,159.0,163.0,157.0500030517578,162.5500030517578,151.43411254882812,13527
2015-12-22,165.0,173.0,160.0,161.14999389648438,150.1298370361328,38447
2015-12-23,162.14999389648438,165.0,162.0,163.4499969482422,152.2725830078125,10455
2015-12-24,163.0,169.0,158.6999969482422,163.6999969482422,152.50547790527344,15679
2015-12-28,169.0,169.0,162.1999969482422,163.6999969482422,152.50547790527344,14219
2015-12-29,163.14999389648438,166.39999389648438,161.0,161.35000610351562,150.31619262695312,8014
2015-12-30,161.6999969482422,164.0500030517578,158.5500030517578,159.4499969482422,148.54612731933594,7146
2015-12-31,161.9499969482422,166.6999969482422,158.89999389648438,162.75,151.62045288085938,13500
2016-01-01,163.0,164.89999389648438,161.0,162.14999389648438,151.0614471435547,10414
2016-01-04,163.5,164.3000030517578,158.0,159.0,148.12686157226562,27498
2016-01-05,159.35000610351562,164.9499969482422,159.14999389648438,164.10000610351562,152.8781280517578,22960
2016-01-06,163.0500030517578,174.89999389648438,162.5,165.85000610351562,154.50848388671875,69114
2016-01-07,160.64999389648438,166.39999389648438,160.0,164.10000610351562,152.8781280517578,27364
2016-01-08,165.9499969482422,166.0,160.1999969482422,162.75,151.62045288085938,17186
2016-01-11,162.0500030517578,163.89999389648438,160.0,161.64999389648438,150.5956573486328,10798
2016-01-12,162.0500030517578,163.5,154.0,155.6999969482422,145.05255126953125,7270
2016-01-13,158.6999969482422,160.0,136.25,151.35000610351562,141.00001525878906,14913
2016-01-14,149.0,154.0,140.25,152.4499969482422,142.0248260498047,23248
2016-01-15,151.0,155.5,141.5500030517578,145.60000610351562,135.64321899414062,11952
2016-01-18,143.0500030517578,146.89999389648438,135.89999389648438,144.9499969482422,135.0376739501953,22040
2016-01-19,150.0,150.0,145.0,148.89999389648438,138.71754455566406,12861
2016-01-20,147.14999389648438,148.0,141.5,146.5,136.481689453125,18380
2016-01-21,146.10000610351562,150.0,137.0,147.64999389648438,137.5530242919922,55016
2016-01-22,146.0500030517578,149.3000030517578,142.5,145.39999389648438,135.4569091796875,15259
2016-01-25,148.1999969482422,148.5500030517578,145.5,146.39999389648438,136.3885040283203,10039
2016-01-27,146.5,146.5,139.25,143.10000610351562,133.314208984375,47812
2016-01-28,142.75,144.89999389648438,140.0,140.5500030517578,130.93858337402344,7752
2016-01-29,141.1999969482422,142.89999389648438,137.8000030517578,138.89999389648438,129.4014129638672,12472
2016-02-01,139.1999969482422,141.85000610351562,137.6999969482422,138.0,128.56295776367188,8892
2016-02-02,142.0,142.0,137.5,138.25,128.79586791992188,6376
2016-02-03,137.9499969482422,137.9499969482422,132.5,134.10000610351562,124.92967224121094,6329
2016-02-04,133.5500030517578,136.4499969482422,132.5,133.9499969482422,124.78990173339844,3255
2016-02-05,133.0,133.0,112.0999984741211,128.5,119.71260070800781,20060
2016-02-08,127.0999984741211,135.85000610351562,126.80000305175781,131.64999389648438,122.64718627929688,6163
2016-02-09,130.0,131.9499969482422,128.10000610351562,128.64999389648438,119.85234069824219,6314
2016-02-10,127.05000305175781,129.8000030517578,123.0999984741211,123.80000305175781,115.33401489257812,8413
2016-02-11,127.0,127.0,115.0999984741211,116.5999984741211,108.62638092041016,7765
2016-02-12,115.19999694824219,117.8499984741211,105.0,115.3499984741211,107.46185302734375,20019
2016-02-15,109.9000015258789,112.0,105.0,109.69999694824219,102.19823455810547,44165
2016-02-16,117.80000305175781,117.80000305175781,101.5999984741211,102.55000305175781,95.53718566894531,23190
2016-02-17,101.0999984741211,105.0,96.30000305175781,100.0999984741211,93.25473022460938,18285
2016-02-18,102.5,106.4000015258789,101.0,102.94999694824219,95.90982055664062,14276
2016-02-19,104.19999694824219,104.9000015258789,99.5,100.25,93.39446258544922,12480
2016-02-22,102.94999694824219,106.0,102.0,105.19999694824219,98.00595092773438,11895
2016-02-23,107.0,107.0,100.19999694824219,102.19999694824219,95.21112060546875,4205
2016-02-24,101.0,102.0,97.05000305175781,98.0999984741211,91.39148712158203,6326
2016-02-25,98.0,100.0,95.1500015258789,96.55000305175781,89.94750213623047,8421
2016-02-26,96.05000305175781,101.0,95.5,96.44999694824219,89.85431671142578,2605
2016-02-29,96.5,112.5,96.19999694824219,108.44999694824219,101.03372192382812,207215
2016-03-01,111.0,130.10000610351562,109.69999694824219,126.44999694824219,117.80280303955078,671035
2016-03-02,134.60000610351562,151.6999969482422,133.0,151.39999389648438,141.0465850830078,839331
2016-03-03,156.39999389648438,158.8000030517578,142.75,147.1999969482422,137.13380432128906,635013
2016-03-04,146.9499969482422,157.5,140.1999969482422,153.6999969482422,143.18931579589844,525446
2016-03-08,153.4499969482422,156.0,147.75,149.5500030517578,139.32313537597656,162606
2016-03-09,145.6999969482422,152.0,143.10000610351562,146.60000610351562,136.57484436035156,108399
2016-03-10,148.0,151.89999389648438,145.1999969482422,145.89999389648438,135.92271423339844,80760
2016-03-11,145.5500030517578,154.5,145.5500030517578,148.0500030517578,137.9257049560547,228127
2016-03-14,150.85000610351562,152.3000030517578,145.39999389648438,145.9499969482422,135.9692840576172,67879
2016-03-15,147.3000030517578,147.35000610351562,140.39999389648438,140.9499969482422,131.3112030029297,52393
2016-03-16,142.25,144.39999389648438,138.14999389648438,139.5,129.96038818359375,34965
2016-03-17,141.4499969482422,146.1999969482422,139.0,140.9499969482422,131.3112030029297,70411
2016-03-18,141.64999389648438,141.89999389648438,134.64999389648438,135.5500030517578,126.28050231933594,51270
2016-03-21,136.89999389648438,138.5,132.1999969482422,133.25,124.13778686523438,41425
2016-03-22,133.60000610351562,139.0,130.0,138.0,128.56295776367188,75604
2016-03-23,136.35000610351562,139.6999969482422,135.60000610351562,136.89999389648438,127.53816986083984,27826
2016-03-28,140.0,142.9499969482422,135.10000610351562,137.6999969482422,128.28346252441406,55774
2016-03-29,133.5,143.89999389648438,133.5,142.4499969482422,132.70864868164062,102345
2016-03-30,143.0,147.25,141.5,146.4499969482422,136.4351043701172,48258
2016-03-31,146.35000610351562,148.3000030517578,143.1999969482422,147.3000030517578,137.22698974609375,21187
2016-04-01,149.0,151.6999969482422,146.0500030517578,148.39999389648438,138.25177001953125,28693
2016-04-04,146.64999389648438,152.0,146.64999389648438,148.89999389648438,138.71754455566406,22478
2016-04-05,151.0,152.0,145.35000610351562,147.75,137.64620971679688,59819
2016-04-06,150.0,170.1999969482422,149.1999969482422,164.10000610351562,152.8781280517578,473024
2016-04-07,167.39999389648438,171.9499969482422,165.3000030517578,166.64999389648438,155.2537384033203,301171
2016-04-08,168.4499969482422,170.89999389648438,167.0,169.5500030517578,157.95545959472656,166750
2016-04-11,171.0,173.1999969482422,164.39999389648438,170.39999389648438,158.74729919433594,79954
2016-04-12,172.25,184.0,169.60000610351562,176.0500030517578,164.01095581054688,270482
2016-04-13,177.3000030517578,183.3000030517578,175.0,176.39999389648438,164.3369903564453,157177
2016-04-18,175.0,177.64999389648438,171.3000030517578,173.10000610351562,161.26268005371094,33140
2016-04-20,173.4499969482422,176.9499969482422,171.25,172.5,160.70370483398438,80796
2016-04-21,171.5500030517578,173.75,161.85000610351562,163.5500030517578,152.36573791503906,46922
2016-04-22,162.4499969482422,168.85000610351562,160.35000610351562,163.9499969482422,152.73838806152344,47888
2016-04-25,163.89999389648438,166.3000030517578,159.3000030517578,161.89999389648438,150.82855224609375,19927
2016-04-26,161.0,174.89999389648438,160.0,172.60000610351562,160.7968292236328,172868
2016-04-27,176.0,178.0,171.25,174.1999969482422,162.28744506835938,162495
2016-04-28,174.25,175.0,170.0,170.35000610351562,158.70071411132812,33566
2016-04-29,170.0,171.60000610351562,165.6999969482422,166.4499969482422,155.0674285888672,24650
2016-05-02,163.60000610351562,167.9499969482422,163.0500030517578,164.75,153.48367309570312,30519
2016-05-03,172.0,175.8000030517578,165.10000610351562,172.60000610351562,160.7968292236328,95244
2016-05-04,169.14999389648438,172.0,165.5500030517578,166.9499969482422,155.53321838378906,32529
2016-05-05,168.60000610351562,169.5500030517578,162.0,162.9499969482422,151.8067626953125,42586
2016-05-06,162.4499969482422,165.64999389648438,160.14999389648438,161.5,150.4559326171875,31052
2016-05-09,161.75,164.6999969482422,160.39999389648438,161.10000610351562,150.08328247070312,44633
2016-05-10,164.5,179.3000030517578,164.0,169.6999969482422,158.09518432617188,351793
2016-05-11,167.6999969482422,169.1999969482422,164.64999389648438,167.89999389648438,156.41827392578125,49038
2016-05-12,167.85000610351562,172.0,166.5,168.4499969482422,156.9306640625,46317
2016-05-13,167.0500030517578,169.6999969482422,164.10000610351562,165.0500030517578,153.76318359375,37766
2016-05-16,166.5,169.9499969482422,164.1999969482422,166.5500030517578,155.1605682373047,13715
2016-05-17,168.5,169.85000610351562,162.35000610351562,163.64999389648438,152.45889282226562,21258
2016-05-18,164.14999389648438,165.85000610351562,161.89999389648438,162.6999969482422,151.5738525390625,20469
2016-05-19,163.10000610351562,163.9499969482422,160.1999969482422,160.5500030517578,149.57089233398438,14507
2016-05-20,162.9499969482422,162.9499969482422,155.8000030517578,157.3000030517578,146.54315185546875,20880
2016-05-23,159.39999389648438,165.0,155.0500030517578,156.8000030517578,146.0773162841797,21318
2016-05-24,158.4499969482422,158.5,154.1999969482422,156.60000610351562,145.89100646972656,12867
2016-05-25,160.0,162.60000610351562,155.14999389648438,157.75,146.96234130859375,17069
2016-05-26,158.85000610351562,159.89999389648438,157.0,158.3000030517578,147.47474670410156,19241
2016-05-27,158.5,160.89999389648438,156.0500030517578,157.35000610351562,146.58973693847656,18577
2016-05-30,158.39999389648438,166.0,157.0,161.5500030517578,150.50250244140625,66036
2016-05-31,158.3000030517578,161.25,157.0,157.60000610351562,146.8226318359375,19573
2016-06-01,157.89999389648438,166.0,157.89999389648438,160.0500030517578,149.10508728027344,23698
2016-06-02,159.0500030517578,159.0500030517578,152.0,157.89999389648438,147.1020965576172,20918
2016-06-03,157.14999389648438,161.0,154.60000610351562,156.0,145.33200073242188,15913
2016-06-06,157.60000610351562,158.39999389648438,152.8000030517578,154.14999389648438,143.60853576660156,10917
2016-06-07,157.0,157.10000610351562,153.0,153.35000610351562,142.86326599121094,10490
2016-06-08,155.35000610351562,163.6999969482422,153.1999969482422,157.85000610351562,147.0555419921875,55599
2016-06-09,157.25,160.60000610351562,154.6999969482422,157.0,146.26364135742188,15609
2016-06-10,157.0500030517578,158.89999389648438,154.0,154.64999389648438,144.0743408203125,13823
2016-06-13,155.25,158.0,155.0500030517578,156.1999969482422,145.51834106445312,16699
2016-06-14,155.39999389648438,165.4499969482422,155.14999389648438,159.1999969482422,148.3131866455078,58365
2016-06-15,158.89999389648438,163.60000610351562,158.0,158.60000610351562,147.75425720214844,26493
2016-06-16,159.85000610351562,160.35000610351562,158.0,158.39999389648438,147.5679168701172,14298
2016-06-17,159.5,159.5,153.3000030517578,155.3000030517578,144.679931640625,12423
2016-06-20,152.0,159.10000610351562,152.0,156.25,145.56494140625,14870
2016-06-21,156.3000030517578,158.85000610351562,155.14999389648438,156.5500030517578,145.8444366455078,10238
2016-06-22,157.35000610351562,159.0,154.0,154.4499969482422,143.88804626464844,13802
2016-06-23,155.0,155.8000030517578,152.8000030517578,153.64999389648438,143.1427459716797,8815
2016-06-24,149.0,154.0,143.4499969482422,149.85000610351562,139.6025848388672,29932
2016-06-27,150.4499969482422,154.85000610351562,149.5500030517578,151.85000610351562,141.4658203125,11124
2016-06-28,152.0,154.3000030517578,149.5,150.5500030517578,140.25473022460938,19983
2016-06-29,151.4499969482422,156.89999389648438,150.5,153.25,142.77008056640625,33488
2016-06-30,152.3000030517578,163.89999389648438,152.25,160.64999389648438,149.66403198242188,110090
2016-07-01,161.85000610351562,164.0,158.0500030517578,159.35000610351562,148.45297241210938,50294
2016-07-04,158.5,174.5,158.5,167.5500030517578,156.09219360351562,316181
2016-07-05,167.0,167.0,161.0,162.25,151.1546630859375,32668
2016-07-07,161.75,163.8000030517578,159.5500030517578,160.39999389648438,149.43112182617188,16895
2016-07-08,160.0,165.0,158.3000030517578,162.1999969482422,151.1080322265625,24265
2016-07-11,162.60000610351562,164.0,159.5,160.14999389648438,149.19825744628906,19845
2016-07-12,160.10000610351562,162.0,157.10000610351562,157.6999969482422,146.91578674316406,31216
2016-07-13,158.25,159.89999389648438,155.4499969482422,155.89999389648438,145.23886108398438,21756
2016-07-14,155.5,160.0,155.10000610351562,157.35000610351562,146.58973693847656,24393
2016-07-15,157.60000610351562,159.75,153.9499969482422,154.64999389648438,144.0743408203125,20051
2016-07-18,154.64999389648438,159.64999389648438,153.3000030517578,153.9499969482422,143.42221069335938,53097
2016-07-19,153.60000610351562,156.89999389648438,152.0,152.6999969482422,142.2576904296875,14591
2016-07-20,152.6999969482422,156.0,150.1999969482422,154.6999969482422,144.12094116210938,17193
2016-07-21,153.0500030517578,156.8000030517578,152.14999389648438,152.85000610351562,142.3974609375,15028
2016-07-22,153.0,155.9499969482422,152.5,154.10000610351562,143.5619659423828,14521
2016-07-25,153.9499969482422,159.0,152.5500030517578,156.14999389648438,145.47177124023438,47167
2016-07-26,158.10000610351562,159.4499969482422,151.1999969482422,152.60000610351562,142.16452026367188,93872
2016-07-27,152.0,154.89999389648438,147.6999969482422,149.10000610351562,138.90390014648438,82631
2016-07-28,151.9499969482422,151.9499969482422,145.39999389648438,146.64999389648438,136.62144470214844,23507
2016-07-29,146.9499969482422,147.89999389648438,140.1999969482422,140.60000610351562,130.98516845703125,56508
2016-08-01,141.85000610351562,142.89999389648438,135.8000030517578,137.0500030517578,127.67793273925781,41136
2016-08-02,137.0500030517578,138.10000610351562,136.0500030517578,136.89999389648438,127.53816986083984,16346
2016-08-03,136.89999389648438,136.89999389648438,132.14999389648438,133.9499969482422,124.78990173339844,18020
2016-08-04,137.9499969482422,139.3000030517578,133.6999969482422,137.60000610351562,128.19032287597656,23271
2016-08-05,137.0500030517578,139.64999389648438,134.5500030517578,135.39999389648438,126.14073944091797,16606
2016-08-08,135.60000610351562,137.89999389648438,132.64999389648438,133.8000030517578,124.65015411376953,14803
2016-08-09,134.35000610351562,135.8000030517578,132.64999389648438,133.0,123.90487670898438,15103
2016-08-10,133.25,135.75,130.89999389648438,131.4499969482422,122.46088409423828,11169
2016-08-11,131.0,134.89999389648438,127.5999984741211,128.35000610351562,119.5728759765625,17252
2016-08-12,129.0,137.5,128.6999969482422,131.64999389648438,122.64718627929688,26614
2016-08-16,131.0500030517578,133.3000030517578,130.0,132.39999389648438,123.34589385986328,7545
2016-08-17,134.8000030517578,143.4499969482422,131.60000610351562,140.0,130.42617797851562,64493
2016-08-18,142.85000610351562,143.89999389648438,140.5,141.10000610351562,131.4509735107422,19539
2016-08-19,139.35000610351562,143.8000030517578,139.35000610351562,141.9499969482422,132.24281311035156,14460
2016-08-22,142.9499969482422,142.9499969482422,139.0,139.39999389648438,129.8671875,7110
2016-08-23,139.60000610351562,143.75,138.14999389648438,139.10000610351562,129.5877227783203,13780
2016-08-24,140.5500030517578,145.5,138.14999389648438,141.60000610351562,131.91677856445312,35583
2016-08-25,141.35000610351562,143.0,138.8000030517578,139.60000610351562,130.05352783203125,12171
2016-08-26,141.0,141.0,138.1999969482422,138.64999389648438,129.16848754882812,3411
2016-08-29,138.85000610351562,145.0,136.14999389648438,142.1999969482422,132.47572326660156,109571
2016-08-30,143.5,144.0,139.64999389648438,140.8000030517578,131.1714630126953,11933
2016-08-31,141.4499969482422,141.60000610351562,138.60000610351562,139.0,129.49456787109375,7909
2016-09-01,139.0500030517578,142.5,136.6999969482422,141.0,131.35780334472656,22670
2016-09-02,142.89999389648438,142.89999389648438,139.0,141.0500030517578,131.40438842773438,31732
2016-09-06,141.3000030517578,143.0,139.35000610351562,139.75,130.1932830810547,8534
2016-09-07,139.14999389648438,141.9499969482422,137.8000030517578,138.1999969482422,128.749267578125,8524
2016-09-08,138.0,139.75,137.8000030517578,138.3000030517578,128.8424530029297,6581
2016-09-09,140.9499969482422,141.10000610351562,138.0,138.1999969482422,128.749267578125,4961
2016-09-12,137.3000030517578,138.0,135.0,136.0,126.6997299194336,7080
2016-09-14,136.0,137.89999389648438,135.0,135.85000610351562,126.55998229980469,5009
2016-09-15,136.5,136.5,135.60000610351562,135.9499969482422,126.65315246582031,3832
2016-09-16,138.0,139.9499969482422,129.0,130.6999969482422,123.12060546875,27252
2016-09-19,131.75,133.0,130.5,131.60000610351562,123.96842956542969,9645
2016-09-20,134.0,134.0,130.89999389648438,131.10000610351562,123.49742126464844,5615
2016-09-21,131.0500030517578,132.8000030517578,129.14999389648438,130.89999389648438,123.30901336669922,6815
2016-09-22,132.9499969482422,135.89999389648438,131.10000610351562,134.10000610351562,126.32344818115234,16380
2016-09-23,132.10000610351562,136.4499969482422,131.0,131.4499969482422,123.82711791992188,15227
2016-09-26,130.39999389648438,132.0,128.5,129.14999389648438,121.66048431396484,17327
2016-09-27,131.39999389648438,132.5,126.69999694824219,127.80000305175781,120.3887939453125,16358
2016-09-28,128.35000610351562,133.35000610351562,127.5,129.9499969482422,122.41409301757812,22541
2016-09-29,130.75,130.75,116.0999984741211,124.94999694824219,117.70404815673828,23456
2016-09-30,122.0999984741211,129.0,122.0999984741211,127.05000305175781,119.6822738647461,19068
2016-10-03,126.0999984741211,129.8000030517578,126.0,128.5500030517578,121.09529876708984,7786
2016-10-04,128.5500030517578,130.39999389648438,126.5999984741211,128.39999389648438,120.95398712158203,8635
2016-10-05,128.25,134.5,128.1999969482422,131.89999389648438,124.25102233886719,21665
2016-10-06,132.0,133.10000610351562,128.0,130.9499969482422,123.35611724853516,15903
2016-10-07,130.25,131.8000030517578,128.6999969482422,130.5500030517578,122.97930908203125,4966
2016-10-10,129.85000610351562,133.0,128.14999389648438,128.8000030517578,121.33079528808594,15727
2016-10-13,131.60000610351562,131.60000610351562,126.05000305175781,126.5,119.16416931152344,4698
2016-10-14,129.14999389648438,129.14999389648438,125.55000305175781,125.94999694824219,118.64605712890625,9468
2016-10-17,127.94999694824219,128.0,123.5,123.80000305175781,116.62074279785156,15314
2016-10-18,125.25,129.85000610351562,125.0,126.4000015258789,119.06997680664062,28262
2016-10-19,126.3499984741211,130.5,126.30000305175781,128.25,120.81269073486328,24762
2016-10-20,127.55000305175781,137.75,126.4000015258789,133.1999969482422,125.47562408447266,67303
2016-10-21,136.75,137.0,130.64999389648438,133.14999389648438,125.42853546142578,26082
2016-10-24,134.0500030517578,136.6999969482422,133.3000030517578,134.5,126.70023345947266,20272
2016-10-25,136.0500030517578,137.89999389648438,132.1999969482422,134.6999969482422,126.88865661621094,32484
2016-10-26,139.10000610351562,149.5,135.0500030517578,143.0,134.7073211669922,361213
2016-10-27,143.64999389648438,148.0,142.60000610351562,144.75,136.3558349609375,96719
2016-10-28,145.0,145.8000030517578,138.5,139.25,131.17477416992188,30128
2016-11-01,140.8000030517578,141.85000610351562,135.0500030517578,136.60000610351562,128.678466796875,24753
2016-11-02,137.5500030517578,137.5500030517578,133.0,133.5,125.75821685791016,14208
2016-11-03,135.0,135.0,131.14999389648438,131.85000610351562,124.20391082763672,8919
2016-11-04,131.35000610351562,132.6999969482422,127.0,129.1999969482422,121.70758819580078,12248
2016-11-07,132.85000610351562,132.85000610351562,130.3000030517578,130.64999389648438,123.07349395751953,9302
2016-11-08,130.6999969482422,131.64999389648438,129.0,129.64999389648438,122.13150024414062,6617
2016-11-09,124.69999694824219,131.0,104.0999984741211,129.75,122.22569274902344,25214
2016-11-10,129.3000030517578,133.60000610351562,129.0500030517578,133.14999389648438,125.42853546142578,12361
2016-11-11,133.64999389648438,133.64999389648438,127.5999984741211,128.60000610351562,121.14239501953125,9119
2016-11-15,126.19999694824219,126.19999694824219,119.05000305175781,121.19999694824219,114.17151641845703,11817
2016-11-16,120.94999694824219,121.5999984741211,116.30000305175781,118.05000305175781,111.20419311523438,10393
2016-11-17,118.4000015258789,124.5,117.0999984741211,123.1500015258789,116.0084457397461,25332
2016-11-18,123.0,130.0,120.75,128.3000030517578,120.85978698730469,22473
2016-11-21,127.3499984741211,129.64999389648438,124.4000015258789,125.44999694824219,118.17506408691406,8458
2016-11-22,125.0999984741211,127.44999694824219,125.0,127.0,119.63518524169922,11327
2016-11-23,127.1500015258789,130.25,127.05000305175781,129.64999389648438,122.13150024414062,3586
2016-11-24,128.35000610351562,131.5,125.5,126.1500015258789,118.83448028564453,13403
2016-11-25,127.3499984741211,129.0,125.5,126.0,118.69316101074219,3840
2016-11-28,125.0999984741211,128.0,125.0,127.1500015258789,119.77647399902344,5494
2016-11-29,125.5999984741211,132.1999969482422,125.5999984741211,130.14999389648438,122.60248565673828,18418
2016-11-30,133.0,133.0,128.25,129.60000610351562,122.08439636230469,4636
2016-12-01,139.0,139.0,127.25,128.10000610351562,120.67139434814453,6724
2016-12-02,127.9000015258789,130.0,125.5,125.55000305175781,118.26927185058594,4783
2016-12-05,123.0,128.10000610351562,123.0,124.80000305175781,117.56275177001953,7650
2016-12-06,126.0,131.4499969482422,121.25,130.89999389648438,123.30901336669922,28845
2016-12-07,144.0,153.25,139.14999389648438,144.3000030517578,135.9319305419922,688821
2016-12-08,144.64999389648438,147.0,139.1999969482422,142.25,134.00082397460938,91321
2016-12-09,143.0,144.5,137.0500030517578,137.8000030517578,129.8088836669922,32339
2016-12-12,137.9499969482422,139.8000030517578,134.5500030517578,136.10000610351562,128.20745849609375,21111
2016-12-13,136.10000610351562,140.0,135.5,136.5,128.58425903320312,15564
2016-12-14,138.60000610351562,139.0,133.0,133.60000610351562,125.85244750976562,14756
2016-12-15,133.0,140.0,132.0,136.3000030517578,128.39585876464844,20506
2016-12-16,144.0,157.89999389648438,142.0,146.89999389648438,138.3811492919922,937970
2016-12-19,146.85000610351562,147.85000610351562,140.75,141.75,133.52981567382812,64317
2016-12-20,141.75,142.0,137.5,138.4499969482422,130.42117309570312,31473
2016-12-21,138.9499969482422,140.3000030517578,135.35000610351562,135.60000610351562,127.73645782470703,56135
2016-12-22,137.0500030517578,137.0500030517578,132.5500030517578,133.9499969482422,126.18212127685547,34587
2016-12-23,132.64999389648438,137.0,132.0,133.1999969482422,125.47562408447266,35373
2016-12-26,132.0,133.0,130.0500030517578,130.75,123.16771697998047,26923
2016-12-27,130.39999389648438,135.9499969482422,130.0,134.35000610351562,126.55895233154297,38496
2016-12-28,135.0,140.1999969482422,135.0,137.64999389648438,129.66758728027344,84834
2016-12-29,141.8000030517578,141.8000030517578,138.25,139.0,130.93930053710938,63056
2016-12-30,142.0,142.25,138.60000610351562,139.4499969482422,131.36318969726562,61366
2017-01-02,141.9499969482422,141.9499969482422,137.14999389648438,140.0,131.88131713867188,30073
2017-01-03,141.9499969482422,147.85000610351562,139.0500030517578,141.25,133.05880737304688,317124
2017-01-04,141.5,142.39999389648438,136.60000610351562,137.60000610351562,129.6204833984375,81836
2017-01-05,138.8000030517578,140.0,137.5,138.39999389648438,130.37408447265625,44639
2017-01-06,139.4499969482422,140.75,138.3000030517578,138.8000030517578,130.75086975097656,32916
2017-01-09,138.5500030517578,140.0,138.0,138.60000610351562,130.5625,25853
2017-01-10,139.5500030517578,141.0,137.8000030517578,138.1999969482422,130.1856689453125,42122
2017-01-11,141.5,151.8000030517578,141.5,146.35000610351562,137.86305236816406,407162
2017-01-12,146.0,147.3000030517578,141.0,141.5500030517578,133.34141540527344,66961
2017-01-13,142.89999389648438,146.25,139.60000610351562,143.35000610351562,135.03704833984375,93670
2017-01-16,143.9499969482422,145.75,141.0,143.75,135.41383361816406,38626
2017-01-17,144.25,145.89999389648438,143.10000610351562,144.5500030517578,136.16744995117188,33576
2017-01-18,144.5500030517578,149.4499969482422,143.5,146.8000030517578,138.28695678710938,93793
2017-01-19,146.9499969482422,147.39999389648438,144.14999389648438,144.4499969482422,136.07322692871094,16864
2017-01-20,144.5500030517578,147.0,143.5,145.75,137.29786682128906,49844
2017-01-23,149.8000030517578,160.89999389648438,149.75,156.64999389648438,147.5657501220703,644586
2017-01-24,157.35000610351562,159.89999389648438,155.10000610351562,158.89999389648438,149.68528747558594,148756
2017-01-25,159.89999389648438,160.89999389648438,156.60000610351562,158.10000610351562,148.93167114257812,77715
2017-01-27,158.60000610351562,164.6999969482422,158.0,161.10000610351562,151.75767517089844,144526
2017-01-30,161.14999389648438,165.5500030517578,161.14999389648438,162.60000610351562,153.1707000732422,98393
2017-01-31,163.25,170.1999969482422,158.0,168.39999389648438,158.6343536376953,287830
2017-02-01,170.35000610351562,174.0,162.0,163.1999969482422,153.7359161376953,356937
2017-02-02,163.1999969482422,165.8000030517578,161.0,161.85000610351562,152.46420288085938,58014
2017-02-03,162.8000030517578,164.75,157.4499969482422,163.8000030517578,154.30113220214844,60550
2017-02-06,165.3000030517578,172.0,165.25,168.8000030517578,159.0111541748047,138171
2017-02-07,181.89999389648438,183.89999389648438,174.0,176.8000030517578,166.54722595214844,646102
2017-02-08,176.89999389648438,176.89999389648438,171.0,172.5500030517578,162.54368591308594,58985
2017-02-09,174.0,180.0,171.5500030517578,175.85000610351562,165.65232849121094,102847
2017-02-10,174.89999389648438,179.0,172.5,173.60000610351562,163.53280639648438,40551
2017-02-13,173.6999969482422,175.89999389648438,168.3000030517578,172.5,162.49658203125,35096
2017-02-14,174.9499969482422,174.9499969482422,165.75,167.3000030517578,157.59815979003906,35201
2017-02-15,169.60000610351562,169.60000610351562,158.5,160.8000030517578,151.47509765625,56500
2017-02-16,160.5500030517578,166.35000610351562,160.5500030517578,163.64999389648438,154.15982055664062,47377
2017-02-17,163.10000610351562,168.0,161.5,164.10000610351562,154.58372497558594,47597
2017-02-20,165.8000030517578,167.5,163.1999969482422,164.9499969482422,155.38441467285156,22703
2017-02-21,166.75,168.0,163.3000030517578,163.8000030517578,154.30113220214844,21021
2017-02-22,164.10000610351562,167.35000610351562,161.25,162.10000610351562,152.69967651367188,47800
2017-02-23,162.64999389648438,164.10000610351562,160.39999389648438,161.64999389648438,152.27578735351562,16537
2017-02-27,160.64999389648438,162.0,160.0,160.8000030517578,151.47509765625,23415
2017-02-28,165.0,168.75,164.8000030517578,165.64999389648438,156.04383850097656,81665
2017-03-01,166.89999389648438,168.0,164.85000610351562,166.4499969482422,156.7974395751953,24084
2017-03-02,167.4499969482422,168.85000610351562,161.60000610351562,162.25,152.8410186767578,31547
2017-03-03,162.1999969482422,166.5500030517578,162.1999969482422,164.5,154.9605255126953,32875
2017-03-06,166.5,167.0,163.60000610351562,164.4499969482422,154.9134063720703,20159
2017-03-07,165.89999389648438,165.9499969482422,163.35000610351562,164.89999389648438,155.33731079101562,75079
2017-03-08,165.5,166.5,163.35000610351562,165.5500030517578,155.94961547851562,26986
2017-03-09,165.9499969482422,166.25,161.5,164.3000030517578,154.77212524414062,35124
2017-03-10,165.75,167.6999969482422,163.5,166.85000610351562,157.17422485351562,37074
2017-03-14,169.0,171.5500030517578,167.35000610351562,170.4499969482422,160.5654754638672,64358
2017-03-15,170.75,176.6999969482422,170.5,174.25,164.14511108398438,91560
2017-03-16,174.89999389648438,179.89999389648438,174.89999389648438,178.1999969482422,167.86602783203125,151944
2017-03-17,179.5,180.0,174.3000030517578,175.25,165.08712768554688,33105
2017-03-20,176.5,180.5,174.60000610351562,176.75,166.50013732910156,68551
2017-03-21,178.4499969482422,178.4499969482422,170.64999389648438,172.0,162.02557373046875,43660
2017-03-22,169.1999969482422,177.0500030517578,169.1999969482422,175.8000030517578,165.605224609375,60046
2017-03-23,177.9499969482422,179.89999389648438,173.6999969482422,175.9499969482422,165.74652099609375,51923
2017-03-24,176.25,180.0,174.5,179.0500030517578,168.66676330566406,96003
2017-03-27,179.0500030517578,199.5,176.10000610351562,189.1999969482422,178.22816467285156,796815
2017-03-28,191.0,204.5500030517578,190.75,199.0500030517578,187.50694274902344,417061
2017-03-29,201.5,203.0,195.25,196.0,184.6338348388672,143136
2017-03-30,194.10000610351562,203.0,194.10000610351562,195.8000030517578,184.44540405273438,107003
2017-03-31,197.5,199.5,195.39999389648438,197.10000610351562,185.67002868652344,47971
2017-04-03,217.89999389648438,228.4499969482422,212.0,219.75,207.0065155029297,1098312
2017-04-05,220.0,225.6999969482422,215.25,222.89999389648438,209.97386169433594,274277
2017-04-06,223.89999389648438,229.6999969482422,219.3000030517578,227.39999389648438,214.21290588378906,320747
2017-04-07,224.6999969482422,228.75,222.75,225.5,212.42308044433594,112101
2017-04-10,224.0500030517578,232.0,220.14999389648438,227.39999389648438,214.21290588378906,158309
2017-04-11,226.4499969482422,260.6499938964844,224.10000610351562,249.75,235.2667999267578,1177910
2017-04-12,250.5,259.79998779296875,235.8000030517578,255.85000610351562,241.0130615234375,627801
2017-04-13,258.3999938964844,260.8999938964844,248.0,249.6999969482422,235.2197265625,166226
2017-04-17,251.0,254.6999969482422,241.25,245.75,231.498779296875,114448
2017-04-18,249.10000610351562,255.0,240.0,241.8000030517578,227.77786254882812,165402
2017-04-19,244.0,249.6999969482422,238.10000610351562,242.64999389648438,228.57855224609375,77902
2017-04-20,243.75,252.0,242.5,248.5,234.08929443359375,110399
2017-04-21,251.8000030517578,254.0,244.1999969482422,245.89999389648438,231.6400604248047,97395
2017-04-24,248.8000030517578,248.8000030517578,242.10000610351562,244.0,229.85025024414062,47833
2017-04-25,242.39999389648438,247.64999389648438,240.10000610351562,242.25,228.20175170898438,164666
2017-04-26,244.0,253.60000610351562,234.75,239.1999969482422,225.32858276367188,436208
2017-04-27,243.75,246.8000030517578,239.1999969482422,242.3000030517578,228.24884033203125,129415
2017-04-28,244.3000030517578,246.85000610351562,240.5,244.0500030517578,229.8973846435547,73720
2017-05-02,243.5,251.75,242.5,249.10000610351562,234.6544952392578,160904
2017-05-03,251.0,266.6000061035156,251.0,257.8500061035156,242.8970947265625,554836
2017-05-04,258.8999938964844,272.0,258.3999938964844,267.8999938964844,252.36424255371094,357874
2017-05-05,268.0,275.6499938964844,262.0,264.54998779296875,249.20852661132812,176001
2017-05-08,266.75,272.45001220703125,265.1000061035156,265.45001220703125,250.05636596679688,57845
2017-05-09,267.6000061035156,267.6000061035156,260.5,261.54998779296875,246.38250732421875,35206
2017-05-10,262.5,279.0,262.0,268.70001220703125,253.11790466308594,189886
2017-05-11,271.29998779296875,274.0,264.0,267.20001220703125,251.70489501953125,49546
2017-05-12,268.20001220703125,268.3999938964844,262.0,263.20001220703125,247.93685913085938,28288
2017-05-15,266.8999938964844,272.8999938964844,266.04998779296875,268.29998779296875,252.74107360839844,50408
2017-05-16,268.3500061035156,286.8999938964844,268.3500061035156,278.75,262.5850830078125,479853
2017-05-17,278.29998779296875,281.3999938964844,271.5,273.54998779296875,257.6866149902344,124266
2017-05-18,270.0,275.95001220703125,267.0,269.0,253.4004669189453,113743
2017-05-19,271.6000061035156,322.79998779296875,271.45001220703125,322.79998779296875,304.0805969238281,3446736
2017-05-22,334.0,387.0,332.20001220703125,381.20001220703125,359.0939636230469,5607273
2017-05-23,374.8500061035156,407.5,345.1499938964844,389.1499938964844,366.5828857421875,3834713
2017-05-24,380.0,411.8999938964844,377.0,401.20001220703125,377.9340515136719,2873344
2017-05-25,406.3999938964844,423.8999938964844,406.0,415.5,391.40484619140625,1447513
2017-05-26,410.29998779296875,416.3999938964844,398.1000061035156,406.0,382.4557800292969,611875
2017-05-29,402.0,425.79998779296875,398.29998779296875,416.45001220703125,392.2997741699219,730312
2017-05-30,414.79998779296875,414.95001220703125,405.1499938964844,407.54998779296875,383.9158630371094,301696
2017-05-31,410.0,415.5,403.0,405.45001220703125,381.9377136230469,205750
2017-06-01,402.3999938964844,412.8500061035156,395.3999938964844,399.5,376.33270263671875,274748
2017-06-02,406.8999938964844,408.0,378.79998779296875,384.29998779296875,362.01416015625,435120
2017-06-05,389.79998779296875,402.70001220703125,385.54998779296875,390.95001220703125,368.2785339355469,252039
2017-06-06,394.3999938964844,395.0,376.29998779296875,379.3999938964844,357.3982849121094,157541
2017-06-07,389.6000061035156,435.54998779296875,386.0,429.5,404.59295654296875,2221225
2017-06-08,432.5,464.95001220703125,427.04998779296875,454.3999938964844,428.04901123046875,2305416
2017-06-09,451.45001220703125,462.70001220703125,437.5,445.70001220703125,419.8535461425781,888395
2017-06-12,441.79998779296875,457.0,439.0,448.5,422.49114990234375,362116
2017-06-13,445.0,457.0,442.0,448.79998779296875,422.77374267578125,281489
2017-06-14,454.75,456.8999938964844,440.25,450.6499938964844,424.5164794921875,355371
2017-06-15,449.0,460.25,442.1000061035156,445.3500061035156,419.5238342285156,398138
2017-06-16,447.95001220703125,449.5,440.1499938964844,441.3500061035156,415.7557678222656,151095
2017-06-19,444.75,445.95001220703125,428.0,430.0,405.06396484375,213794
2017-06-20,429.95001220703125,472.5,416.95001220703125,451.45001220703125,425.27008056640625,1330579
2017-06-21,451.0,461.70001220703125,443.45001220703125,455.6000061035156,429.179443359375,477792
2017-06-22,455.8999938964844,467.8999938964844,451.0,453.04998779296875,426.7772521972656,466505
2017-06-23,454.5,455.79998779296875,435.0,438.20001220703125,412.7884826660156,224164
2017-06-27,440.75,443.70001220703125,416.0,418.8500061035156,394.5605773925781,191669
2017-06-28,418.5,481.6499938964844,406.54998779296875,471.75,444.3928527832031,2484668
2017-06-29,476.0,484.20001220703125,450.3500061035156,455.6499938964844,429.2264709472656,1120771
2017-06-30,453.0,475.8999938964844,445.70001220703125,464.0,437.09234619140625,970193
2017-07-03,466.5,471.79998779296875,456.0,461.6000061035156,434.83148193359375,365160
2017-07-04,462.0,471.79998779296875,458.54998779296875,460.8500061035156,434.1249694824219,390083
2017-07-05,463.79998779296875,491.8500061035156,461.1000061035156,477.04998779296875,449.3855285644531,1152521
2017-07-06,482.5,489.45001220703125,468.5,472.04998779296875,444.6754455566406,403222
2017-07-07,474.29998779296875,514.4500122070312,464.29998779296875,500.6499938964844,471.6169738769531,1703243
2017-07-10,502.0,515.0,495.0,506.95001220703125,477.55157470703125,140310
2017-07-11,507.0,533.0,499.8999938964844,522.0,491.7288513183594,1073237
2017-07-12,524.8499755859375,539.0,516.5,526.0999755859375,495.5910949707031,601386
2017-07-13,530.9000244140625,535.0,516.0,521.9000244140625,491.6346740722656,337780
2017-07-14,522.0,524.0,496.0,502.54998779296875,473.4067687988281,324656
2017-07-17,507.79998779296875,515.0,481.0,482.95001220703125,454.943359375,287669
2017-07-18,480.0,512.7999877929688,470.0,498.0,469.12060546875,527610
2017-07-19,497.29998779296875,503.29998779296875,481.75,483.54998779296875,455.5085754394531,312225
2017-07-20,486.0,502.0,485.0,492.04998779296875,463.5156555175781,380369
2017-07-21,494.5,501.79998779296875,484.0,491.75,463.2330322265625,253657
2017-07-24,492.5,496.20001220703125,474.0,479.6000061035156,451.7876281738281,231364
2017-07-25,482.0,492.0,468.1499938964844,474.75,447.21893310546875,302429
2017-07-26,476.95001220703125,491.3999938964844,468.0,476.79998779296875,449.1499938964844,431078
2017-07-27,479.1000061035156,487.29998779296875,470.0,472.6499938964844,445.2406921386719,223200
2017-07-28,473.70001220703125,489.79998779296875,473.0,480.04998779296875,452.2115173339844,434302
2017-07-31,479.3500061035156,487.5,456.0,483.45001220703125,455.4143981933594,769738
2017-08-01,500.0,532.4500122070312,491.3500061035156,497.95001220703125,469.07354736328125,2053405
2017-08-02,497.95001220703125,521.9000244140625,488.3500061035156,514.1500244140625,484.3341064453125,783238
2017-08-03,516.0,523.7999877929688,503.1499938964844,510.5,480.8957214355469,485770
2017-08-04,513.0,513.3499755859375,499.0,505.29998779296875,475.9972229003906,195269
2017-08-07,505.0,508.75,493.0,497.25,468.4140625,192932
2017-08-08,497.04998779296875,510.70001220703125,482.0,502.3500061035156,473.2183532714844,368645
2017-08-09,501.95001220703125,506.0,487.04998779296875,489.95001220703125,461.5374450683594,225535
2017-08-10,486.0,491.70001220703125,438.54998779296875,453.25,426.9656982421875,241997
2017-08-11,448.0,464.54998779296875,429.6000061035156,454.04998779296875,427.71929931640625,265682
2017-08-14,464.0,478.0,462.1000061035156,471.3500061035156,444.0160827636719,139289
2017-08-16,474.75,499.95001220703125,468.0,491.8500061035156,463.3272399902344,423877
2017-08-17,493.0,509.0,493.0,501.8500061035156,472.7473449707031,346266
2017-08-18,495.04998779296875,509.8999938964844,490.54998779296875,507.0,477.5986633300781,254908
2017-08-21,507.20001220703125,514.0,485.75,494.1499938964844,465.4938659667969,175260
2017-08-22,495.25,502.8999938964844,483.0,489.04998779296875,460.68963623046875,110137
2017-08-23,492.3999938964844,500.0,491.1000061035156,494.3999938964844,465.7293701171875,93155
2017-08-24,497.5,515.0,492.0,498.6000061035156,469.685791015625,219050
2017-08-28,503.3999938964844,509.0,495.8500061035156,499.0,470.0626525878906,102857
2017-08-29,503.0,506.0,492.6000061035156,498.79998779296875,469.8742370605469,143242
2017-08-30,504.0,507.95001220703125,498.1000061035156,500.6000061035156,471.56982421875,100878
2017-08-31,501.8500061035156,547.0,498.0,534.7000122070312,503.6923522949219,1326767
2017-09-01,538.7999877929688,557.0,517.5499877929688,528.6500244140625,497.99322509765625,681854
2017-09-04,527.7999877929688,531.7000122070312,505.6000061035156,510.1000061035156,480.5189208984375,268488
2017-09-05,514.5,517.0,503.20001220703125,505.45001220703125,476.1385803222656,172778
2017-09-06,502.0,513.0499877929688,496.04998779296875,504.75,475.47918701171875,211842
2017-09-07,508.8999938964844,521.8499755859375,502.1000061035156,504.79998779296875,475.5262756347656,247839
2017-09-08,508.25,513.4500122070312,501.75,503.70001220703125,474.4900817871094,130519
2017-09-11,507.0,511.8500061035156,501.04998779296875,503.20001220703125,474.01904296875,134606
2017-09-12,507.3999938964844,515.0,502.1000061035156,504.1499938964844,474.9139404296875,172245
2017-09-13,506.0,510.8999938964844,500.0,502.04998779296875,472.9357604980469,110630
2017-09-14,504.95001220703125,507.70001220703125,492.54998779296875,495.25,466.53009033203125,107220
2017-09-15,493.79998779296875,505.8500061035156,491.5,496.3500061035156,467.5663146972656,205459
2017-09-18,500.1499938964844,523.0,496.70001220703125,504.20001220703125,476.88262939453125,328747
2017-09-19,508.0,513.7999877929688,497.1499938964844,500.3999938964844,473.2884521484375,127980
2017-09-20,503.70001220703125,511.5,500.0,501.04998779296875,473.9032897949219,125419
2017-09-21,504.0,508.0,499.0,500.54998779296875,473.4303894042969,115644
2017-09-22,499.0,504.0,479.0,481.95001220703125,455.838134765625,146647
2017-09-25,482.1000061035156,486.0,451.79998779296875,459.8500061035156,434.9354553222656,157841
2017-09-26,461.0,497.20001220703125,458.04998779296875,489.6000061035156,463.0736389160156,231922
2017-09-27,496.8999938964844,508.0,476.0,481.95001220703125,455.838134765625,251011
2017-09-28,487.95001220703125,496.0,481.0,484.20001220703125,457.9662170410156,99056
2017-09-29,488.45001220703125,497.0,485.5,487.79998779296875,461.3711242675781,91087
2017-10-03,493.0,498.0,485.04998779296875,487.45001220703125,461.0401306152344,83758
2017-10-04,491.0,495.0,485.0,486.45001220703125,460.0943298339844,105653
2017-10-05,489.6000061035156,497.0,483.04998779296875,486.79998779296875,460.4253234863281,159755
2017-10-06,489.95001220703125,497.0,483.1000061035156,487.79998779296875,461.3711242675781,133704
2017-10-09,501.8999938964844,543.2000122070312,498.6499938964844,502.45001220703125,475.2274169921875,1365803
2017-10-10,506.6000061035156,519.9000244140625,498.0,499.5,472.437255859375,419993
2017-10-11,502.0,513.2000122070312,486.0,490.6499938964844,464.0667419433594,217229
2017-10-12,494.8999938964844,506.95001220703125,491.1000061035156,494.04998779296875,467.2825012207031,179840
2017-10-13,497.95001220703125,504.3999938964844,488.0,490.25,463.68841552734375,157307
2017-10-16,494.95001220703125,501.79998779296875,489.29998779296875,491.45001220703125,464.8233947753906,204733
2017-10-17,494.0,497.8999938964844,485.3999938964844,487.95001220703125,461.5130615234375,212331
2017-10-18,486.54998779296875,493.3999938964844,480.0,482.25,456.1218566894531,111176
2017-10-19,483.6000061035156,486.6499938964844,475.1000061035156,478.3999938964844,452.48040771484375,39152
2017-10-23,479.8999938964844,487.75,475.1000061035156,476.8500061035156,451.0144348144531,82475
2017-10-24,478.79998779296875,485.20001220703125,472.20001220703125,475.54998779296875,449.78485107421875,121541
2017-10-25,479.79998779296875,481.8999938964844,469.04998779296875,470.70001220703125,445.1976623535156,67790
2017-10-26,472.79998779296875,482.95001220703125,465.04998779296875,472.54998779296875,446.9474182128906,135195
2017-10-27,473.5,481.5,467.0,469.1499938964844,443.73162841796875,98255
2017-10-30,471.0,476.1000061035156,465.20001220703125,468.0,442.6439208984375,74456
2017-10-31,469.0,474.3999938964844,465.0,466.54998779296875,441.2724609375,56292
2017-11-01,468.1000061035156,488.0,464.75,472.5,446.900146484375,233765
2017-11-02,475.3999938964844,478.54998779296875,467.5,470.1000061035156,444.6301574707031,74001
2017-11-03,472.95001220703125,474.6000061035156,465.0,466.1000061035156,440.8468322753906,86227
2017-11-06,466.0,466.8999938964844,453.95001220703125,455.6499938964844,430.9630126953125,134584
2017-11-07,459.5,459.5,442.54998779296875,445.3500061035156,421.2210998535156,91207
2017-11-08,445.3999938964844,451.5,438.0,443.54998779296875,419.5185852050781,78468
2017-11-09,447.6499938964844,457.0,438.0,440.45001220703125,416.5865783691406,77784
2017-11-10,438.1000061035156,446.0,435.54998779296875,436.75,413.0870361328125,71661
2017-11-13,437.29998779296875,474.0,437.25,451.1000061035156,426.65960693359375,326162
2017-11-14,455.8500061035156,463.04998779296875,445.29998779296875,447.54998779296875,423.3018493652344,137790
2017-11-15,434.0,437.70001220703125,405.0,426.0,402.91943359375,336583
2017-11-16,427.95001220703125,436.20001220703125,422.0,427.6000061035156,404.43280029296875,122371
2017-11-17,433.0,436.6000061035156,422.0,423.1499938964844,400.2238464355469,84106
2017-11-20,425.8999938964844,430.0,415.1000061035156,419.75,397.0080871582031,99616
2017-11-21,421.0,446.5,421.0,428.8500061035156,405.6150817871094,270849
2017-11-22,432.75,439.29998779296875,425.04998779296875,429.25,405.9933776855469,133722
2017-11-23,430.0,442.8999938964844,425.95001220703125,435.6499938964844,412.046630859375,226768
2017-11-24,434.0,452.75,431.6499938964844,433.29998779296875,409.82391357421875,278962
2017-11-27,434.0,439.8999938964844,428.0,429.3999938964844,406.1352233886719,107059
2017-11-28,430.8999938964844,430.8999938964844,423.0,424.1000061035156,401.1224060058594,84464
2017-11-29,423.8500061035156,429.5,419.04998779296875,422.6499938964844,399.7509460449219,74086
2017-11-30,418.79998779296875,425.79998779296875,417.8999938964844,419.20001220703125,396.4878845214844,67028
2017-12-01,422.8999938964844,441.3999938964844,417.1499938964844,422.70001220703125,399.7982482910156,291489
2017-12-04,424.79998779296875,429.5,417.1000061035156,418.70001220703125,396.0149841308594,70545
2017-12-05,421.0,438.8500061035156,420.70001220703125,424.95001220703125,401.9263610839844,262295
2017-12-06,421.54998779296875,434.79998779296875,421.54998779296875,424.75,401.7371826171875,143446
2017-12-07,425.6499938964844,446.20001220703125,423.95001220703125,436.8999938964844,413.2288818359375,407952
2017-12-08,436.0,442.0,430.79998779296875,434.20001220703125,410.6752014160156,138233
2017-12-11,437.6499938964844,449.29998779296875,432.1000061035156,439.6499938964844,415.82989501953125,229132
2017-12-12,437.0,439.79998779296875,425.20001220703125,427.70001220703125,404.52734375,138072
2017-12-13,426.1499938964844,433.6499938964844,419.04998779296875,420.6000061035156,397.81207275390625,130571
2017-12-14,424.0,424.3999938964844,414.0,416.75,394.17059326171875,99217
2017-12-15,422.0,427.54998779296875,415.0,416.75,394.17059326171875,110664
2017-12-18,416.1000061035156,427.8999938964844,408.45001220703125,423.3500061035156,400.41302490234375,148366
2017-12-19,427.95001220703125,437.54998779296875,425.45001220703125,433.75,410.24957275390625,197550
2017-12-20,434.95001220703125,447.0,434.1000061035156,439.1499938964844,415.35699462890625,140366
2017-12-21,440.1499938964844,449.0,438.54998779296875,447.20001220703125,422.97088623046875,121112
2017-12-22,449.79998779296875,456.5,447.0,450.29998779296875,425.90289306640625,107013
2017-12-26,453.5,460.0,451.3500061035156,452.5,427.98370361328125,98203
2017-12-27,453.70001220703125,470.0,452.0,459.70001220703125,434.7936096191406,198532
2017-12-28,455.0,463.8999938964844,450.20001220703125,453.0,428.45660400390625,66260
2017-12-29,454.25,461.8999938964844,450.0,456.29998779296875,431.57781982421875,59272
2018-01-01,458.1499938964844,461.70001220703125,450.29998779296875,452.8999938964844,428.36199951171875,53245
2018-01-02,454.5,459.0,445.6499938964844,454.20001220703125,429.59161376953125,58199
2018-01-03,460.0,495.0,457.5,486.6000061035156,460.2362060546875,506446
2018-01-04,496.70001220703125,516.4000244140625,490.0,501.45001220703125,474.2816162109375,785957
2018-01-05,508.0,513.25,495.95001220703125,499.6499938964844,472.5791015625,216361
2018-01-08,499.04998779296875,499.04998779296875,475.0,491.04998779296875,464.4450378417969,224003
2018-01-09,492.95001220703125,517.0999755859375,488.04998779296875,505.6499938964844,478.2540588378906,332935
2018-01-10,508.54998779296875,508.6000061035156,495.1000061035156,500.75,473.6195373535156,97706
2018-01-11,503.0,516.0,500.1499938964844,506.5,479.0579833984375,220381
2018-01-12,508.3999938964844,510.1000061035156,500.0,505.5,478.1121520996094,128682
2018-01-15,508.0,513.75,505.1000061035156,510.3999938964844,482.7466735839844,146903
2018-01-16,510.3999938964844,513.4000244140625,490.6000061035156,492.20001220703125,465.5328063964844,119905
2018-01-17,489.8500061035156,507.0,485.0,503.3500061035156,476.0787048339844,121246
2018-01-18,506.0,508.79998779296875,490.0,491.8999938964844,465.2490234375,79862
2018-01-19,490.70001220703125,498.0,482.95001220703125,488.1499938964844,461.70220947265625,47129
2018-01-22,489.6499938964844,510.0,489.6499938964844,507.1499938964844,479.6727294921875,114170
2018-01-23,508.29998779296875,517.7999877929688,505.1499938964844,509.20001220703125,481.6116943359375,90907
2018-01-24,509.8999938964844,510.29998779296875,498.95001220703125,504.29998779296875,476.9772033691406,60097
2018-01-25,504.45001220703125,545.0,504.45001220703125,532.75,503.8857727050781,805426
2018-01-29,539.0,582.0,537.9500122070312,568.2999877929688,537.5097045898438,2093640
2018-01-30,567.7999877929688,567.7999877929688,520.2000122070312,526.6500244140625,498.11627197265625,525131
2018-01-31,520.5499877929688,542.0,520.0,537.2999877929688,508.18927001953125,236942
2018-02-01,542.0,569.6500244140625,508.0,525.5,497.02862548828125,854148
2018-02-02,519.0,540.5999755859375,479.54998779296875,528.4500122070312,499.8187255859375,458249
2018-02-05,500.0,549.9000244140625,500.0,545.7999877929688,516.2286987304688,333532
2018-02-06,511.6499938964844,544.5,505.25,539.4000244140625,510.17547607421875,303119
2018-02-07,547.0,579.9000244140625,546.6500244140625,561.75,531.3145751953125,262109
2018-02-08,562.0,614.0,562.0,591.8499755859375,559.7837524414062,823429
2018-02-09,572.3499755859375,587.9500122070312,570.0,571.8499755859375,540.8673706054688,317460
2018-02-12,579.5,586.9000244140625,562.2999877929688,576.2999877929688,545.0762329101562,177544
2018-02-14,581.7999877929688,581.7999877929688,565.5499877929688,570.5999755859375,539.68505859375,128930
2018-02-15,576.0,587.0,556.5,560.1500244140625,529.8013305664062,167293
2018-02-16,563.0,574.0,546.0,552.0499877929688,522.14013671875,92167
2018-02-19,552.0,555.4000244140625,525.75,533.25,504.3587646484375,82365
2018-02-20,537.9000244140625,548.0,526.4000244140625,539.6500244140625,510.4119873046875,82267
2018-02-21,551.0,563.2999877929688,545.5999755859375,556.8499755859375,526.6800537109375,147639
2018-02-22,551.0,564.0,547.4000244140625,559.0999755859375,528.8081665039062,66183
2018-02-23,560.5,573.0,555.0,564.7000122070312,534.1047973632812,67259
2018-02-26,566.0,585.0,560.0499877929688,575.0,543.8467407226562,196170
2018-02-27,577.7999877929688,584.7000122070312,568.0,572.5999755859375,541.57666015625,63170
2018-02-28,569.7000122070312,578.0,561.5499877929688,570.0999755859375,539.2122192382812,56818
2018-03-01,568.0,575.0,564.5999755859375,566.7000122070312,535.9964599609375,28645
2018-03-05,560.0,560.4500122070312,546.0,549.1500244140625,519.3972778320312,54456
2018-03-06,554.2000122070312,565.0,539.25,543.4000244140625,513.958740234375,124862
2018-03-07,542.4000244140625,544.0499877929688,527.5,530.0999755859375,501.37933349609375,47077
2018-03-08,534.0,540.8499755859375,517.0999755859375,524.9500122070312,496.5083923339844,64631
2018-03-09,529.0,532.7000122070312,522.0,525.4500122070312,496.9813232421875,31094
2018-03-12,532.0,534.7999877929688,523.2000122070312,525.8499755859375,497.3595886230469,36394
2018-03-13,528.0499877929688,533.0,523.9000244140625,525.2000122070312,496.7448425292969,38030
2018-03-14,529.0,529.0,515.5499877929688,518.8499755859375,490.7388610839844,54290
2018-03-15,520.0,553.2999877929688,513.0,530.7000122070312,501.9468688964844,146981
2018-03-16,534.7000122070312,542.0,525.0,527.9000244140625,499.2985534667969,65500
2018-03-19,532.0,532.0,518.0499877929688,520.75,492.5359802246094,45433
2018-03-20,518.9000244140625,534.4500122070312,515.5,530.5499877929688,501.8049621582031,49161
2018-03-21,530.75,546.9500122070312,530.75,537.5,508.37841796875,62149
2018-03-22,535.0,549.7999877929688,532.2999877929688,535.2999877929688,506.2975769042969,51938
2018-03-23,522.25,524.4500122070312,514.8499755859375,520.7000122070312,492.4886474609375,40758
2018-03-26,520.7000122070312,544.0,519.2999877929688,537.9000244140625,508.7568054199219,66152
2018-03-27,552.0,554.7000122070312,545.0499877929688,551.0999755859375,521.2415771484375,76919
2018-03-28,547.0,551.9500122070312,543.0,545.2000122070312,515.6612548828125,22459
2018-04-02,550.6500244140625,565.0,548.0,561.7999877929688,531.36181640625,48411
2018-04-03,559.0,574.0,556.0,570.5499877929688,539.6377563476562,40703
2018-04-04,579.9000244140625,582.0,547.75,554.9000244140625,524.835693359375,74753
2018-04-05,562.3499755859375,571.0,558.0,565.8499755859375,535.1924438476562,37467
2018-04-06,569.0,664.6500244140625,556.0499877929688,652.2999877929688,616.9586181640625,1238980
2018-04-09,644.0,685.9500122070312,636.9000244140625,663.5,627.5518798828125,1252997
2018-04-10,658.5999755859375,664.6500244140625,630.0,650.75,615.4925537109375,258077
2018-04-11,653.0,754.0,639.0999755859375,745.6500244140625,705.2509765625,2839037
2018-04-12,739.9500122070312,749.0,706.1500244140625,713.5,674.8428344726562,923136
2018-04-13,713.0,771.9000244140625,713.0,740.5999755859375,700.4744873046875,2089733
2018-04-16,736.2999877929688,765.0,720.0499877929688,753.2000122070312,712.3919677734375,901680
2018-04-17,751.0999755859375,781.0,742.0499877929688,755.0999755859375,714.1889038085938,780741
2018-04-18,761.0,774.9000244140625,751.5,756.2000122070312,715.2293701171875,350412
2018-04-19,758.5,789.9000244140625,756.25,766.1500244140625,724.6403198242188,700939
2018-04-20,767.0,776.25,735.2000122070312,742.4500122070312,702.224365234375,409598
2018-04-23,744.4000244140625,748.0,721.2000122070312,726.3499755859375,686.99658203125,199430
2018-04-24,728.0,739.7000122070312,707.5,713.5,674.8428344726562,254465
2018-04-25,713.0,713.0,649.2999877929688,668.8499755859375,632.6119384765625,401920
2018-04-26,676.4000244140625,739.9500122070312,650.0999755859375,734.7999877929688,694.98876953125,1242271
2018-04-27,732.5,745.2999877929688,723.0999755859375,732.0499877929688,692.3878784179688,348292
2018-04-30,726.1500244140625,732.9000244140625,695.2000122070312,708.1500244140625,669.7826538085938,211669
2018-05-02,709.9000244140625,763.7999877929688,690.8499755859375,721.2000122070312,682.1256103515625,860561
2018-05-03,721.9000244140625,735.3499755859375,700.0,720.5,681.4635620117188,247003
2018-05-04,714.1500244140625,722.0,695.8499755859375,700.4000244140625,662.4525146484375,147179
2018-05-07,700.0,715.4500122070312,695.0,698.1500244140625,660.3245239257812,101661
2018-05-08,699.7999877929688,724.75,691.25,703.4500122070312,665.3373413085938,226009
2018-05-09,715.9500122070312,726.8499755859375,705.0,706.5999755859375,668.316650390625,193559
2018-05-10,709.0999755859375,718.8499755859375,681.0999755859375,688.1500244140625,650.8662719726562,139090
2018-05-11,693.5499877929688,708.2000122070312,682.0,685.5999755859375,648.4544067382812,142365
2018-05-14,690.0,704.7000122070312,685.3499755859375,692.5499877929688,655.0278930664062,134005
2018-05-15,692.5,703.0,681.0,689.0999755859375,651.7647705078125,117047
2018-05-16,619.0,650.0,619.0,630.5999755859375,596.4342041015625,557919
2018-05-17,635.0,642.0,626.0,628.4500122070312,594.4008178710938,129438
2018-05-18,630.0,659.8499755859375,612.0,620.5,586.8815307617188,335507
2018-05-21,628.0,629.8499755859375,541.0,553.0,523.03857421875,316693
2018-05-22,559.0,582.0,556.0999755859375,571.5999755859375,540.630859375,233453
2018-05-23,577.0,588.4500122070312,563.1500244140625,570.5,539.5905151367188,123832
2018-05-24,570.5,578.5,550.2000122070312,563.2999877929688,532.7805786132812,85477
2018-05-25,565.4500122070312,597.3499755859375,561.2000122070312,590.4000244140625,558.4122924804688,225046
2018-05-28,595.2000122070312,609.9500122070312,586.25,599.5,567.0193481445312,172000
2018-05-29,595.5,603.7000122070312,585.0,590.4500122070312,558.4595947265625,117318
2018-05-30,585.0,594.9000244140625,572.25,578.3499755859375,547.0151977539062,118442
2018-05-31,579.0,582.7999877929688,559.0999755859375,566.8499755859375,536.1383056640625,114056
2018-06-01,569.0,574.9000244140625,547.0,555.0,524.9302368164062,102776
2018-06-04,560.0,560.0,528.0,530.2999877929688,501.56854248046875,85512
2018-06-05,520.0,524.0,485.79998779296875,503.0,475.74761962890625,199303
2018-06-06,491.20001220703125,542.8499755859375,481.0,537.7000122070312,508.5675964355469,245187
2018-06-07,542.3499755859375,564.5,540.4000244140625,552.2999877929688,522.3765869140625,135307
2018-06-08,546.2000122070312,559.0,540.2000122070312,547.7000122070312,518.0257568359375,78088
2018-06-11,551.0,567.8499755859375,544.0999755859375,550.1500244140625,520.3430786132812,131401
2018-06-12,550.0,556.0999755859375,542.0,547.5499877929688,517.8839111328125,62560
2018-06-13,548.0,553.75,526.5,533.4000244140625,504.5006103515625,95286
2018-06-14,527.9000244140625,540.6500244140625,526.0499877929688,536.5999755859375,507.5271911621094,76047
2018-06-15,536.5999755859375,539.5,524.3499755859375,528.75,500.10247802734375,51536
2018-06-18,527.8499755859375,540.75,510.0,533.0499877929688,504.16943359375,103335
2018-06-19,535.0,549.0,528.7000122070312,532.7000122070312,503.8384704589844,222041
2018-06-20,537.6500244140625,542.0,526.0,534.75,505.7774658203125,37010
2018-06-21,533.7000122070312,549.7000122070312,527.0,537.4500122070312,508.33111572265625,108382
2018-06-22,536.9500122070312,546.9500122070312,530.8499755859375,535.5999755859375,506.58135986328125,90095
2018-06-25,530.0999755859375,539.6500244140625,524.0999755859375,527.4000244140625,498.82562255859375,45031
2018-06-26,527.0499877929688,531.5,503.8999938964844,507.20001220703125,479.7200622558594,75645
2018-06-27,506.79998779296875,512.0,475.1000061035156,478.79998779296875,452.8587341308594,100715
2018-06-28,480.0,482.29998779296875,454.04998779296875,460.3999938964844,435.4556579589844,90827
2018-06-29,464.95001220703125,488.54998779296875,463.0,480.75,454.7031555175781,101888
2018-07-02,481.0,494.79998779296875,465.1000061035156,480.25,454.230224609375,73063
2018-07-03,484.0,493.95001220703125,474.3500061035156,477.45001220703125,451.5819396972656,74619
2018-07-04,478.75,486.75,472.0,476.1000061035156,450.3050842285156,80089
2018-07-05,478.0,479.79998779296875,470.1499938964844,476.0,450.21044921875,57295
2018-07-06,473.54998779296875,474.5,456.25,460.75,435.7867126464844,103677
2018-07-09,467.45001220703125,482.0,462.95001220703125,471.5,445.9542541503906,123100
2018-07-10,477.70001220703125,478.1000061035156,466.5,469.1499938964844,443.73162841796875,55584
2018-07-11,466.45001220703125,481.3999938964844,462.29998779296875,468.04998779296875,442.6911926269531,86329
2018-07-12,472.3999938964844,475.8999938964844,464.0,466.20001220703125,440.9414367675781,44802
2018-07-13,469.3999938964844,469.95001220703125,451.54998779296875,454.5,429.8753662109375,47527
2018-07-16,456.0,456.45001220703125,402.04998779296875,411.5,389.2050476074219,112731
2018-07-17,403.29998779296875,436.8500061035156,392.3500061035156,423.3999938964844,400.4603576660156,178271
2018-07-18,426.70001220703125,434.6000061035156,416.20001220703125,426.8999938964844,403.7707214355469,101030
2018-07-19,432.3999938964844,440.1499938964844,424.0,427.1499938964844,404.00714111328125,70781
2018-07-20,420.5,429.79998779296875,415.8500061035156,420.1499938964844,397.3864440917969,47010
2018-07-23,420.0,435.0,412.20001220703125,427.6000061035156,404.43280029296875,84665
2018-07-24,430.3999938964844,451.3999938964844,422.6000061035156,440.70001220703125,416.8230285644531,110643
2018-07-25,444.8999938964844,493.70001220703125,442.0,465.3500061035156,440.13751220703125,499502
2018-07-26,465.0,477.70001220703125,460.1000061035156,468.25,442.88037109375,109899
2018-07-27,465.54998779296875,479.25,461.0,463.95001220703125,438.8133544921875,81030
2018-07-30,466.6499938964844,478.0,463.70001220703125,474.8999938964844,449.1700744628906,68212
2018-07-31,477.95001220703125,478.6000061035156,463.95001220703125,466.5,441.2252197265625,54657
2018-08-01,470.0,489.8500061035156,461.1000061035156,481.95001220703125,455.838134765625,144276
2018-08-02,484.0,504.3999938964844,481.0,499.29998779296875,472.2480773925781,292837
2018-08-03,488.0,489.45001220703125,468.6499938964844,476.45001220703125,450.6361083984375,128082
2018-08-06,478.0,487.0,470.0,477.6000061035156,451.72381591796875,64361
2018-08-07,479.3500061035156,482.6000061035156,463.79998779296875,466.04998779296875,440.79949951171875,49703
2018-08-08,467.5,480.54998779296875,463.0,465.95001220703125,440.7049865722656,88914
2018-08-09,467.8999938964844,474.70001220703125,463.25,465.8999938964844,440.6576843261719,65868
2018-08-10,467.0,467.45001220703125,448.1000061035156,450.29998779296875,425.90289306640625,44407
2018-08-13,446.8999938964844,453.0,430.1499938964844,443.0,418.9984436035156,75738
2018-08-14,443.79998779296875,452.79998779296875,434.04998779296875,437.3999938964844,413.7017822265625,53532
2018-08-16,436.5,452.1499938964844,432.95001220703125,443.25,419.23486328125,79176
2018-08-17,445.8500061035156,455.0,442.6000061035156,444.75,420.653564453125,49013
2018-08-20,453.54998779296875,465.45001220703125,446.20001220703125,448.29998779296875,424.01123046875,75343
2018-08-21,452.0,453.8999938964844,443.0,444.1000061035156,420.038818359375,35192
2018-08-23,445.0,450.70001220703125,438.0,440.5,416.6338806152344,51273
2018-08-24,439.8500061035156,446.6499938964844,431.1499938964844,434.6000061035156,411.05352783203125,33326
2018-08-27,438.8999938964844,439.95001220703125,425.70001220703125,429.20001220703125,405.9460754394531,63717
2018-08-28,430.0,437.95001220703125,425.0,426.1000061035156,403.0140075683594,44414
2018-08-29,426.1000061035156,434.6000061035156,418.54998779296875,420.8500061035156,398.0484924316406,56853
2018-08-30,423.8999938964844,434.0,415.54998779296875,429.45001220703125,406.18255615234375,128673
2018-08-31,434.8999938964844,445.0,422.0,424.8999938964844,401.8790588378906,250183
2018-09-03,428.0,439.1499938964844,427.3500061035156,429.95001220703125,406.65545654296875,140718
2018-09-04,432.70001220703125,434.79998779296875,414.54998779296875,418.29998779296875,395.6365966796875,52401
2018-09-05,418.29998779296875,422.75,409.0,411.6499938964844,389.3469543457031,55402
2018-09-06,413.04998779296875,418.5,409.8500061035156,411.3500061035156,389.06317138671875,45309
2018-09-07,412.95001220703125,442.0,408.1000061035156,429.29998779296875,406.0406799316406,211711
2018-09-10,430.0,444.0,429.0,432.20001220703125,408.7835388183594,100022
2018-09-11,435.20001220703125,436.54998779296875,420.0,424.1000061035156,401.1224060058594,81736
2018-09-12,426.95001220703125,436.75,412.6000061035156,421.04998779296875,398.2376403808594,50456
2018-09-14,424.8999938964844,435.8999938964844,420.5,421.8500061035156,398.99432373046875,37884
2018-09-17,420.0,427.0,415.5,417.45001220703125,394.83270263671875,45519
2018-09-18,419.25,421.45001220703125,406.1499938964844,407.3999938964844,388.7730407714844,42109
2018-09-19,411.0,417.70001220703125,407.04998779296875,408.95001220703125,390.252197265625,35289
2018-09-21,412.8999938964844,412.8999938964844,369.54998779296875,389.20001220703125,371.4051818847656,54995
2018-09-24,391.8999938964844,395.04998779296875,370.1000061035156,374.0,356.900146484375,37298
2018-09-25,374.0,376.75,341.6499938964844,349.29998779296875,333.3294372558594,60208
2018-09-26,355.70001220703125,363.95001220703125,338.54998779296875,340.6000061035156,325.0272521972656,52886
2018-09-27,343.0,346.70001220703125,313.25,319.25,304.65338134765625,41104
2018-09-28,317.8999938964844,324.6499938964844,293.29998779296875,312.1499938964844,297.87799072265625,123147
2018-10-01,317.3999938964844,329.1499938964844,302.0,317.75,303.2219543457031,81446
2018-10-03,320.29998779296875,327.70001220703125,311.0,317.5,302.9833984375,31111
2018-10-04,309.5,315.5,302.54998779296875,310.79998779296875,296.5896911621094,49876
2018-10-05,310.1000061035156,314.04998779296875,300.0,302.1499938964844,288.335205078125,26717
2018-10-08,297.20001220703125,317.70001220703125,297.20001220703125,309.1499938964844,295.0151672363281,43107
2018-10-09,313.0,317.0,308.5,310.70001220703125,296.4942932128906,22166
2018-10-10,313.95001220703125,362.8999938964844,311.0,356.5,340.2002868652344,106837
2018-10-11,342.5,384.0,330.04998779296875,368.8999938964844,352.0332946777344,117444
2018-10-12,374.0,387.95001220703125,371.3500061035156,379.6499938964844,362.29180908203125,55498
2018-10-15,384.25,418.6499938964844,383.5,405.8500061035156,387.29388427734375,139389
2018-10-16,410.20001220703125,428.3999938964844,409.5,420.3999938964844,401.17864990234375,151307
2018-10-17,457.0,474.8999938964844,439.0,444.54998779296875,424.2244873046875,1233945
2018-10-19,444.0,444.0,417.5,423.70001220703125,404.3277893066406,146592
2018-10-22,435.0,454.5,422.0,428.8500061035156,409.2423400878906,169495
2018-10-23,420.0,433.0,414.0,415.6000061035156,396.5981140136719,93828
2018-10-24,420.6000061035156,430.45001220703125,412.29998779296875,414.79998779296875,395.834716796875,64582
2018-10-25,409.8999938964844,413.45001220703125,388.0,391.0,373.12286376953125,83505
2018-10-26,391.0,392.70001220703125,360.04998779296875,364.3999938964844,347.73907470703125,108740
2018-10-29,367.1000061035156,398.8500061035156,367.1000061035156,391.04998779296875,373.1705627441406,116590
2018-10-30,394.20001220703125,408.0,392.3999938964844,395.1499938964844,377.0830993652344,75175
2018-10-31,397.0,397.0,381.0,389.95001220703125,372.1208801269531,44247
2018-11-01,393.29998779296875,402.95001220703125,386.70001220703125,388.25,370.4986267089844,43095
2018-11-02,391.3999938964844,400.0,381.04998779296875,383.1000061035156,365.5840759277344,65259
2018-11-05,383.0,391.8500061035156,377.95001220703125,387.1000061035156,369.4011535644531,34781
2018-11-06,389.0,411.0,386.20001220703125,397.6499938964844,379.4688415527344,94257
2018-11-07,400.95001220703125,401.5,392.45001220703125,395.95001220703125,377.8465270996094,13837
2018-11-09,393.8500061035156,397.5,388.20001220703125,392.04998779296875,374.1248474121094,24248
2018-11-12,395.0,396.79998779296875,380.20001220703125,383.3999938964844,365.870361328125,30948
2018-11-13,383.0,392.0,380.0,381.8999938964844,364.4389343261719,37784
2018-11-14,384.95001220703125,396.3999938964844,378.04998779296875,385.1000061035156,367.49261474609375,60295
2018-11-15,385.1000061035156,392.0,385.1000061035156,387.3500061035156,369.6397705078125,25583
2018-11-16,386.79998779296875,392.0,380.29998779296875,383.20001220703125,365.67950439453125,15555
2018-11-19,384.0,389.6499938964844,377.0,378.95001220703125,361.6238098144531,27467
2018-11-20,379.95001220703125,386.95001220703125,371.79998779296875,373.25,356.1844482421875,32028
2018-11-21,375.0,377.25,368.0,373.25,356.1844482421875,27214
2018-11-22,371.1000061035156,385.0,370.0,371.45001220703125,354.46673583984375,34963
2018-11-26,375.0,378.0,371.0,374.20001220703125,357.09100341796875,26694
2018-11-27,374.0,378.95001220703125,371.20001220703125,375.5,358.3315734863281,26210
2018-11-28,374.54998779296875,380.3999938964844,368.25,374.1000061035156,356.9955749511719,21741
2018-11-29,376.95001220703125,377.79998779296875,370.8999938964844,371.95001220703125,354.9438781738281,12898
2018-11-30,371.3500061035156,376.1499938964844,368.79998779296875,371.04998779296875,354.0849609375,11357
2018-12-03,374.70001220703125,376.0,370.3500061035156,372.3999938964844,355.3732604980469,12924
2018-12-04,371.04998779296875,372.5,363.3500061035156,366.25,349.5044860839844,10670
2018-12-05,363.04998779296875,365.5,357.0,361.70001220703125,345.1624755859375,11528
2018-12-06,359.8500061035156,362.25,348.1499938964844,352.95001220703125,336.8125915527344,18094
2018-12-07,353.0,356.6000061035156,340.95001220703125,343.75,328.0332336425781,15538
2018-12-10,335.0,364.79998779296875,325.0,352.95001220703125,336.8125915527344,52807
2018-12-11,343.1000061035156,357.8999938964844,343.1000061035156,354.6499938964844,338.43487548828125,14804
2018-12-12,360.0,381.75,360.0,376.95001220703125,359.7152404785156,67735
2018-12-13,379.0,432.0,374.0,426.1499938964844,406.6657409667969,742212
2018-12-14,423.8500061035156,435.0,416.5,421.95001220703125,402.65777587890625,345118
2018-12-17,421.0,426.0,408.1000061035156,412.20001220703125,393.3536071777344,80476
2018-12-18,410.0,413.70001220703125,402.1499938964844,404.3999938964844,385.9101867675781,45499
2018-12-19,407.95001220703125,425.5,406.0,411.04998779296875,392.2561340332031,104897
2018-12-20,409.3999938964844,417.95001220703125,405.95001220703125,411.75,392.9241638183594,48944
2018-12-21,413.8999938964844,414.6499938964844,401.1000061035156,402.6499938964844,384.24017333984375,33125
2018-12-24,403.0,407.95001220703125,395.1499938964844,396.5,378.3713684082031,31672
2018-12-26,392.1000061035156,396.04998779296875,382.54998779296875,390.3500061035156,372.5025939941406,29629
2018-12-27,395.1000061035156,423.5,395.1000061035156,413.20001220703125,394.307861328125,192917
2018-12-28,416.8999938964844,418.8999938964844,412.0,413.70001220703125,394.7850036621094,42838
2018-12-31,417.1499938964844,427.3500061035156,413.5,415.6499938964844,396.64581298828125,94055
2019-01-01,418.75,447.0,415.6499938964844,433.3999938964844,413.584228515625,446459
2019-01-02,430.70001220703125,435.5,420.0,421.25,401.98974609375,83941
2019-01-03,424.45001220703125,432.0,418.6000061035156,421.6499938964844,402.3714904785156,66867
2019-01-04,418.20001220703125,429.0,416.04998779296875,425.70001220703125,406.2363586425781,60047
2019-01-07,431.0,433.3999938964844,413.95001220703125,418.54998779296875,399.4132385253906,44183
2019-01-08,420.8500061035156,425.8500061035156,418.5,420.95001220703125,401.7035217285156,28865
2019-01-09,424.0,424.70001220703125,413.6499938964844,415.04998779296875,396.0732421875,26165
2019-01-10,417.70001220703125,441.0,417.70001220703125,425.20001220703125,405.7591857910156,212417
2019-01-11,424.8500061035156,424.8500061035156,411.0,413.1499938964844,394.2601318359375,58224
2019-01-14,412.0,414.8500061035156,407.29998779296875,408.54998779296875,389.8704528808594,27279
2019-01-15,410.20001220703125,418.79998779296875,410.20001220703125,412.54998779296875,393.6875305175781,38874
2019-01-16,414.5,416.3500061035156,408.29998779296875,409.6000061035156,390.8724365234375,42858
2019-01-17,411.29998779296875,420.95001220703125,407.04998779296875,413.8999938964844,394.975830078125,166241
2019-01-18,417.95001220703125,418.70001220703125,405.54998779296875,406.6499938964844,388.0572814941406,35100
2019-01-21,409.95001220703125,418.0,406.6499938964844,408.3500061035156,389.6795654296875,53461
2019-01-22,408.54998779296875,411.5,401.1499938964844,403.3500061035156,384.9082336425781,26730
2019-01-23,403.3500061035156,409.79998779296875,401.0,401.45001220703125,383.0951232910156,45310
2019-01-24,402.0,406.0,392.6499938964844,393.6000061035156,375.60400390625,26712
2019-01-25,393.25,399.79998779296875,380.0,383.20001220703125,365.67950439453125,47537
2019-01-28,384.0,389.75,368.29998779296875,372.29998779296875,355.2778625488281,34888
2019-01-29,372.0,380.0,366.0,372.6000061035156,355.5641174316406,27294
2019-01-30,383.0,387.6000061035156,378.0,384.25,366.68145751953125,32437
2019-01-31,389.8999938964844,411.0,385.04998779296875,399.8500061035156,381.5682067871094,108812
2019-02-01,410.0,415.0,396.5,398.75,380.5185241699219,127911
2019-02-04,400.5,403.8999938964844,388.54998779296875,390.29998779296875,372.4548034667969,28513
2019-02-05,390.54998779296875,394.0,383.20001220703125,384.1000061035156,366.538330078125,26471
2019-02-06,382.1499938964844,404.0,382.1499938964844,398.54998779296875,380.3276062011719,37917
2019-02-07,400.0,403.75,396.04998779296875,397.6499938964844,379.4688415527344,30786
2019-02-08,397.6499938964844,397.6499938964844,385.04998779296875,387.29998779296875,369.592041015625,19914
2019-02-11,390.0,396.6000061035156,382.0,393.1499938964844,375.174560546875,35076
2019-02-12,393.20001220703125,397.0,381.1000061035156,387.5,369.78289794921875,94318
2019-02-14,376.5,376.5,362.0,363.95001220703125,347.3096618652344,36630
2019-02-15,365.0,366.79998779296875,348.04998779296875,350.29998779296875,334.2837219238281,37807
2019-02-18,352.79998779296875,353.95001220703125,349.20001220703125,350.3500061035156,334.3314514160156,22445
2019-02-19,350.3500061035156,378.5,348.04998779296875,365.29998779296875,348.5978698730469,100837
2019-02-20,372.0,375.45001220703125,364.25,367.6499938964844,350.8404541015625,49713
2019-02-21,370.6000061035156,376.95001220703125,370.6000061035156,373.45001220703125,356.37530517578125,37054
2019-02-22,372.8999938964844,377.0,368.5,372.0,354.9915771484375,28108
2019-02-25,372.0,387.5,372.0,382.1499938964844,364.677490234375,63096
2019-02-26,378.95001220703125,378.95001220703125,365.0,372.29998779296875,355.2778625488281,51572
2019-02-27,375.95001220703125,379.0,361.6499938964844,365.70001220703125,348.9796447753906,30844
2019-02-28,368.3999938964844,372.70001220703125,365.25,370.20001220703125,353.27392578125,20549
2019-03-01,367.6000061035156,375.95001220703125,364.0,367.8999938964844,351.07904052734375,49736
2019-03-05,367.70001220703125,403.3999938964844,367.5,394.0,375.9857177734375,296070
2019-03-06,396.0,398.3500061035156,383.0,386.54998779296875,368.87628173828125,60845
2019-03-07,386.8999938964844,396.79998779296875,381.0,388.1000061035156,370.35546875,78203
2019-03-08,387.0,389.95001220703125,380.0,380.8500061035156,363.4369201660156,28824
2019-03-11,383.3999938964844,397.0,382.0,392.0,374.0771484375,92253
2019-03-12,393.6000061035156,397.70001220703125,383.79998779296875,385.3999938964844,367.7789001464844,47746
2019-03-13,386.45001220703125,407.0,382.3500061035156,397.25,379.08709716796875,265542
2019-03-14,397.25,404.8999938964844,391.8999938964844,400.6499938964844,382.3316345214844,81475
2019-03-15,404.0,411.75,390.1499938964844,394.8500061035156,376.7968444824219,157063
2019-03-18,395.8999938964844,399.8999938964844,391.0,396.0,377.8942565917969,61403
2019-03-19,391.04998779296875,397.0,388.0,388.75,370.9757080078125,28578
2019-03-20,389.5,397.95001220703125,386.95001220703125,387.54998779296875,369.8305969238281,40785
2019-03-22,388.0,393.95001220703125,384.0,384.8500061035156,367.2540588378906,25418
2019-03-25,376.0,382.75,374.0,377.8500061035156,360.5741271972656,27240
2019-03-26,374.5,386.79998779296875,372.54998779296875,380.70001220703125,363.2937927246094,36649
2019-03-27,382.95001220703125,390.0,379.0,380.5,363.1029357910156,55971
2019-03-28,384.29998779296875,389.79998779296875,380.0,383.20001220703125,365.67950439453125,25631
2019-04-01,399.3999938964844,423.5,398.5,415.04998779296875,396.0732421875,298110
2019-04-02,419.5,452.0,417.0,445.04998779296875,424.70159912109375,430079
2019-04-03,454.29998779296875,462.25,436.1499938964844,440.8500061035156,420.693603515625,184248
2019-04-04,441.0,448.6000061035156,436.20001220703125,444.04998779296875,423.747314453125,83919
2019-04-05,445.0,454.8999938964844,439.79998779296875,443.04998779296875,422.79302978515625,70606
2019-04-08,447.6000061035156,455.0,442.70001220703125,452.1499938964844,431.4770202636719,57980
2019-04-09,455.1000061035156,455.5,442.1000061035156,450.29998779296875,429.7115783691406,36399
2019-04-10,450.0,465.0,450.0,459.75,438.7295227050781,101732
2019-04-11,458.79998779296875,462.0,450.8500061035156,452.29998779296875,431.6201171875,29537
2019-04-12,452.1000061035156,458.0,445.0,445.95001220703125,425.5605163574219,39758
2019-04-15,447.70001220703125,450.0,437.1499938964844,445.75,425.3695983886719,51130
2019-04-16,443.04998779296875,449.95001220703125,437.0,439.25,419.16680908203125,26824
2019-04-18,439.0,443.1499938964844,419.25,424.29998779296875,404.90032958984375,51914
2019-04-22,420.04998779296875,422.79998779296875,405.04998779296875,406.8500061035156,388.2481689453125,18370
2019-04-23,408.6000061035156,428.0,406.0,421.29998779296875,402.0374450683594,47674
2019-04-24,425.70001220703125,432.0,422.3500061035156,424.95001220703125,405.5206604003906,19141
2019-04-25,425.3999938964844,431.8500061035156,420.79998779296875,425.5,406.0454406738281,17301
2019-04-26,429.0,429.0,415.20001220703125,418.79998779296875,399.65179443359375,9131
2019-04-30,418.79998779296875,419.95001220703125,410.0,413.70001220703125,394.7850036621094,14530
2019-05-02,414.54998779296875,448.0,407.6000061035156,440.1499938964844,420.025634765625,72811
2019-05-03,445.0,458.8999938964844,434.5,437.1000061035156,417.1151123046875,46121
2019-05-06,431.0,450.0,430.8999938964844,444.6499938964844,424.3199157714844,33335
2019-05-07,450.0,455.0,440.0,440.79998779296875,420.6459045410156,25395
2019-05-08,436.54998779296875,444.0,425.29998779296875,430.20001220703125,410.53057861328125,19777
2019-05-09,425.8999938964844,438.1000061035156,419.6000061035156,427.5,407.9539794921875,29125
2019-05-10,425.0,449.45001220703125,425.0,429.75,410.10113525390625,126136
2019-05-13,428.54998779296875,433.70001220703125,401.0,405.0,386.4827880859375,39834
2019-05-14,400.95001220703125,412.0,396.1000061035156,406.04998779296875,387.4847412109375,38127
2019-05-15,410.95001220703125,414.1000061035156,401.5,404.8999938964844,386.3873596191406,21797
2019-05-16,405.0,405.0,396.1000061035156,401.54998779296875,383.19049072265625,23299
2019-05-17,400.79998779296875,403.6000061035156,396.1000061035156,398.5,380.2799377441406,21918
2019-05-20,412.8999938964844,421.70001220703125,403.04998779296875,413.6499938964844,394.73724365234375,28709
2019-05-21,419.0,424.3500061035156,413.20001220703125,414.54998779296875,395.5960998535156,15978
2019-05-22,415.04998779296875,418.95001220703125,409.04998779296875,410.3999938964844,391.6358337402344,17205
2019-05-23,419.8999938964844,422.1000061035156,405.1499938964844,409.1000061035156,390.39532470703125,43436
2019-05-24,411.6000061035156,427.0,405.8999938964844,424.5,405.0911865234375,47963
2019-05-27,425.29998779296875,464.0,425.29998779296875,453.25,432.5267028808594,182690
2019-05-28,450.04998779296875,457.45001220703125,438.5,441.25,421.07537841796875,32454
2019-05-29,442.6499938964844,451.75,440.0,443.45001220703125,423.1747741699219,42088
2019-05-30,443.0,473.79998779296875,443.0,464.25,443.02374267578125,240439
2019-05-31,475.0,480.0,451.1000061035156,454.0,433.2424011230469,136842
2019-06-03,453.8999938964844,463.5,443.3500061035156,457.29998779296875,436.3915100097656,44315
2019-06-04,453.20001220703125,460.3999938964844,448.0,450.3999938964844,429.8070068359375,18415
2019-06-06,450.5,453.0,425.25,427.3500061035156,407.8108825683594,41971
2019-06-07,427.3500061035156,443.29998779296875,417.20001220703125,422.1000061035156,402.8009338378906,39342
2019-06-10,423.0,432.6499938964844,423.0,426.45001220703125,406.9520568847656,22918
2019-06-11,427.0,431.79998779296875,424.8999938964844,427.3500061035156,407.8108825683594,16437
2019-06-12,433.95001220703125,444.6000061035156,433.8999938964844,435.3500061035156,415.4450988769531,56633
2019-06-13,434.8500061035156,439.0,427.04998779296875,432.75,412.9639892578125,22534
2019-06-14,432.79998779296875,437.5,428.0,429.25,409.6239929199219,12644
2019-06-17,434.3999938964844,434.3999938964844,407.04998779296875,409.54998779296875,390.8247375488281,30966
2019-06-18,409.54998779296875,422.54998779296875,409.54998779296875,411.79998779296875,392.9718322753906,26692
2019-06-19,415.95001220703125,422.04998779296875,391.29998779296875,396.6499938964844,378.5145263671875,38497
2019-06-20,403.95001220703125,405.5,389.0,402.95001220703125,384.5265197753906,42820
2019-06-21,403.1499938964844,408.70001220703125,397.1000061035156,399.79998779296875,381.5204772949219,23044
2019-06-24,403.0,408.79998779296875,395.6000061035156,400.79998779296875,382.47479248046875,22883
2019-06-25,402.79998779296875,408.0,398.54998779296875,405.04998779296875,386.5304870605469,17212
2019-06-26,408.0,410.45001220703125,402.8500061035156,406.04998779296875,387.4847412109375,16607
2019-06-27,408.04998779296875,413.95001220703125,400.1000061035156,404.25,385.7670593261719,22329
2019-06-28,407.6000061035156,410.5,400.25,401.54998779296875,383.19049072265625,15674
2019-07-01,403.6000061035156,408.8500061035156,398.5,400.1000061035156,381.8067932128906,23509
2019-07-02,401.70001220703125,403.0,397.25,398.3999938964844,380.18450927734375,17515
2019-07-03,400.1000061035156,414.0,399.0,406.5,387.9141845703125,87213
2019-07-04,407.0,420.3999938964844,405.70001220703125,412.8999938964844,394.0215759277344,238618
2019-07-05,414.79998779296875,417.8999938964844,388.29998779296875,392.0,374.0771484375,109771
2019-07-08,387.0,387.8500061035156,361.54998779296875,364.8999938964844,348.2161865234375,56494
2019-07-09,364.0,374.45001220703125,361.1499938964844,369.5,352.6058654785156,23661
2019-07-10,371.25,374.8999938964844,366.0,367.1499938964844,350.36328125,20741
2019-07-11,370.0,372.0,350.04998779296875,357.29998779296875,340.96368408203125,35853
2019-07-12,359.0,367.0,353.75,358.70001220703125,342.2996826171875,21398
2019-07-15,360.8999938964844,366.8999938964844,353.0,353.3999938964844,337.2419738769531,12749
2019-07-16,354.75,358.79998779296875,350.0,354.45001220703125,338.2440185546875,15669
2019-07-17,354.0,365.79998779296875,350.0,356.0,339.7231140136719,58384
2019-07-18,353.1000061035156,368.0,351.0,355.25,339.0074157714844,26112
2019-07-19,355.6000061035156,361.0,347.04998779296875,348.8500061035156,332.9000549316406,24178
2019-07-22,345.1499938964844,350.0,289.54998779296875,320.1499938964844,305.51220703125,44869
2019-07-23,320.8500061035156,324.75,314.1499938964844,319.04998779296875,304.4625244140625,19875
2019-07-24,318.0,324.04998779296875,308.20001220703125,310.29998779296875,296.1125793457031,28776
2019-07-25,311.75,332.0,310.0,314.5,300.1205749511719,44375
2019-07-26,314.79998779296875,322.8999938964844,308.0,311.3999938964844,297.1623229980469,22191
2019-07-29,311.3999938964844,316.0,297.0,299.29998779296875,285.6155090332031,34158
2019-07-30,299.25,304.6000061035156,288.20001220703125,289.95001220703125,276.69305419921875,24145
2019-07-31,288.0,293.95001220703125,284.0,286.45001220703125,273.3530578613281,22052
2019-08-01,284.04998779296875,288.20001220703125,274.1000061035156,277.6499938964844,264.9554138183594,22748
2019-08-02,272.0,282.0,267.25,276.45001220703125,263.810302734375,26219
2019-08-05,276.0,276.0,257.0,258.75,246.91954040527344,30214
2019-08-06,255.10000610351562,265.25,255.10000610351562,259.95001220703125,248.064697265625,34405
2019-08-07,259.54998779296875,269.8999938964844,252.10000610351562,256.25,244.5338592529297,28676
2019-08-08,257.0,264.0,252.10000610351562,260.54998779296875,248.63722229003906,17012
2019-08-09,262.20001220703125,287.6000061035156,262.20001220703125,278.70001220703125,265.9574279785156,58068
2019-08-13,269.8999938964844,277.04998779296875,256.0,265.79998779296875,253.64720153808594,66139
2019-08-14,271.70001220703125,281.0,270.04998779296875,278.29998779296875,265.5757141113281,35497
2019-08-16,280.0,306.70001220703125,277.95001220703125,291.45001220703125,278.1244812011719,118855
2019-08-19,291.5,304.75,291.5,299.20001220703125,285.5201110839844,35653
2019-08-20,297.75,300.75,282.0,284.0,271.01507568359375,31640
2019-08-21,280.6000061035156,294.0,275.1000061035156,287.20001220703125,274.0687561035156,68824
2019-08-22,287.3500061035156,290.3500061035156,276.04998779296875,277.3500061035156,264.6691589355469,15444
2019-08-23,278.0,285.0,270.1000061035156,281.79998779296875,268.9156494140625,23248
2019-08-26,285.0,287.8999938964844,279.95001220703125,282.0,269.1065368652344,30234
2019-08-27,284.8999938964844,290.79998779296875,282.1499938964844,284.29998779296875,271.3013610839844,26542
2019-08-28,284.8500061035156,288.6000061035156,280.0,281.75,268.867919921875,13318
2019-08-29,280.20001220703125,283.6499938964844,271.95001220703125,275.1499938964844,262.5697021484375,10058
2019-08-30,279.8500061035156,279.8500061035156,266.3999938964844,271.04998779296875,258.6571350097656,14080
2019-09-03,272.6000061035156,272.6000061035156,267.6000061035156,270.1000061035156,257.7506103515625,9711
2019-09-04,266.0,277.0,266.0,273.3500061035156,260.85198974609375,10618
2019-09-05,273.45001220703125,284.79998779296875,272.0,281.04998779296875,268.1999206542969,15541
2019-09-06,281.6000061035156,310.95001220703125,279.8999938964844,303.29998779296875,289.4326477050781,277252
2019-09-09,303.8500061035156,322.0,297.1000061035156,318.45001220703125,303.88995361328125,117611
2019-09-11,318.20001220703125,320.95001220703125,313.54998779296875,314.54998779296875,300.16827392578125,29975
2019-09-12,312.1000061035156,327.54998779296875,312.1000061035156,315.45001220703125,301.0271301269531,56979
2019-09-13,316.95001220703125,319.0,311.0,312.6000061035156,298.30743408203125,23500
2019-09-16,308.0,312.5,300.1000061035156,307.79998779296875,293.7269287109375,20898
2019-09-17,308.95001220703125,316.8999938964844,300.0,303.0,289.1463623046875,24481
2019-09-18,303.1000061035156,318.0,301.3500061035156,310.79998779296875,301.56610107421875,28092
2019-09-19,312.95001220703125,312.95001220703125,301.04998779296875,302.70001220703125,293.7067565917969,15422
2019-09-20,305.0,315.0,301.0,310.95001220703125,301.7116394042969,28652
2019-09-23,314.70001220703125,319.0,307.1000061035156,310.6499938964844,301.4205627441406,22508
2019-09-24,310.0,315.0,307.20001220703125,308.54998779296875,299.3829040527344,21887
2019-09-25,311.0,311.1499938964844,299.3999938964844,299.8999938964844,290.9898986816406,14607
2019-09-26,302.6000061035156,308.0,299.70001220703125,301.1000061035156,292.1542663574219,12416
2019-09-27,301.1499938964844,307.3999938964844,296.0,296.8500061035156,288.030517578125,12021
2019-09-30,298.8999938964844,300.3999938964844,286.8500061035156,288.95001220703125,280.3652648925781,23042
2019-10-01,291.6499938964844,294.6499938964844,275.70001220703125,281.3500061035156,272.99102783203125,15314
2019-10-03,280.0,280.5,269.5,271.79998779296875,263.7247314453125,15093
2019-10-04,273.75,273.79998779296875,264.20001220703125,266.25,258.3396301269531,13517
2019-10-07,268.3500061035156,268.8999938964844,260.20001220703125,261.95001220703125,254.16744995117188,13386
2019-10-09,262.0,272.0,258.3999938964844,266.20001220703125,258.2911682128906,15444
2019-10-10,268.95001220703125,268.95001220703125,257.0,259.20001220703125,251.49913024902344,12834
2019-10-11,262.0,268.0,255.14999389648438,258.0,250.33477783203125,10441
2019-10-14,257.79998779296875,266.0,257.79998779296875,261.20001220703125,253.43972778320312,13551
2019-10-15,262.5,287.45001220703125,262.5,272.8500061035156,264.7436218261719,202442
2019-10-16,275.8999938964844,290.79998779296875,270.20001220703125,282.25,273.8642883300781,112081
2019-10-17,281.79998779296875,284.70001220703125,276.5,279.1499938964844,270.85638427734375,19972
2019-10-18,280.8999938964844,288.8999938964844,275.20001220703125,276.8999938964844,268.6732482910156,26122
2019-10-22,271.5,284.8999938964844,271.5,275.45001220703125,267.266357421875,35343
2019-10-23,276.0,282.0,268.20001220703125,269.79998779296875,261.7841491699219,40114
2019-10-24,272.5,276.0,263.0,264.45001220703125,256.5931701660156,19916
2019-10-25,265.25,267.6000061035156,255.1999969482422,260.45001220703125,252.71197509765625,22886
2019-10-27,263.6000061035156,263.6000061035156,258.0,261.04998779296875,253.29415893554688,4588
2019-10-29,263.70001220703125,271.0,257.1000061035156,258.70001220703125,251.01397705078125,31720
2019-10-30,260.79998779296875,268.29998779296875,256.0,257.75,250.09219360351562,34561
2019-10-31,259.8999938964844,268.8999938964844,259.0,261.8500061035156,254.07037353515625,51490
2019-11-01,263.95001220703125,267.0,260.04998779296875,261.54998779296875,253.77928161621094,20692
2019-11-04,263.0,265.45001220703125,259.0,260.3500061035156,252.61495971679688,20301
2019-11-05,260.0,264.45001220703125,258.6000061035156,261.8999938964844,254.118896484375,23263
2019-11-06,263.70001220703125,263.70001220703125,258.0,258.3500061035156,250.67437744140625,13595
2019-11-07,259.5,261.0,257.6499938964844,258.3500061035156,250.67437744140625,15285
2019-11-08,255.5,258.0,250.0,251.8000030517578,244.31898498535156,19880
2019-11-11,251.89999389648438,253.5,241.10000610351562,244.25,236.9932861328125,45637
2019-11-13,241.35000610351562,248.89999389648438,239.10000610351562,240.10000610351562,232.96658325195312,35981
2019-11-14,241.0,258.8999938964844,217.5,224.64999389648438,217.97560119628906,208033
2019-11-15,221.9499969482422,221.9499969482422,208.0500030517578,209.85000610351562,203.61532592773438,100794
2019-11-18,213.89999389648438,223.5500030517578,204.0,205.85000610351562,199.73416137695312,117189
2019-11-19,207.4499969482422,220.0,206.0,215.5500030517578,209.14598083496094,72958
2019-11-20,217.3000030517578,225.39999389648438,214.5500030517578,217.0500030517578,210.60140991210938,48516
2019-11-21,214.9499969482422,224.5,214.9499969482422,218.35000610351562,211.86279296875,33458
2019-11-22,226.9499969482422,231.60000610351562,222.0,226.60000610351562,219.86769104003906,90147
2019-11-25,227.5,229.0,222.10000610351562,223.3000030517578,216.66571044921875,23126
2019-11-26,224.9499969482422,226.0,215.4499969482422,217.35000610351562,210.8925018310547,23882
2019-11-27,218.6999969482422,225.6999969482422,216.35000610351562,221.85000610351562,215.25880432128906,59787
2019-11-28,223.3000030517578,223.3000030517578,215.5,216.1999969482422,209.7766571044922,21370
2019-11-29,216.1999969482422,224.5500030517578,212.6999969482422,218.4499969482422,211.95980834960938,32143
2019-12-02,219.85000610351562,224.89999389648438,216.5,218.6999969482422,212.202392578125,23580
2019-12-03,218.0,220.3000030517578,212.60000610351562,214.75,208.36973571777344,18744
2019-12-04,214.75,218.85000610351562,213.0,214.14999389648438,207.7875518798828,13046
2019-12-05,215.8000030517578,222.5,213.0,213.5500030517578,207.2053985595703,14191
2019-12-06,214.89999389648438,217.64999389648438,206.0,207.25,201.0925750732422,17714
2019-12-09,206.5,207.8000030517578,201.14999389648438,203.10000610351562,197.06585693359375,14052
2019-12-10,201.8000030517578,212.0,198.0,203.60000610351562,197.55101013183594,62146
2019-12-11,203.60000610351562,214.0,203.60000610351562,206.3000030517578,200.17079162597656,28465
2019-12-12,204.8000030517578,210.39999389648438,203.1999969482422,204.8000030517578,198.71534729003906,10776
2019-12-13,205.0,209.75,200.6999969482422,204.4499969482422,198.37574768066406,15670
2019-12-16,206.3000030517578,206.39999389648438,197.75,199.39999389648438,193.47579956054688,24711
2019-12-17,200.89999389648438,203.5,199.0,200.89999389648438,194.9312286376953,14417
2019-12-18,202.35000610351562,202.35000610351562,198.0,198.6999969482422,192.7965850830078,14610
2019-12-19,198.6999969482422,222.0,197.0,211.5,205.21627807617188,302086
2019-12-20,212.0,213.5,204.4499969482422,206.4499969482422,200.3163299560547,45000
2019-12-23,205.0,215.64999389648438,205.0,207.75,201.57769775390625,36857
2019-12-24,209.0,211.5,202.10000610351562,203.9499969482422,197.89060974121094,25001
2019-12-26,204.10000610351562,209.35000610351562,201.35000610351562,202.14999389648438,196.14407348632812,36396
2019-12-27,204.35000610351562,206.89999389648438,201.0,201.75,195.75599670410156,23325
2019-12-30,203.4499969482422,204.5,199.10000610351562,199.6999969482422,193.76687622070312,25221
2019-12-31,200.3000030517578,200.9499969482422,196.10000610351562,197.0,191.14710998535156,29013
2020-01-01,198.0,202.6999969482422,197.60000610351562,198.89999389648438,192.99063110351562,18787
2020-01-02,199.85000610351562,227.0,198.39999389648438,221.35000610351562,214.77365112304688,508292
2020-01-03,219.60000610351562,219.89999389648438,211.1999969482422,213.6999969482422,207.35092163085938,104013
2020-01-06,212.0,213.6999969482422,202.0,202.85000610351562,196.8232879638672,55579
2020-01-07,206.9499969482422,208.89999389648438,203.10000610351562,204.60000610351562,198.52130126953125,19984
2020-01-08,200.0,211.89999389648438,199.0,203.4499969482422,197.40545654296875,59618
2020-01-09,206.10000610351562,244.10000610351562,206.10000610351562,244.10000610351562,236.84774780273438,927998
2020-01-10,263.25,286.0,261.0,274.54998779296875,266.39306640625,2527763
2020-01-13,274.95001220703125,274.95001220703125,254.10000610351562,262.54998779296875,254.7495880126953,561810
2020-01-14,264.95001220703125,283.79998779296875,259.1000061035156,265.1499938964844,257.2723083496094,495918
2020-01-15,266.54998779296875,270.0,262.0,264.54998779296875,256.6901550292969,128738
2020-01-16,267.8999938964844,272.0,262.5,266.3999938964844,258.4851989746094,102568
2020-01-17,268.0,273.3500061035156,261.0,266.79998779296875,258.8733215332031,132348
2020-01-20,266.79998779296875,268.70001220703125,255.25,256.75,249.1219024658203,61141
2020-01-21,254.89999389648438,255.64999389648438,248.0,249.14999389648438,241.74769592285156,77108
2020-01-22,250.25,269.5,248.5500030517578,266.8999938964844,258.9703674316406,1022044
2020-01-23,267.70001220703125,272.79998779296875,262.0,263.3500061035156,255.52584838867188,283823
2020-01-24,262.70001220703125,269.70001220703125,259.29998779296875,263.1499938964844,255.3317413330078,94355
2020-01-27,259.95001220703125,265.95001220703125,258.0,259.29998779296875,251.5961456298828,61610
2020-01-28,259.45001220703125,265.0,245.3000030517578,248.14999389648438,240.7774200439453,85989
2020-01-29,249.3000030517578,258.3999938964844,249.3000030517578,252.60000610351562,245.09521484375,68520
2020-01-30,252.1999969482422,259.45001220703125,250.25,253.35000610351562,245.82293701171875,64100
2020-01-31,253.64999389648438,257.20001220703125,242.75,243.9499969482422,236.70220947265625,62732
2020-02-03,301.1499938964844,307.79998779296875,263.25,268.3999938964844,260.42578125,1482017
2020-02-04,271.5,282.0,266.25,271.8500061035156,263.7732849121094,457498
2020-02-05,274.0,287.0,271.3500061035156,275.54998779296875,267.36334228515625,461708
2020-02-06,277.45001220703125,279.8999938964844,269.6000061035156,271.45001220703125,263.38519287109375,174170
2020-02-07,271.29998779296875,282.0,270.5,274.1499938964844,266.00494384765625,234573
2020-02-10,274.1499938964844,274.1499938964844,265.54998779296875,266.95001220703125,259.0188903808594,99889
2020-02-11,268.20001220703125,273.95001220703125,264.20001220703125,265.70001220703125,257.8060302734375,92638
2020-02-12,265.5,269.5,258.3999938964844,260.1000061035156,252.37240600585938,99600
2020-02-13,259.25,261.8999938964844,249.25,254.25,246.6962127685547,84670
2020-02-14,255.10000610351562,263.0,248.0,251.35000610351562,243.88235473632812,127778
2020-02-17,239.25,256.0,228.6999969482422,250.1999969482422,242.76651000976562,262422
2020-02-18,246.25,263.6499938964844,246.25,253.0,245.48333740234375,233958
2020-02-19,254.10000610351562,261.04998779296875,251.0,255.0,247.42391967773438,90526
2020-02-20,255.5,260.79998779296875,247.0,247.75,240.38929748535156,127484
2020-02-24,247.0,247.0,235.5500030517578,239.5,232.3843994140625,70156
2020-02-25,241.0,244.75,231.0,232.8000030517578,225.8834686279297,59096
2020-02-26,232.89999389648438,233.3000030517578,225.5500030517578,227.0,220.25579833984375,60705
2020-02-27,227.5500030517578,229.1999969482422,218.0500030517578,220.64999389648438,214.09445190429688,58120
2020-02-28,210.10000610351562,213.4499969482422,203.14999389648438,205.6999969482422,199.588623046875,92451
2020-03-02,210.0,215.5,196.0,200.6999969482422,194.73716735839844,65246
2020-03-03,205.0,208.5500030517578,198.0,204.0500030517578,197.98764038085938,53177
2020-03-04,203.0,204.75,188.1999969482422,195.14999389648438,189.35203552246094,63148
2020-03-05,201.0,204.39999389648438,195.5,199.25,193.3302459716797,67120
2020-03-06,186.25,198.0,186.25,196.10000610351562,190.27383422851562,45603
2020-03-09,193.14999389648438,193.14999389648438,175.0500030517578,177.6999969482422,172.42050170898438,87465
2020-03-11,175.5500030517578,183.9499969482422,171.0,172.6999969482422,167.5690460205078,66684
2020-03-12,166.6999969482422,166.6999969482422,140.3000030517578,143.1999969482422,138.94549560546875,124273
2020-03-13,132.25,157.5,129.0,145.0,140.6920166015625,118672
2020-03-16,142.5,142.5,130.5,130.5,126.62281799316406,84734
2020-03-17,127.0,128.0,117.44999694824219,117.44999694824219,113.96054077148438,131035
2020-03-18,115.5999984741211,129.0,108.0,113.5,110.12789916992188,102439
2020-03-19,109.94999694824219,116.5,106.30000305175781,108.0,104.79129791259766,59318
2020-03-20,113.0,113.4000015258789,111.05000305175781,113.4000015258789,110.03086853027344,18417
2020-03-23,108.0999984741211,114.5999984741211,107.75,107.75,104.5487289428711,20386
2020-03-24,110.0,112.5,103.0,104.9000015258789,101.78340911865234,27116
2020-03-25,106.0,109.0999984741211,101.0,107.8499984741211,104.645751953125,19054
2020-03-26,110.0,113.19999694824219,105.05000305175781,113.19999694824219,109.83680725097656,21723
2020-03-27,118.8499984741211,118.8499984741211,113.5999984741211,115.3499984741211,111.92292785644531,43049
2020-03-30,112.0,116.4000015258789,109.75,113.4000015258789,110.03086853027344,32220
2020-03-31,116.0,118.9000015258789,113.0999984741211,117.9000015258789,114.39717102050781,29740
2020-04-01,117.9000015258789,117.9000015258789,112.05000305175781,112.5,109.15760803222656,26109
2020-04-03,115.9000015258789,115.9000015258789,110.4000015258789,114.05000305175781,110.66156005859375,14599
2020-04-07,119.4000015258789,119.4000015258789,116.05000305175781,118.05000305175781,114.542724609375,37524
2020-04-08,118.9000015258789,121.0,116.0999984741211,118.4000015258789,114.88231658935547,34075
2020-04-09,130.1999969482422,130.1999969482422,130.1999969482422,130.1999969482422,126.33173370361328,14650
2020-04-13,142.89999389648438,143.1999969482422,134.0,143.1999969482422,138.94549560546875,70236
2020-04-15,157.5,157.5,157.5,157.5,152.82064819335938,14298
2020-04-16,165.35000610351562,165.35000610351562,165.35000610351562,165.35000610351562,160.43743896484375,3820
2020-04-17,173.60000610351562,173.60000610351562,173.60000610351562,173.60000610351562,168.44232177734375,8390
2020-04-20,182.25,182.25,182.25,182.25,176.83531188964844,6857
2020-04-21,189.89999389648438,191.35000610351562,173.14999389648438,180.5,175.13731384277344,230666
2020-04-22,176.5500030517578,178.89999389648438,171.5,172.0500030517578,166.93836975097656,40341
2020-04-23,170.0,170.0,163.4499969482422,163.4499969482422,158.5938720703125,9638
2020-04-24,155.3000030517578,171.60000610351562,155.3000030517578,157.75,153.06321716308594,33780
2020-04-27,165.0,165.60000610351562,165.0,165.60000610351562,160.6800079345703,18604
2020-04-28,173.85000610351562,173.85000610351562,160.10000610351562,172.8000030517578,167.66607666015625,24376
2020-04-29,170.9499969482422,175.0,165.0,170.0,164.94927978515625,18895
2020-04-30,170.8000030517578,173.0,166.0,167.0500030517578,162.08692932128906,13182
2020-05-04,160.0500030517578,164.39999389648438,158.6999969482422,159.0500030517578,154.32460021972656,13937
2020-05-05,159.0500030517578,162.5,154.0,155.1999969482422,150.5889892578125,8040
2020-05-06,155.1999969482422,161.0,153.0,154.60000610351562,150.00682067871094,10131
2020-05-07,154.0,160.0,151.0,152.4499969482422,147.92068481445312,8092
2020-05-08,152.4499969482422,157.89999389648438,144.89999389648438,148.0500030517578,143.65139770507812,8403
2020-05-11,149.0,152.0,143.64999389648438,145.25,140.93460083007812,7731
2020-05-12,149.0,149.0,138.0,140.39999389648438,136.22869873046875,11694
2020-05-13,147.0,147.39999389648438,145.4499969482422,147.39999389648438,143.02072143554688,25367
2020-05-14,151.89999389648438,154.75,151.89999389648438,154.75,150.15235900878906,32012
2020-05-15,161.0,161.1999969482422,150.0,155.9499969482422,151.31671142578125,24638
2020-05-18,151.25,157.64999389648438,148.1999969482422,148.1999969482422,143.79693603515625,6397
2020-05-19,141.10000610351562,149.89999389648438,140.8000030517578,141.25,137.05343627929688,14253
2020-05-20,141.25,147.75,138.0,139.75,135.59800720214844,33286
2020-05-21,143.8000030517578,146.6999969482422,140.5,142.39999389648438,138.1692657470703,19417
2020-05-22,148.5,148.9499969482422,139.0,140.3000030517578,136.1316680908203,25295
2020-05-26,141.5,146.85000610351562,141.5,144.0,139.7217254638672,19579
2020-05-27,146.89999389648438,151.1999969482422,139.10000610351562,141.8000030517578,137.58709716796875,263047
2020-05-28,143.75,143.75,138.85000610351562,139.89999389648438,135.7435302734375,44609
2020-05-29,140.0500030517578,146.6999969482422,138.14999389648438,142.25,138.0237274169922,90130
2020-06-01,146.4499969482422,149.35000610351562,143.25,149.35000610351562,144.91278076171875,39324
2020-06-02,156.8000030517578,156.8000030517578,153.0,156.8000030517578,152.14144897460938,107869
2020-06-03,159.0,162.5,152.14999389648438,152.9499969482422,148.40582275390625,118114
2020-06-04,151.89999389648438,158.35000610351562,151.89999389648438,153.14999389648438,148.59988403320312,49938
2020-06-05,155.85000610351562,164.5,155.85000610351562,162.4499969482422,157.6235809326172,94092
2020-06-08,162.4499969482422,174.60000610351562,162.4499969482422,166.9499969482422,161.9898681640625,107968
2020-06-09,169.89999389648438,174.0,156.5500030517578,160.1999969482422,155.44041442871094,70081
2020-06-10,160.5,164.10000610351562,156.25,158.1999969482422,153.49984741210938,51552
2020-06-11,158.10000610351562,174.0,156.25,174.0,168.83042907714844,214344
2020-06-12,166.5,191.39999389648438,164.10000610351562,191.14999389648438,185.47088623046875,911246
2020-06-15,195.5500030517578,207.0,185.5,196.5,190.6619415283203,591081
2020-06-16,200.0,206.8000030517578,181.25,192.3000030517578,186.5867462158203,243737
2020-06-17,189.9499969482422,196.89999389648438,185.0,189.64999389648438,184.0154571533203,74141
2020-06-18,182.0,190.10000610351562,180.5,188.14999389648438,182.56004333496094,19681
2020-06-19,188.14999389648438,192.4499969482422,181.0,183.0500030517578,177.61155700683594,27935
2020-06-22,188.6999969482422,188.6999969482422,175.0,183.0,177.56304931640625,23178
2020-06-23,184.0,188.5,179.5,184.35000610351562,178.8729248046875,13868
2020-06-24,186.0,192.0,183.0,184.5,179.01846313476562,43343
2020-06-25,180.3000030517578,186.9499969482422,180.0,182.6999969482422,177.27195739746094,24197
2020-06-26,182.6999969482422,186.75,179.10000610351562,181.3000030517578,175.91355895996094,27446
2020-06-29,180.0,180.0,172.25,173.0500030517578,167.90866088867188,31664
2020-06-30,170.0,171.3000030517578,164.39999389648438,165.1999969482422,160.29188537597656,44593
2020-07-01,168.9499969482422,168.9499969482422,161.10000610351562,165.35000610351562,160.43743896484375,16806
2020-07-02,165.10000610351562,169.89999389648438,163.64999389648438,167.6999969482422,162.71759033203125,10000
2020-07-03,171.89999389648438,174.0,168.0,172.89999389648438,167.76312255859375,19246
2020-07-06,172.89999389648438,180.0,171.0,177.4499969482422,172.17791748046875,30255
2020-07-07,180.39999389648438,185.0,176.10000610351562,184.10000610351562,178.63035583496094,31687
2020-07-08,183.0,187.0,178.39999389648438,183.35000610351562,177.90264892578125,18412
2020-07-09,187.0,192.0,185.5,188.1999969482422,182.60853576660156,45294
2020-07-10,188.5,188.60000610351562,180.0,182.35000610351562,176.93235778808594,13891
2020-07-13,184.8000030517578,189.0,180.0,181.5,176.10760498046875,14541
2020-07-14,180.0,184.5,175.0,176.0,170.77101135253906,21372
2020-07-15,176.1999969482422,179.4499969482422,173.10000610351562,175.0500030517578,169.84922790527344,9630
2020-07-16,175.0,175.0,168.0,171.64999389648438,166.5502471923828,11623
2020-07-17,172.0,174.75,171.0,172.64999389648438,167.52053833007812,5498
2020-07-20,176.0,181.25,176.0,181.25,175.8650360107422,21720
2020-07-21,182.5,190.3000030517578,182.5,187.85000610351562,182.26893615722656,33214
2020-07-22,185.0,188.0,180.0,180.5500030517578,175.18582153320312,24444
2020-07-23,182.0,183.3000030517578,179.0,179.5,174.16702270507812,12428
2020-07-24,186.0,186.0,174.5,176.0500030517578,170.81951904296875,17031
2020-07-27,175.10000610351562,178.0,170.3000030517578,172.89999389648438,167.76312255859375,8501
2020-07-28,171.10000610351562,176.0,171.10000610351562,173.89999389648438,168.73341369628906,12446
2020-07-29,174.89999389648438,176.75,170.0,171.6999969482422,166.5987548828125,20726
2020-07-30,173.0,179.8000030517578,169.1999969482422,170.89999389648438,165.82252502441406,28682
2020-07-31,170.89999389648438,175.0,169.0,172.0,166.8898468017578,28115
2020-08-03,172.0,173.8000030517578,165.0,167.5500030517578,162.57205200195312,16311
2020-08-04,167.8000030517578,175.89999389648438,167.8000030517578,175.89999389648438,170.67396545410156,29572
2020-08-05,178.0,184.60000610351562,177.0,179.5500030517578,174.2155303955078,43931
2020-08-06,179.8000030517578,181.5,175.3000030517578,179.60000610351562,174.26405334472656,23256
2020-08-07,178.5,180.8000030517578,174.0,174.8000030517578,169.60665893554688,21617
2020-08-10,177.8000030517578,179.75,171.0,172.3000030517578,167.18093872070312,21163
2020-08-11,173.8000030517578,175.0,169.0,170.4499969482422,165.38589477539062,38945
2020-08-12,171.0,174.0,168.1999969482422,172.5500030517578,167.42352294921875,13769
2020-08-13,172.5500030517578,173.6999969482422,168.0,169.60000610351562,164.5611572265625,28063
2020-08-14,178.0500030517578,178.0500030517578,177.25,178.0500030517578,172.76010131835938,135224
2020-08-17,181.0,183.3000030517578,174.0,181.0,175.62245178222656,59209
2020-08-18,183.5,190.0500030517578,178.35000610351562,188.5,182.89962768554688,266275
2020-08-19,190.85000610351562,195.0,187.0,189.60000610351562,183.96694946289062,114942
2020-08-20,186.4499969482422,194.0,186.4499969482422,187.14999389648438,181.58973693847656,62035
2020-08-21,190.0,194.0,186.85000610351562,189.0,183.38478088378906,66471
2020-08-24,193.64999389648438,193.64999389648438,187.0500030517578,187.5500030517578,181.9778594970703,52805
2020-08-25,187.5500030517578,196.89999389648438,181.0,196.89999389648438,191.050048828125,205793
2020-08-26,197.0,206.6999969482422,195.10000610351562,198.9499969482422,193.03916931152344,201192
2020-08-27,204.85000610351562,204.89999389648438,191.0,193.89999389648438,188.13919067382812,145494
2020-08-28,195.0,202.5,195.0,199.0,193.08767700195312,105047
2020-08-31,199.0,202.1999969482422,189.0500030517578,189.0500030517578,183.43328857421875,54581
2020-09-01,188.9499969482422,189.0500030517578,179.60000610351562,180.85000610351562,175.4769287109375,52383
2020-09-02,183.0,189.85000610351562,181.14999389648438,189.4499969482422,183.8214111328125,44245
2020-09-03,189.8000030517578,198.89999389648438,185.25,197.0500030517578,191.1956024169922,72780
2020-09-04,193.0,201.0,188.25,191.4499969482422,185.76199340820312,72132
2020-09-07,192.0500030517578,194.3000030517578,189.25,189.9499969482422,184.30653381347656,23313
2020-09-08,189.64999389648438,192.0,182.0,182.39999389648438,176.98086547851562,22976
2020-09-09,183.3000030517578,187.85000610351562,181.14999389648438,182.6999969482422,177.27195739746094,30072
2020-09-10,184.5,189.89999389648438,183.0500030517578,185.5500030517578,180.0372772216797,16984
2020-09-11,185.60000610351562,188.5,182.5500030517578,183.5500030517578,178.09671020507812,13314
2020-09-14,185.1999969482422,189.3000030517578,178.5,183.5500030517578,178.09671020507812,41104
2020-09-15,187.0,190.0,184.35000610351562,186.75,181.20162963867188,26533
2020-09-16,185.25,192.14999389648438,184.0,185.10000610351562,179.60064697265625,37907
2020-09-17,187.10000610351562,188.5,182.0,182.85000610351562,177.41751098632812,20787
2020-09-18,186.35000610351562,187.9499969482422,182.5500030517578,184.1999969482422,178.7273712158203,17367
2020-09-21,183.10000610351562,186.9499969482422,176.0,177.60000610351562,172.32347106933594,42393
2020-09-22,179.0,181.25,168.89999389648438,178.0500030517578,172.76010131835938,22724
2020-09-23,181.9499969482422,183.6999969482422,175.0,179.4499969482422,174.11849975585938,40449
2020-09-24,179.39999389648438,180.4499969482422,171.10000610351562,172.85000610351562,167.714599609375,37323
2020-09-25,177.25,177.25,169.0,170.6999969482422,165.6284637451172,48328
2020-09-28,173.35000610351562,175.8000030517578,172.4499969482422,174.3000030517578,169.1215362548828,63445
2020-09-29,176.4499969482422,183.0,175.8000030517578,182.25,176.83531188964844,202500
2020-09-30,185.0,185.8000030517578,177.6999969482422,179.3000030517578,173.97296142578125,150549
2020-10-01,179.75,181.89999389648438,176.8000030517578,178.0500030517578,172.76010131835938,22841
2020-10-05,182.0,186.9499969482422,180.0,186.75,181.20162963867188,133764
2020-10-06,188.4499969482422,196.0500030517578,185.14999389648438,195.9499969482422,190.12828063964844,216658
2020-10-07,199.39999389648438,205.6999969482422,195.10000610351562,205.5,199.39456176757812,184574
2020-10-08,210.8000030517578,216.89999389648438,206.10000610351562,210.85000610351562,204.5856170654297,216361
2020-10-09,210.5500030517578,220.85000610351562,208.0,218.25,211.7657470703125,256085
2020-10-12,226.0,240.0500030517578,226.0,240.0500030517578,232.91807556152344,248351
2020-10-13,248.8000030517578,253.89999389648438,236.64999389648438,244.8000030517578,237.52696228027344,265249
2020-10-14,244.0,257.0,236.1999969482422,247.35000610351562,240.00119018554688,174806
2020-10-15,245.10000610351562,249.89999389648438,228.0,234.10000610351562,227.14486694335938,119869
2020-10-16,240.0,254.89999389648438,235.0,238.3000030517578,231.22006225585938,589207
2020-10-19,245.0,262.1000061035156,243.25,260.79998779296875,253.0515594482422,506194
2020-10-20,259.0,263.3500061035156,237.0,239.25,232.14183044433594,570659
2020-10-21,242.39999389648438,244.8000030517578,218.1999969482422,225.10000610351562,218.4122314453125,371528
2020-10-22,227.35000610351562,232.3000030517578,214.0500030517578,229.4499969482422,222.6329803466797,54881
2020-10-23,228.0,235.0,223.0,232.4499969482422,225.5438690185547,46731
2020-10-26,232.89999389648438,232.89999389648438,220.85000610351562,220.85000610351562,214.28851318359375,33545
2020-10-27,214.3000030517578,224.0,212.10000610351562,218.5,212.00833129882812,35075
2020-10-28,218.5,223.8000030517578,214.0,218.6999969482422,212.202392578125,131362
2020-10-29,218.4499969482422,221.75,214.0,218.5,212.00833129882812,34302
2020-10-30,219.89999389648438,222.0,214.0,216.64999389648438,210.21328735351562,19594
2020-11-02,219.64999389648438,227.4499969482422,210.0500030517578,223.75,217.1023406982422,48763
2020-11-03,227.8000030517578,230.6999969482422,220.0500030517578,221.4499969482422,214.87066650390625,27165
2020-11-04,220.0,226.6999969482422,215.10000610351562,220.6999969482422,214.14295959472656,15010
2020-11-05,220.0,231.6999969482422,219.0,231.6999969482422,224.81614685058594,57254
2020-11-06,237.0,237.0,228.0,228.89999389648438,222.0993194580078,11541
2020-11-09,236.0,240.0,225.0500030517578,230.60000610351562,223.7488250732422,18520
2020-11-10,230.60000610351562,234.89999389648438,225.0,225.14999389648438,218.46075439453125,15799
2020-11-11,229.25,230.8000030517578,222.0500030517578,223.4499969482422,216.81126403808594,17741
2020-11-12,224.0,226.5500030517578,216.10000610351562,218.3000030517578,211.8142852783203,54005
2020-11-13,218.3000030517578,222.8000030517578,214.6999969482422,215.25,208.85487365722656,59750
2020-11-14,219.4499969482422,226.0,219.0,223.89999389648438,217.2478790283203,17206
2020-11-17,223.89999389648438,234.0,222.0,232.3000030517578,225.39833068847656,35361
2020-11-18,232.0,233.89999389648438,225.1999969482422,231.35000610351562,224.4765625,24578
2020-11-19,231.39999389648438,233.0,228.25,229.89999389648438,223.0696258544922,18453
2020-11-20,228.4499969482422,237.0,228.4499969482422,232.6999969482422,225.78643798828125,20452
2020-11-23,234.89999389648438,239.0,233.0,235.5500030517578,228.55177307128906,38657
2020-11-24,237.25,237.25,225.10000610351562,229.25,222.43893432617188,24498
2020-11-25,229.1999969482422,230.5,223.0,225.10000610351562,218.4122314453125,36400
2020-11-26,225.0,228.0,221.3000030517578,226.75,220.01321411132812,11776
2020-11-27,230.8000030517578,238.0500030517578,228.0,238.0500030517578,230.9774932861328,53135
2020-12-01,248.0,249.9499969482422,231.0,245.5,238.20616149902344,52912
2020-12-02,243.14999389648438,254.8000030517578,240.0,251.85000610351562,244.36749267578125,49154
2020-12-03,253.64999389648438,264.3999938964844,252.39999389648438,264.3999938964844,256.54461669921875,83315
2020-12-04,274.8500061035156,277.6000061035156,262.6000061035156,277.6000061035156,269.35247802734375,111626
2020-12-07,287.5,291.45001220703125,283.5,291.45001220703125,282.7909851074219,52208
2020-12-08,303.0,306.0,276.8999938964844,296.79998779296875,287.98199462890625,186872
2020-12-09,292.95001220703125,293.45001220703125,282.0,287.04998779296875,278.52166748046875,53836
2020-12-10,288.79998779296875,288.79998779296875,274.25,280.95001220703125,272.6029357910156,43684
2020-12-11,283.5,285.0,275.0,284.20001220703125,275.7563781738281,28547
2020-12-14,280.0,284.95001220703125,279.0,282.1000061035156,273.71875,35015
2020-12-15,283.0,296.20001220703125,278.0,296.20001220703125,287.3998718261719,79627
2020-12-16,306.3999938964844,306.3999938964844,292.6000061035156,297.8999938964844,289.04931640625,64816
2020-12-17,296.0,299.0,283.04998779296875,284.5,276.0474548339844,44969
2020-12-18,285.79998779296875,294.8999938964844,272.5,293.1000061035156,284.3919372558594,50703
2020-12-21,283.5,290.8999938964844,278.45001220703125,278.45001220703125,270.1772155761719,42483
2020-12-22,278.45001220703125,284.3999938964844,265.0,276.8999938964844,268.6732482910156,41826
2020-12-23,278.0,288.75,270.0,285.3500061035156,276.8721923828125,23151
2020-12-24,287.0,290.0,282.1499938964844,287.8500061035156,279.2979431152344,14638
2020-12-28,287.95001220703125,300.0,287.95001220703125,298.6499938964844,289.77703857421875,55573
2020-12-29,299.0,309.8999938964844,295.1000061035156,300.45001220703125,291.5235900878906,47819
2020-12-30,306.1000061035156,306.1000061035156,297.0,301.95001220703125,292.9790344238281,13964
2020-12-31,300.0,306.8999938964844,294.75,296.79998779296875,287.98199462890625,19910
2021-01-01,297.1000061035156,305.0,296.0,302.20001220703125,293.2215881347656,14886
2021-01-04,303.79998779296875,317.29998779296875,302.20001220703125,316.20001220703125,306.8056335449219,70515
2021-01-05,315.0,332.0,312.0,332.0,322.1361999511719,85813
2021-01-06,343.0,348.6000061035156,316.0,348.6000061035156,338.2430725097656,122079
2021-01-07,347.0,362.6000061035156,341.0,347.8500061035156,337.51531982421875,81291
2021-01-08,347.0,355.1499938964844,340.20001220703125,345.6000061035156,335.3321533203125,36772
2021-01-11,349.95001220703125,362.8500061035156,345.0,362.8500061035156,352.0696716308594,60641
2021-01-12,364.8999938964844,377.0,364.04998779296875,369.95001220703125,358.9587097167969,45989
2021-01-13,375.0,377.0,357.0,364.04998779296875,353.2340087890625,39375
2021-01-14,373.70001220703125,373.70001220703125,356.0,367.8500061035156,356.9211120605469,29197
2021-01-15,368.1000061035156,370.0,349.5,357.70001220703125,347.07269287109375,52461
2021-01-18,361.95001220703125,375.54998779296875,341.0,375.54998779296875,364.3923034667969,95743
2021-01-19,394.29998779296875,394.29998779296875,394.29998779296875,394.29998779296875,382.58526611328125,19493
2021-01-20,404.0,409.79998779296875,374.6000061035156,396.6000061035156,384.81695556640625,149285
2021-01-21,394.75,401.0,378.0,379.79998779296875,368.5160827636719,74143
2021-01-22,377.0,389.0,370.0,379.95001220703125,368.66162109375,48592
2021-01-25,375.0,385.25,361.0,365.20001220703125,354.3498840332031,32216
2021-01-27,367.0,376.0,360.0,363.8500061035156,353.03997802734375,29293
2021-01-28,357.1000061035156,370.0,357.1000061035156,367.1499938964844,356.2419128417969,19330
2021-01-29,373.0,385.0,373.0,377.1000061035156,365.89630126953125,32857
2021-02-01,380.0,391.0,378.0,380.29998779296875,369.0011901855469,39127
2021-02-02,380.0,399.29998779296875,369.8999938964844,383.1499938964844,371.76654052734375,72414
2021-02-03,388.5,402.0,382.25,397.0,385.2050476074219,123031
2021-02-04,398.0,416.8500061035156,394.3500061035156,416.8500061035156,404.46533203125,97129
2021-02-05,435.3999938964844,446.8999938964844,417.95001220703125,432.45001220703125,419.6018371582031,317855
2021-02-08,434.95001220703125,447.95001220703125,428.0,430.6000061035156,417.8067932128906,88063
2021-02-09,434.6499938964844,440.0,417.20001220703125,420.54998779296875,408.05535888671875,91426
2021-02-10,420.54998779296875,445.0,412.29998779296875,434.54998779296875,421.6394348144531,159701
2021-02-11,437.70001220703125,473.0,435.04998779296875,461.75,448.03131103515625,324523
2021-02-12,465.95001220703125,508.8999938964844,452.25,496.95001220703125,482.185546875,502544
2021-02-15,503.0,567.25,496.0,554.7999877929688,538.3167724609375,955335
2021-02-16,558.0,568.7999877929688,519.0,526.2000122070312,510.5664978027344,281011
2021-02-17,524.9000244140625,525.0,494.0,510.3500061035156,495.18743896484375,168968
2021-02-18,510.3999938964844,524.0,508.0,512.3499755859375,497.1279602050781,78116
2021-02-19,512.4500122070312,562.0,505.1499938964844,523.3499755859375,507.8011779785156,154422
2021-02-22,525.0,529.0,511.5,521.5499877929688,506.05462646484375,61995
2021-02-23,530.9000244140625,543.4000244140625,522.0,524.5499877929688,508.96551513671875,69447
2021-02-24,528.0,550.0,526.2999877929688,548.9000244140625,532.5921020507812,69294
2021-02-25,553.0,558.0499877929688,541.0,546.0,529.7782592773438,64660
2021-02-26,528.0499877929688,540.2000122070312,516.8499755859375,528.5999755859375,512.8951416015625,95810
2021-03-01,538.0,565.0,538.0,541.7000122070312,525.6060791015625,126219
2021-03-02,549.0,557.0,527.0999755859375,532.25,516.436767578125,79895
2021-03-03,537.5999755859375,549.0,521.0999755859375,531.4000244140625,515.612060546875,110984
2021-03-04,536.2000122070312,559.5999755859375,535.0,548.8499755859375,532.5435791015625,124140
2021-03-05,537.0999755859375,559.9000244140625,530.0,555.25,538.7534790039062,124020
2021-03-08,566.2000122070312,593.5499877929688,559.0,563.9000244140625,547.1464233398438,221261
2021-03-09,568.2999877929688,568.2999877929688,540.5,547.5999755859375,531.3306884765625,78915
2021-03-10,548.0,556.0,540.5499877929688,544.0999755859375,527.9346923828125,38223
2021-03-12,548.4500122070312,564.0,543.5,546.75,530.5059204101562,69227
2021-03-15,548.0,558.4500122070312,506.70001220703125,538.2000122070312,522.2100219726562,80798
2021-03-16,541.4500122070312,556.0,457.5,532.6500244140625,516.8248901367188,84348
2021-03-17,532.7000122070312,565.0,532.6500244140625,543.9000244140625,527.7406616210938,316734
2021-03-18,549.5,552.4000244140625,508.0,515.3499755859375,500.038818359375,82188
2021-03-19,523.7000122070312,528.9500122070312,491.0,511.6499938964844,496.4487609863281,98880
2021-03-22,515.0,532.5,499.1499938964844,529.4000244140625,513.67138671875,63521
2021-03-23,529.4000244140625,546.5,524.9500122070312,534.2000122070312,518.328857421875,84543
2021-03-24,539.9000244140625,539.9000244140625,507.5,516.1500244140625,500.8150939941406,66049
2021-03-25,521.3499755859375,521.3499755859375,495.20001220703125,499.25,484.41717529296875,92284
2021-03-26,506.0,524.7999877929688,504.20001220703125,516.2000122070312,500.8636169433594,94798
2021-03-30,518.0,533.0,515.2999877929688,526.5,510.8575439453125,69894
2021-03-31,516.9500122070312,529.5,513.8499755859375,516.5499877929688,501.20318603515625,29801
2021-04-01,518.0,525.7000122070312,515.5,518.25,502.8526916503906,30845
2021-04-05,517.0499877929688,517.0499877929688,497.45001220703125,505.79998779296875,490.7725830078125,38478
2021-04-06,510.0,517.6500244140625,499.0,505.25,490.2389221191406,49459
2021-04-07,507.0,514.0499877929688,504.0,510.0,494.84783935546875,24857
2021-04-08,514.8499755859375,548.0,514.8499755859375,539.2999877929688,523.2772827148438,173793
2021-04-09,546.0,558.7000122070312,525.0499877929688,531.5499877929688,515.757568359375,113482
2021-04-12,534.0,534.0,482.1000061035156,490.45001220703125,475.878662109375,139377
2021-04-13,494.1499938964844,514.7000122070312,484.1499938964844,505.1000061035156,490.0933837890625,107798
2021-04-15,508.8999938964844,514.0,493.0,496.29998779296875,481.5548400878906,50470
2021-04-16,499.0,517.5999755859375,497.20001220703125,506.6499938964844,491.5973205566406,77908
2021-04-19,485.0,493.0,480.0,482.75,468.40740966796875,68172
2021-04-20,485.20001220703125,497.0,483.0,485.8999938964844,471.4638366699219,40744
2021-04-22,485.0,510.70001220703125,481.54998779296875,503.54998779296875,488.58941650390625,95057
2021-04-23,508.0,509.1499938964844,490.8999938964844,493.79998779296875,479.12908935546875,30439
2021-04-26,491.3999938964844,502.0,488.95001220703125,491.04998779296875,476.4608154296875,38940
2021-04-27,493.54998779296875,507.0,493.0,502.29998779296875,487.3765563964844,48223
2021-04-28,507.70001220703125,551.0,503.8999938964844,541.5499877929688,525.46044921875,404070
2021-04-29,548.0,575.0,525.0,552.25,535.8425903320312,350577
2021-04-30,546.0,559.0,534.7000122070312,540.2000122070312,524.1505737304688,125100
2021-05-03,537.7999877929688,567.0,533.5499877929688,544.5499877929688,528.3712768554688,176925
2021-05-04,552.7000122070312,558.0,535.25,537.5,521.53076171875,88248
2021-05-05,538.0,554.25,535.3499755859375,547.9500122070312,531.6703491210938,110811
2021-05-06,551.0,551.0,526.0,531.7000122070312,515.903076171875,117432
2021-05-07,535.0,544.6500244140625,528.0499877929688,537.7999877929688,521.8218383789062,74181
2021-05-10,545.0,558.0,534.0,537.7000122070312,521.724853515625,118909
2021-05-11,533.7000122070312,549.25,532.5499877929688,539.2000122070312,523.1802978515625,77082
2021-05-12,536.0,588.0,536.0,575.7000122070312,558.5958862304688,592895
2021-05-14,595.0,604.0,551.0,560.4000244140625,543.7503662109375,589719
2021-05-17,570.5,589.5,550.0999755859375,558.4500122070312,541.8583984375,599686
2021-05-18,580.0,602.5,572.5,577.4500122070312,560.2938842773438,682470
2021-05-19,582.0,651.9000244140625,572.5999755859375,620.7000122070312,602.2589721679688,1034240
2021-05-20,678.0,744.7999877929688,666.0,712.4000244140625,691.2345581054688,3173195
2021-05-21,704.7999877929688,717.0,673.4500122070312,694.7999877929688,674.1573486328125,747677
2021-05-24,697.4000244140625,783.0,690.0999755859375,750.5999755859375,728.2994995117188,1484302
2021-05-25,756.5999755859375,787.7999877929688,730.0,745.9000244140625,723.7391967773438,658785
2021-05-26,753.5999755859375,779.5,750.0999755859375,765.6500244140625,742.9024658203125,599798
2021-05-27,769.0,772.3499755859375,740.2000122070312,750.8499755859375,728.5421142578125,601489
2021-05-28,753.0,760.4000244140625,735.9000244140625,749.7999877929688,727.5233154296875,384575
2021-05-31,756.4000244140625,759.0,740.0999755859375,744.4500122070312,722.332275390625,224485
2021-06-01,749.7999877929688,753.8499755859375,728.2000122070312,743.5,721.4104614257812,177992
2021-06-02,746.0,754.75,712.9500122070312,742.0999755859375,720.052001953125,379903
2021-06-03,742.0,848.0,742.0,837.0,812.1326293945312,2086193
2021-06-04,848.5999755859375,877.0,833.0499877929688,849.6500244140625,824.4067993164062,906551
2021-06-07,854.9500122070312,869.0,812.0499877929688,834.5999755859375,809.8038940429688,303077
2021-06-08,850.0,910.0,837.0,875.7000122070312,849.682861328125,587863
2021-06-09,882.5,889.5999755859375,823.25,845.5999755859375,820.47705078125,232212
2021-06-10,847.0,859.4000244140625,810.0,836.1500244140625,811.3079223632812,214043
2021-06-11,840.0,845.2999877929688,820.0,823.4000244140625,798.9366455078125,99124
2021-06-14,828.5999755859375,829.7999877929688,760.0,800.1500244140625,776.37744140625,159341
2021-06-15,805.8499755859375,845.0,805.8499755859375,827.2999877929688,802.7207641601562,169505
2021-06-16,831.0,832.75,800.0,805.75,781.81103515625,86859
2021-06-17,800.0,821.0999755859375,790.0,793.1500244140625,769.5853881835938,96772
2021-06-18,795.3499755859375,822.0,748.0,816.3499755859375,792.0960693359375,203945
2021-06-21,792.5,809.5999755859375,782.2999877929688,793.9000244140625,770.3131103515625,159645
2021-06-22,793.0,804.4500122070312,788.0,790.2000122070312,766.7230834960938,91086
2021-06-23,789.0,802.0,782.0,784.4000244140625,761.0953369140625,63590
2021-06-24,783.0,783.0,751.0,765.2000122070312,742.4658203125,127501
2021-06-25,769.0,772.2000122070312,751.0,759.2000122070312,736.64404296875,70560
2021-06-28,767.7000122070312,798.7999877929688,748.4500122070312,787.4500122070312,764.0546875,446285
2021-06-29,792.4000244140625,792.5,772.0,776.2999877929688,753.2359619140625,90751
2021-06-30,783.7000122070312,798.7000122070312,772.0,774.5,751.4894409179688,115304
2021-07-01,774.5,779.0,758.0,762.2999877929688,739.6519165039062,104603
2021-07-02,771.0,804.9000244140625,765.5,788.3499755859375,764.927978515625,365990
2021-07-05,804.0,809.7999877929688,782.0,784.9000244140625,761.58056640625,243701
2021-07-06,791.75,798.0499877929688,772.0,775.9500122070312,752.8963623046875,99980
2021-07-07,775.0,787.0,767.4000244140625,776.5499877929688,753.478515625,55201
2021-07-08,780.0,784.7999877929688,762.0,764.2000122070312,741.4954833984375,115201
2021-07-09,774.0,788.0,764.4500122070312,767.9500122070312,745.1340942382812,124643
2021-07-12,752.0,795.0,752.0,777.2000122070312,754.1091918945312,218798
2021-07-13,784.7999877929688,839.7999877929688,773.5,827.0499877929688,802.4781494140625,690624
2021-07-14,844.0,847.25,816.0999755859375,820.75,796.3652954101562,328456
2021-07-15,824.9000244140625,830.0,805.5,819.75,795.3951416015625,191189
2021-07-16,826.0,861.0,816.5499877929688,850.0,824.7462768554688,499312
2021-07-19,843.0,876.0,840.0,859.7999877929688,834.2551879882812,273674
2021-07-20,864.0,868.0,801.25,822.7999877929688,798.3544921875,207966
2021-07-22,775.0,793.9000244140625,750.0999755859375,765.4000244140625,742.6598510742188,549972
2021-07-23,787.0,787.0,750.0,753.4000244140625,731.0164184570312,192602
2021-07-26,765.0,765.0,753.75,756.0999755859375,733.6361083984375,129307
2021-07-27,756.0,766.0,745.0,759.0,736.449951171875,112264
2021-07-28,760.0499877929688,765.0,742.5499877929688,760.4000244140625,737.8084106445312,104327
2021-07-29,766.0,774.9500122070312,758.0999755859375,760.1500244140625,737.5658569335938,51147
2021-07-30,759.75,807.9000244140625,750.0,769.4000244140625,746.541015625,254196
2021-08-02,768.0,786.4000244140625,761.0999755859375,769.7000122070312,746.8321533203125,83515
2021-08-03,774.0,776.0,761.0999755859375,762.2999877929688,739.6519165039062,52760
2021-08-04,767.0,768.4000244140625,740.0,750.0499877929688,727.765869140625,86311
2021-08-05,756.8499755859375,757.5999755859375,721.0999755859375,740.2999877929688,718.3054809570312,135244
2021-08-06,736.0,749.0499877929688,736.0,740.9000244140625,718.8876953125,54996
2021-08-09,741.0,747.0,722.0,725.5999755859375,704.0422973632812,51700
2021-08-10,745.0,745.0,700.0,700.7999877929688,679.9790649414062,115478
2021-08-11,702.0,705.0,644.0,680.2999877929688,660.088134765625,195440
2021-08-12,690.7000122070312,738.1500244140625,684.2000122070312,734.7999877929688,712.968994140625,85834
2021-08-13,745.0,746.9500122070312,711.75,722.3499755859375,700.8888549804688,54655
2021-08-16,723.0,723.0,676.0,701.5,680.6582641601562,47739
2021-08-17,682.8499755859375,715.0999755859375,682.8499755859375,710.25,689.1483154296875,47280
2021-08-18,715.9000244140625,722.5499877929688,701.5999755859375,708.4500122070312,687.4017944335938,43899
2021-08-20,708.4500122070312,708.4500122070312,685.0,688.0,667.5593872070312,56092
2021-08-23,688.0,688.0,638.0499877929688,647.5999755859375,628.3596801757812,78971
2021-08-24,652.6500244140625,675.0,640.0999755859375,668.4500122070312,648.5902099609375,64435
2021-08-25,675.0,719.25,675.0,698.7999877929688,678.0385131835938,96887
2021-08-26,705.0,709.9500122070312,683.9500122070312,690.9500122070312,670.4218139648438,24279
2021-08-27,719.0,734.6500244140625,713.4500122070312,719.4500122070312,698.0750732421875,98203
2021-08-30,726.7000122070312,733.9500122070312,720.0,726.5999755859375,705.0125732421875,40126
2021-08-31,733.0,734.0,716.7000122070312,717.9500122070312,696.6195678710938,33656
2021-09-01,724.5,747.4000244140625,705.0,726.5999755859375,705.0125732421875,145367
2021-09-02,733.0,743.0,727.0999755859375,739.7999877929688,717.8204345703125,77281
2021-09-03,743.0,756.7999877929688,732.0,749.8499755859375,727.57177734375,104962
2021-09-06,752.5499877929688,763.9000244140625,741.2999877929688,742.9000244140625,720.828369140625,58465
2021-09-07,743.4500122070312,748.1500244140625,730.0,733.9500122070312,712.1442260742188,36810
2021-09-08,742.0,746.4500122070312,722.0499877929688,724.0999755859375,702.5868530273438,28704
2021-09-09,723.0,730.4000244140625,710.7000122070312,716.8499755859375,695.5521850585938,40575
2021-09-13,707.0,725.7999877929688,703.2999877929688,715.8499755859375,694.5819702148438,42711
2021-09-14,729.9000244140625,744.5,719.0499877929688,737.9000244140625,715.9768676757812,67655
2021-09-15,747.7000122070312,766.8499755859375,741.9500122070312,750.6500244140625,728.3480834960938,115537
2021-09-16,757.5,757.5,732.5,736.5499877929688,714.6669311523438,42016
2021-09-17,748.0,748.0,705.0,715.4000244140625,694.1453857421875,66836
2021-09-20,714.0,727.1500244140625,708.8499755859375,711.0999755859375,697.7759399414062,31334
2021-09-21,705.0499877929688,709.0999755859375,683.0,704.7000122070312,699.3638916015625,71464
2021-09-22,704.7000122070312,719.8499755859375,701.8499755859375,706.3499755859375,701.0014038085938,28673
2021-09-23,710.0,721.0,706.5499877929688,713.7000122070312,708.2957763671875,27405
2021-09-24,719.0,742.0,709.0999755859375,732.5999755859375,727.0526123046875,92598
2021-09-27,732.7999877929688,738.9500122070312,716.0,721.0499877929688,715.590087890625,38723
2021-09-28,725.0,730.0,697.5999755859375,708.5499877929688,703.1847534179688,38434
2021-09-29,711.0,714.4000244140625,699.9000244140625,710.7000122070312,705.3184814453125,38742
2021-09-30,710.7000122070312,720.0499877929688,696.5499877929688,701.5499877929688,696.23779296875,40572
2021-10-01,695.0,712.0,695.0,702.9500122070312,697.627197265625,25378
2021-10-04,710.0,718.9000244140625,706.6500244140625,708.6500244140625,703.2840576171875,34803
2021-10-05,710.0,716.9500122070312,694.75,704.6500244140625,699.3142700195312,62213
2021-10-06,710.9000244140625,714.0,698.0499877929688,699.9000244140625,694.6002807617188,52047
2021-10-07,710.0,718.0,700.0,701.4500122070312,696.1385498046875,34104
2021-10-08,708.4500122070312,709.0,700.0499877929688,701.0999755859375,695.7911376953125,24350
2021-10-11,703.0,706.9000244140625,689.0,694.4000244140625,689.1419677734375,43233
2021-10-12,695.0,713.75,695.0,701.5999755859375,696.287353515625,53752
2021-10-13,708.0,710.0,689.0499877929688,696.9500122070312,691.672607421875,59209
2021-10-14,700.0,813.2999877929688,700.0,800.5,794.4384765625,1213642
2021-10-18,814.5,831.0,788.0,797.3499755859375,791.3123168945312,442515
2021-10-19,805.0,834.0,755.5,777.3499755859375,771.4638061523438,838024
2021-10-20,782.0,784.3499755859375,719.0999755859375,728.0999755859375,722.5867309570312,211534
2021-10-21,728.0999755859375,737.9000244140625,696.0,700.4500122070312,695.1461181640625,156679
2021-10-22,713.8499755859375,724.0,662.4500122070312,676.6500244140625,671.5263061523438,180484
2021-10-25,689.8499755859375,696.0,655.0999755859375,667.3499755859375,662.2966918945312,78208
2021-10-26,664.0999755859375,680.0,650.0,670.2999877929688,665.224365234375,52554
2021-10-27,675.7000122070312,681.0499877929688,660.0,666.9500122070312,661.8997802734375,49437
2021-10-28,670.0,671.0,650.4000244140625,656.8499755859375,651.876220703125,50551
2021-10-29,657.0,667.1500244140625,642.0,649.1500244140625,644.2345581054688,55219
2021-11-01,660.0,666.0,645.0,651.9500122070312,647.0133666992188,39413
2021-11-02,655.9500122070312,666.0,641.75,652.3499755859375,647.4102783203125,52204
2021-11-03,655.5,665.0,647.9000244140625,654.75,649.7921142578125,48803
2021-11-04,659.5999755859375,665.0,651.0,663.75,658.7239379882812,16484
2021-11-08,666.0,696.0,653.0499877929688,683.7999877929688,678.6221313476562,86531
2021-11-09,688.9000244140625,694.9000244140625,675.0,677.5,672.369873046875,47372
2021-11-10,670.0,683.9500122070312,661.3499755859375,675.2999877929688,670.1865234375,33346
2021-11-11,667.0999755859375,682.0,665.0,670.3499755859375,665.2739868164062,21638
2021-11-12,665.0499877929688,675.9500122070312,660.6500244140625,662.5,657.4834594726562,24186
2021-11-15,662.5,667.0999755859375,648.0499877929688,654.9000244140625,649.9410400390625,37731
2021-11-16,657.0,659.8499755859375,644.0999755859375,647.7000122070312,642.7955322265625,29319
2021-11-17,656.5,657.7999877929688,642.5999755859375,646.9500122070312,642.0512084960938,29544
2021-11-18,651.0,651.0,615.0,619.75,615.0571899414062,84068
2021-11-22,620.0,626.4000244140625,568.3499755859375,575.8499755859375,571.4895629882812,111734
2021-11-23,582.0,617.5,575.0,609.7999877929688,605.1824951171875,67558
2021-11-24,612.7999877929688,618.5,590.0,596.75,592.2313232421875,37258
2021-11-25,600.5,605.5,579.5,591.5499877929688,587.0706787109375,37829
2021-11-26,591.0,595.0,575.0999755859375,578.75,574.3676147460938,45601
2021-11-29,555.0999755859375,694.5,550.7999877929688,618.2999877929688,613.6181030273438,410462
2021-11-30,634.0,659.0,611.0,624.1500244140625,619.4238891601562,140452
2021-12-01,634.7999877929688,638.5,615.75,618.75,614.064697265625,47102
2021-12-02,618.75,632.0499877929688,611.0499877929688,623.8499755859375,619.1260986328125,54324
2021-12-03,628.0,628.0,609.9500122070312,612.6500244140625,608.0109252929688,33928
2021-12-06,613.0,620.0,595.0,599.0,594.4642944335938,38499
2021-12-07,596.0,608.0499877929688,596.0,600.2999877929688,595.75439453125,24909
2021-12-08,599.0,620.2000122070312,599.0,613.9500122070312,609.3010864257812,32879
2021-12-09,615.0,624.4000244140625,615.0,617.2999877929688,612.6256713867188,30246
2021-12-10,617.0,630.0,612.0499877929688,621.1500244140625,616.4465942382812,40845
2021-12-13,629.9500122070312,638.2000122070312,600.1500244140625,608.2999877929688,603.69384765625,58706
2021-12-14,608.4000244140625,625.25,607.0,619.1500244140625,614.4617309570312,38559
2021-12-15,619.0,652.5499877929688,619.0,627.4500122070312,622.6988525390625,146167
2021-12-16,635.0,635.0,617.0499877929688,617.75,613.0723266601562,27913
2021-12-17,617.75,617.7999877929688,596.9000244140625,602.2000122070312,597.6400146484375,37519
2021-12-20,600.0,601.8499755859375,576.0499877929688,579.5499877929688,575.1615600585938,46469
2021-12-21,585.0499877929688,595.75,576.0999755859375,579.25,574.8638305664062,28602
2021-12-22,581.0999755859375,606.0,581.0999755859375,596.25,591.735107421875,38155
2021-12-23,599.0,609.9000244140625,595.0,597.4000244140625,592.8764038085938,28964
2021-12-24,605.0,605.0,585.0,588.75,584.2918701171875,37705
2021-12-27,588.0999755859375,596.5,579.0999755859375,591.7000122070312,587.2195434570312,17400
2021-12-28,599.5999755859375,600.75,585.5,591.4500122070312,586.971435546875,17312
2021-12-29,598.0,619.0,594.75,596.8499755859375,592.33056640625,71860
2021-12-30,599.7999877929688,620.0,593.4500122070312,603.2999877929688,598.731689453125,57856
2021-12-31,615.0,683.8499755859375,607.1500244140625,638.8499755859375,634.0125122070312,560179
2022-01-03,643.9500122070312,682.0,643.0499877929688,672.5499877929688,667.4573364257812,248413
2022-01-04,705.0,711.0,675.0999755859375,693.8499755859375,688.5960083007812,191677
2022-01-05,692.0,692.0,665.5999755859375,668.0,662.9417724609375,74508
2022-01-06,660.0,705.0,652.2000122070312,683.0,677.8282470703125,254310
2022-01-07,687.7999877929688,703.4500122070312,678.0,683.3499755859375,678.175537109375,90348
2022-01-10,688.25,694.5999755859375,668.0,670.3499755859375,665.2739868164062,67119
2022-01-11,674.9000244140625,693.0,662.0,663.5999755859375,658.5751342773438,97089
2022-01-12,672.0,674.5,654.7999877929688,657.9000244140625,652.9183349609375,75309
2022-01-13,664.0,677.6500244140625,654.0,656.7000122070312,651.7273559570312,79821
2022-01-14,664.9000244140625,684.4000244140625,664.2999877929688,678.0499877929688,672.9156494140625,132610
2022-01-17,683.2999877929688,690.0,675.9500122070312,682.25,677.0839233398438,88240
2022-01-18,687.5999755859375,711.0999755859375,625.0,630.2000122070312,625.4280395507812,1248504
2022-01-19,625.0,625.0,590.9000244140625,603.0499877929688,598.4835815429688,203372
2022-01-20,601.0,643.9500122070312,601.0,631.75,626.96630859375,217471
2022-01-21,626.9000244140625,628.2999877929688,611.75,614.2000122070312,609.5491943359375,118874
2022-01-24,615.0,618.6500244140625,574.6500244140625,579.2999877929688,574.9133911132812,122668
2022-01-25,571.0999755859375,598.3499755859375,565.75,587.0499877929688,582.6047973632812,78725
2022-01-27,590.0,596.0,582.5,589.25,584.7881469726562,47167
2022-01-28,592.0,607.2000122070312,592.0,595.5999755859375,591.0900268554688,41824
2022-01-31,610.0,612.4000244140625,598.2999877929688,603.4500122070312,598.880615234375,47448
2022-02-01,616.0,630.0,588.5499877929688,597.75,593.2237548828125,232469
2022-02-02,602.4000244140625,615.7000122070312,600.0,604.1500244140625,599.5753173828125,56479
2022-02-03,619.0,619.0,594.0,595.3499755859375,590.8419189453125,77205
2022-02-04,600.0,602.7000122070312,591.0999755859375,592.9000244140625,588.4104614257812,31327
2022-02-07,593.0999755859375,599.7999877929688,587.4000244140625,589.75,585.2843627929688,55506
2022-02-08,594.0,594.0,573.0,580.6500244140625,576.2532958984375,46310
2022-02-09,586.0,591.0,573.8499755859375,577.0,572.630859375,52557
2022-02-10,577.0999755859375,581.9000244140625,570.0499877929688,572.4500122070312,568.1153564453125,40956
2022-02-11,568.7999877929688,587.4500122070312,563.8499755859375,573.25,568.9092407226562,52108
2022-02-14,573.25,579.8499755859375,551.0999755859375,554.5,550.3012084960938,50368
2022-02-15,569.25,569.25,541.75,566.2999877929688,562.0119018554688,80475
2022-02-16,572.0,577.7000122070312,565.5499877929688,569.3499755859375,565.0387573242188,30042
2022-02-17,576.1500244140625,576.1500244140625,555.6500244140625,558.9500122070312,554.7175903320312,19565
2022-02-18,565.0499877929688,599.7999877929688,563.0,582.75,578.3373413085938,176256
2022-02-21,572.75,580.4500122070312,552.0499877929688,556.2999877929688,552.087646484375,63545
2022-02-22,530.0499877929688,552.7999877929688,519.5999755859375,529.5,525.4905395507812,69022
2022-02-23,531.5999755859375,548.5,530.1500244140625,534.9000244140625,530.8496704101562,35299
2022-02-24,515.0,524.0,480.0,485.6000061035156,481.9229736328125,110516
2022-02-25,524.0,524.0,500.0,505.29998779296875,501.4737854003906,74698
2022-02-28,495.0,513.9000244140625,488.0,493.79998779296875,490.06085205078125,112648
2022-03-02,500.95001220703125,503.45001220703125,490.1000061035156,495.8500061035156,492.0953369140625,46819
2022-03-03,503.0,509.45001220703125,492.20001220703125,494.8999938964844,491.1525573730469,50694
2022-03-04,490.0,494.20001220703125,473.1000061035156,480.6000061035156,476.9608459472656,88326
2022-03-07,468.5,474.8500061035156,460.8500061035156,467.5,463.96002197265625,72998
2022-03-08,465.0,479.0,465.0,476.1000061035156,472.4949035644531,36776
2022-03-09,480.0,500.0,478.6000061035156,493.6499938964844,489.9119873046875,54359
2022-03-10,517.0,517.0,495.25,502.5,498.69500732421875,69583
2022-03-11,508.0,514.4500122070312,501.54998779296875,507.3999938964844,503.5578918457031,47032
2022-03-14,508.0,512.1500244140625,496.25,500.3999938964844,496.6108703613281,36053
2022-03-15,504.95001220703125,509.0,484.79998779296875,488.54998779296875,484.8506164550781,68965
2022-03-16,489.8999938964844,506.3500061035156,489.8999938964844,501.20001220703125,497.40484619140625,85253
2022-03-17,509.0,524.6500244140625,508.0,521.4500122070312,517.5015258789062,120161
2022-03-21,527.75,530.0,509.0,510.6000061035156,506.7336730957031,72532
2022-03-22,515.0,524.5499877929688,511.25,516.25,512.3408813476562,76300
2022-03-23,522.9500122070312,522.9500122070312,500.0,503.29998779296875,499.4889221191406,60232
2022-03-24,507.0,512.2999877929688,491.0,498.20001220703125,494.4275817871094,73224
2022-03-25,502.95001220703125,506.0,490.6000061035156,492.79998779296875,489.0684509277344,54660
2022-03-28,492.79998779296875,496.6000061035156,477.0,479.8500061035156,476.2165222167969,85169
2022-03-29,479.8500061035156,485.70001220703125,454.0,455.95001220703125,452.49749755859375,185029
2022-03-30,466.0,484.70001220703125,463.29998779296875,468.8500061035156,465.2998046875,167728
2022-03-31,470.0,475.70001220703125,455.29998779296875,459.1499938964844,455.6732482910156,138876
2022-04-01,461.79998779296875,502.0,461.79998779296875,495.6000061035156,491.8472595214844,229672
2022-04-04,507.79998779296875,511.95001220703125,497.25,504.8500061035156,501.0271911621094,152881
2022-04-05,504.8999938964844,522.6500244140625,504.8999938964844,514.4500122070312,510.55450439453125,105710
2022-04-06,514.4500122070312,519.0,511.29998779296875,514.1500244140625,510.25677490234375,41657
2022-04-07,518.9000244140625,518.9000244140625,411.3500061035156,503.20001220703125,499.38970947265625,116530
2022-04-08,513.0,548.5,507.75,536.0499877929688,531.990966796875,542793
2022-04-11,539.4000244140625,554.4500122070312,533.0999755859375,549.0499877929688,544.8925170898438,133973
2022-04-12,546.0,567.9000244140625,539.0499877929688,557.4500122070312,553.2289428710938,202165
2022-04-13,580.0,580.0,551.0,555.8499755859375,551.6409912109375,130012
2022-04-18,551.0,563.0,550.0,554.2000122070312,550.0035400390625,89465
2022-04-19,558.6500244140625,562.0499877929688,527.25,539.0,534.9186401367188,57199
2022-04-20,540.0,548.9000244140625,530.0499877929688,533.5,529.460205078125,41236
2022-04-21,535.0,574.75,535.0,567.25,562.9546508789062,120470
2022-04-22,562.0,565.2999877929688,552.0,556.0,551.7898559570312,74644
2022-04-25,553.0,553.0,522.7000122070312,533.6500244140625,529.609130859375,69324
2022-04-26,545.0,572.9000244140625,539.2000122070312,554.9000244140625,550.6982421875,204466
2022-04-27,551.0,557.9500122070312,538.5499877929688,544.7999877929688,540.6746826171875,79067
2022-04-28,550.25,555.0,539.2999877929688,546.9000244140625,542.7588500976562,43326
2022-04-29,547.4500122070312,551.2000122070312,527.0,531.1500244140625,527.1281127929688,62068
2022-05-02,526.0,530.0,495.3500061035156,507.95001220703125,504.1037292480469,339648
2022-05-04,507.5,516.2000122070312,495.0,504.0,500.1836242675781,63739
2022-05-05,509.8500061035156,512.5,500.45001220703125,502.5,498.69500732421875,30732
2022-05-06,482.1000061035156,494.0,479.0,481.8500061035156,478.20135498046875,79536
2022-05-09,480.0,480.0,461.5,465.45001220703125,461.925537109375,54824
2022-05-10,467.8999938964844,474.8500061035156,457.0,459.1000061035156,455.6236267089844,36860
2022-05-11,459.1000061035156,468.25,429.29998779296875,436.25,432.9466552734375,75753
2022-05-12,438.0,438.04998779296875,415.0,420.04998779296875,416.8692932128906,49728
2022-05-13,432.0,448.8500061035156,428.29998779296875,440.5,437.1644592285156,51113
2022-05-16,446.0,461.95001220703125,437.0,441.20001220703125,437.85919189453125,42829
2022-05-17,445.3999938964844,465.1000061035156,443.29998779296875,461.75,458.2535400390625,63007
2022-05-18,468.6499938964844,476.79998779296875,465.70001220703125,472.5,468.9221496582031,43734
2022-05-19,448.0,464.3500061035156,447.1499938964844,453.54998779296875,450.1156311035156,35635
2022-05-20,471.5,477.8999938964844,464.6499938964844,475.6000061035156,471.9986877441406,44378
2022-05-23,478.8999938964844,482.25,467.1000061035156,470.8500061035156,467.28466796875,30438
2022-05-24,464.79998779296875,466.8999938964844,447.0,449.1499938964844,445.74896240234375,40910
2022-05-25,451.04998779296875,457.75,428.0,431.20001220703125,427.9349060058594,39169
2022-05-26,437.6499938964844,440.95001220703125,417.54998779296875,435.54998779296875,432.251953125,27572
2022-05-27,440.0,447.75,433.54998779296875,438.3999938964844,435.08038330078125,24978
2022-05-30,447.20001220703125,459.1499938964844,445.75,457.5,454.0357360839844,27426
2022-05-31,460.0,473.0,455.5,470.29998779296875,466.73883056640625,33492
2022-06-01,470.1000061035156,477.0,469.25,473.54998779296875,469.96417236328125,28021
2022-06-02,474.75,494.0,465.1499938964844,478.8999938964844,475.2737121582031,45223
2022-06-03,481.0,484.45001220703125,470.0,471.3999938964844,467.8304748535156,20969
2022-06-06,479.0,484.20001220703125,468.1000061035156,479.20001220703125,475.5714416503906,25364
2022-06-07,479.75,482.79998779296875,472.3500061035156,478.70001220703125,475.0752258300781,12360
2022-06-08,480.0,485.79998779296875,458.6000061035156,479.79998779296875,476.1668701171875,23313
2022-06-09,472.6000061035156,484.95001220703125,471.45001220703125,481.70001220703125,478.0525207519531,18206
2022-06-10,484.0,513.0,472.1000061035156,498.45001220703125,494.6756896972656,88946
2022-06-13,492.45001220703125,492.45001220703125,470.0,472.95001220703125,469.3687438964844,36350
2022-06-14,450.0,471.0,450.0,462.95001220703125,459.4444885253906,32123
2022-06-15,457.1000061035156,488.0,457.1000061035156,481.70001220703125,478.0525207519531,28310
2022-06-16,488.0,496.0,464.1499938964844,471.8500061035156,468.2770690917969,48031
2022-06-17,473.0,473.0,452.0,454.6499938964844,451.2073059082031,21563
2022-06-20,468.0,468.0,430.0,435.95001220703125,432.6489562988281,48295
2022-06-21,431.0,468.0,431.0,465.54998779296875,462.0247802734375,33553
2022-06-22,467.79998779296875,480.45001220703125,452.6000061035156,460.3999938964844,456.91375732421875,70600
2022-06-23,461.0,486.79998779296875,461.0,482.1000061035156,478.4494934082031,58268
2022-06-24,493.0,519.8499755859375,492.0,504.95001220703125,501.12646484375,232934
2022-06-27,515.5,526.9000244140625,510.25,512.0999755859375,508.2222900390625,113250
2022-06-28,515.0,527.2000122070312,510.79998779296875,515.6500244140625,511.74542236328125,112933
2022-06-29,510.1499938964844,529.0,510.0,518.4000244140625,514.4746704101562,69745
2022-06-30,522.5,526.0,501.1000061035156,503.8999938964844,500.08441162109375,38614
2022-07-01,496.6000061035156,503.04998779296875,490.1000061035156,495.6499938964844,491.8968811035156,23330
2022-07-04,497.8999938964844,503.8999938964844,495.6499938964844,501.1000061035156,497.3055725097656,11724
2022-07-05,496.0,518.0499877929688,496.0,509.04998779296875,505.19537353515625,35437
2022-07-06,510.0,518.0,507.04998779296875,510.20001220703125,506.3367004394531,17763
2022-07-07,515.4000244140625,538.0,515.4000244140625,534.2999877929688,530.254150390625,118677
2022-07-08,544.9500122070312,558.0,537.0,540.5,536.4072875976562,115634
2022-07-11,543.0,548.5,537.6500244140625,543.4000244140625,539.2853393554688,30722
2022-07-12,545.0,545.25,525.0,529.4500122070312,525.44091796875,43096
2022-07-13,535.0,541.0,521.7999877929688,525.0,521.0245971679688,57514
2022-07-14,527.9000244140625,543.9500122070312,496.0,500.6000061035156,496.80938720703125,312441
2022-07-15,490.04998779296875,496.79998779296875,473.6000061035156,481.29998779296875,477.655517578125,122009
2022-07-18,485.1499938964844,490.45001220703125,472.25,476.20001220703125,472.5941467285156,83104
2022-07-19,480.0,495.0,476.54998779296875,491.20001220703125,487.4805603027344,74402
2022-07-20,495.0,506.1499938964844,490.0,498.6499938964844,494.8741455078125,82117
2022-07-21,496.0,503.3500061035156,493.1000061035156,495.3999938964844,491.64874267578125,23534
2022-07-22,498.95001220703125,499.0,483.75,488.6499938964844,484.9498596191406,31222
2022-07-25,493.0,502.0,491.95001220703125,500.6499938964844,496.8590087890625,35494
2022-07-26,502.0,502.0,483.0,485.0,481.3274841308594,27629
2022-07-27,490.0,498.95001220703125,487.25,492.54998779296875,488.8203125,21942
2022-07-28,497.25,497.25,459.04998779296875,464.5,460.9827575683594,102077
2022-07-29,469.0,476.3999938964844,469.0,472.75,469.1702880859375,38235
2022-08-01,476.5,483.0,472.6000061035156,477.25,473.6361999511719,34988
2022-08-02,474.0,479.1000061035156,468.04998779296875,472.45001220703125,468.87255859375,31144
2022-08-03,476.25,478.0,465.0,473.8500061035156,470.261962890625,36298
2022-08-04,479.0,481.29998779296875,467.6000061035156,473.25,469.6664733886719,21948
2022-08-05,477.29998779296875,477.29998779296875,468.6499938964844,470.54998779296875,466.9869079589844,12118
2022-08-08,471.0,473.3500061035156,465.0,465.8500061035156,462.322509765625,25066
2022-08-10,464.0,475.8999938964844,456.3500061035156,469.70001220703125,466.14337158203125,40863
2022-08-11,474.3999938964844,477.0,470.5,472.0,468.42596435546875,17954
2022-08-12,473.1000061035156,479.6499938964844,460.5,462.79998779296875,459.2956237792969,75205
2022-08-16,474.0,474.0,464.0,465.5,461.97515869140625,36015
2022-08-17,469.20001220703125,469.95001220703125,462.0,463.8999938964844,460.38726806640625,56479
2022-08-18,465.1499938964844,467.70001220703125,461.0,463.8500061035156,460.3376770019531,29943
2022-08-19,467.75,503.6499938964844,462.3500061035156,489.3999938964844,485.6941833496094,223730
2022-08-22,489.79998779296875,501.0,476.1000061035156,489.3500061035156,485.6445617675781,112082
2022-08-23,488.1000061035156,496.8999938964844,484.6499938964844,491.3999938964844,487.6790466308594,48319
2022-08-24,495.0,517.75,488.04998779296875,505.1499938964844,501.3249206542969,162278
2022-08-25,507.0,518.0,500.0,502.20001220703125,498.39727783203125,63516
2022-08-26,502.0,514.2999877929688,501.3500061035156,505.29998779296875,501.4737854003906,33648
2022-08-29,485.1000061035156,508.8999938964844,485.1000061035156,495.8500061035156,492.0953369140625,63491
2022-08-30,498.1000061035156,505.75,495.0,497.6499938964844,493.8817138671875,31567
2022-09-01,510.0,529.5,508.0,516.0499877929688,512.1423950195312,221850
2022-09-02,519.0,557.0,510.0,547.1500244140625,543.0068969726562,379414
2022-09-05,552.2999877929688,565.0,547.1500244140625,549.4500122070312,545.2894897460938,123832
2022-09-06,554.7000122070312,556.9500122070312,540.0,544.7999877929688,540.6746826171875,65763
2022-09-07,545.2000122070312,548.0,535.0999755859375,537.2999877929688,533.2314453125,38071
2022-09-08,542.5,565.0,541.0999755859375,558.5499877929688,554.320556640625,213884
2022-09-09,562.2999877929688,579.6500244140625,554.0,562.75,558.48876953125,266313
2022-09-12,583.0,598.0,572.0,576.5,572.1346435546875,154812
2022-09-13,588.0,588.0,563.2999877929688,573.4000244140625,569.0581665039062,145046
2022-09-14,559.0,577.75,558.0,569.5499877929688,565.2372436523438,99437
2022-09-15,577.0,577.0,553.2000122070312,556.0999755859375,551.8890991210938,66693
2022-09-16,551.0,560.0,531.1500244140625,536.75,532.6856689453125,83383
2022-09-19,540.9000244140625,544.0,528.0,533.4000244140625,529.361083984375,47840
2022-09-20,534.5999755859375,544.5999755859375,531.2000122070312,533.7000122070312,529.6587524414062,49229
2022-09-21,535.0,538.0,518.5499877929688,520.9500122070312,518.9500122070312,41521
2022-09-22,522.0,527.4000244140625,511.25,516.1500244140625,516.1500244140625,48033
2022-09-23,518.75,523.0499877929688,502.1000061035156,506.8999938964844,506.8999938964844,43011
2022-09-26,504.0,504.0,483.0,486.6000061035156,486.6000061035156,48588
2022-09-27,494.0,549.9000244140625,494.0,511.5,511.5,143825
2022-09-28,508.0,531.25,501.0,505.1499938964844,505.1499938964844,97338
2022-09-29,515.5,527.9500122070312,505.0,511.6000061035156,511.6000061035156,36964
2022-09-30,506.20001220703125,519.25,506.1499938964844,512.0499877929688,512.0499877929688,25669
2022-10-03,510.5,515.0,503.04998779296875,505.8999938964844,505.8999938964844,18507
2022-10-04,510.0,520.0,510.0,513.7000122070312,513.7000122070312,43626
2022-10-06,518.7000122070312,522.5999755859375,510.0,513.2999877929688,513.2999877929688,22577
2022-10-07,506.5,518.0,506.5,513.0499877929688,513.0499877929688,22375
2022-10-10,508.0,519.75,508.0,514.5499877929688,514.5499877929688,23370
2022-10-11,517.0,520.9000244140625,510.0,512.1500244140625,512.1500244140625,19943
2022-10-12,511.95001220703125,515.1500244140625,493.1000061035156,503.04998779296875,503.04998779296875,34183
2022-10-13,504.95001220703125,504.95001220703125,494.8999938964844,496.3500061035156,496.3500061035156,14291
2022-10-14,501.70001220703125,506.6499938964844,491.0,494.04998779296875,494.04998779296875,23268
2022-10-17,494.0,494.0,485.0,489.75,489.75,22107
2022-10-18,494.5,497.04998779296875,485.29998779296875,491.8500061035156,491.8500061035156,22340
2022-10-19,493.0,498.25,485.1000061035156,487.8500061035156,487.8500061035156,23654
2022-10-20,485.0,493.1499938964844,480.04998779296875,484.29998779296875,484.29998779296875,34519
2022-10-21,487.8999938964844,490.45001220703125,480.0,481.3999938964844,481.3999938964844,15120
2022-10-24,484.45001220703125,493.8999938964844,484.3999938964844,492.0,492.0,10117
2022-10-25,486.95001220703125,494.79998779296875,485.5,488.1000061035156,488.1000061035156,18183
2022-10-27,491.1499938964844,492.70001220703125,485.5,487.25,487.25,20577
2022-10-28,485.0,490.8999938964844,482.0,483.6000061035156,483.6000061035156,15823
2022-10-31,485.75,488.3999938964844,473.95001220703125,480.95001220703125,480.95001220703125,36650
2022-11-01,484.0,484.6499938964844,478.1000061035156,481.3500061035156,481.3500061035156,26558
2022-11-02,482.04998779296875,499.0,480.45001220703125,490.8500061035156,490.8500061035156,36185
2022-11-03,492.0,496.45001220703125,484.0,486.20001220703125,486.20001220703125,30250
2022-11-04,482.3999938964844,492.0,482.0,485.3500061035156,485.3500061035156,22559
2022-11-07,485.29998779296875,488.3500061035156,476.04998779296875,478.04998779296875,478.04998779296875,42999
2022-11-09,480.0,482.75,463.0,465.3999938964844,465.3999938964844,65715
2022-11-10,465.29998779296875,472.95001220703125,465.0,470.8500061035156,470.8500061035156,24243
2022-11-11,472.1000061035156,479.45001220703125,468.0,471.1499938964844,471.1499938964844,38277
2022-11-14,439.0,440.0,385.6499938964844,401.1499938964844,401.1499938964844,471791
2022-11-15,402.0,420.0,401.04998779296875,414.95001220703125,414.95001220703125,129842
2022-11-16,414.95001220703125,421.29998779296875,410.95001220703125,412.79998779296875,412.79998779296875,52091
2022-11-17,412.0,412.79998779296875,402.0,410.8500061035156,410.8500061035156,62512
2022-11-18,412.8999938964844,412.8999938964844,402.0,405.29998779296875,405.29998779296875,40786
2022-11-21,409.45001220703125,409.45001220703125,399.0,399.8500061035156,399.8500061035156,30613
2022-11-22,400.8999938964844,405.0,393.0,395.75,395.75,89538
2022-11-23,401.5,409.0,395.95001220703125,403.70001220703125,403.70001220703125,132187
2022-11-24,405.1000061035156,409.0,401.3999938964844,404.6499938964844,404.6499938964844,40269
2022-11-25,408.6000061035156,416.0,402.0,406.54998779296875,406.54998779296875,104952
2022-11-28,409.5,410.5,401.0,402.0,402.0,87243
2022-11-29,407.0,432.3999938964844,402.79998779296875,424.95001220703125,424.95001220703125,288254
2022-11-30,439.0,442.0,425.54998779296875,429.70001220703125,429.70001220703125,161453
2022-12-01,431.0,447.04998779296875,430.0,437.45001220703125,437.45001220703125,116323
2022-12-02,436.0,436.79998779296875,414.5,418.95001220703125,418.95001220703125,128329
2022-12-05,419.79998779296875,422.8999938964844,405.0,408.6000061035156,408.6000061035156,108363
2022-12-06,408.95001220703125,420.8500061035156,408.54998779296875,416.0,416.0,56788
2022-12-07,416.0,418.0,411.0,416.1000061035156,416.1000061035156,29662
2022-12-08,419.0,430.0,414.0,426.04998779296875,426.04998779296875,108424
2022-12-09,427.8999938964844,429.0,414.04998779296875,420.8999938964844,420.8999938964844,41146
2022-12-12,423.70001220703125,424.5,414.6000061035156,418.5,418.5,26175
2022-12-13,418.5,427.0,417.0,420.1499938964844,420.1499938964844,37159
2022-12-14,424.0,424.0,416.0,418.3999938964844,418.3999938964844,26615
2022-12-15,420.0,424.0,416.04998779296875,417.75,417.75,36741
2022-12-16,416.0,422.79998779296875,414.0,414.95001220703125,414.95001220703125,28988
2022-12-19,418.0,420.95001220703125,411.79998779296875,412.95001220703125,412.95001220703125,20534
2022-12-20,415.3999938964844,415.3999938964844,410.1000061035156,412.95001220703125,412.95001220703125,16574
2022-12-21,414.45001220703125,416.25,401.45001220703125,402.79998779296875,402.79998779296875,39042
2022-12-22,401.0,407.79998779296875,389.6000061035156,392.1000061035156,392.1000061035156,43676
2022-12-23,387.20001220703125,389.79998779296875,381.0,383.54998779296875,383.54998779296875,55905
2022-12-26,383.1000061035156,407.8500061035156,381.3500061035156,402.1000061035156,402.1000061035156,35580
2022-12-27,409.70001220703125,409.70001220703125,400.3999938964844,403.45001220703125,403.45001220703125,18086
2022-12-28,407.0,416.3999938964844,404.1000061035156,405.20001220703125,405.20001220703125,32410
2022-12-29,410.0,417.70001220703125,407.0,412.20001220703125,412.20001220703125,45967
2022-12-30,415.8999938964844,415.95001220703125,406.5,408.5,408.5,35650
2023-01-02,409.95001220703125,411.95001220703125,402.70001220703125,404.79998779296875,404.79998779296875,30662
2023-01-03,408.45001220703125,408.95001220703125,401.0,403.0,403.0,29698
2023-01-04,404.3999938964844,406.04998779296875,399.95001220703125,401.04998779296875,401.04998779296875,22167
2023-01-05,403.45001220703125,403.45001220703125,398.1000061035156,400.45001220703125,400.45001220703125,22818
2023-01-06,400.6499938964844,401.8999938964844,395.0,396.75,396.75,22517
2023-01-09,399.5,415.8999938964844,397.29998779296875,411.45001220703125,411.45001220703125,126208
2023-01-10,410.79998779296875,414.6000061035156,404.8999938964844,408.0,408.0,27933
2023-01-11,410.20001220703125,412.3500061035156,405.0,405.3999938964844,405.3999938964844,25044
2023-01-12,409.0,409.0,395.0,398.70001220703125,398.70001220703125,22043
2023-01-13,400.20001220703125,407.0,397.1000061035156,402.3999938964844,402.3999938964844,17550
2023-01-16,408.0,411.0,403.0,405.04998779296875,405.04998779296875,21962
2023-01-17,400.6000061035156,404.8999938964844,399.6499938964844,402.5,402.5,14224
2023-01-18,404.0,406.6000061035156,401.0,402.04998779296875,402.04998779296875,20156
2023-01-19,402.70001220703125,414.95001220703125,401.0,406.3500061035156,406.3500061035156,57332
2023-01-20,410.0,414.0,401.3999938964844,410.20001220703125,410.20001220703125,59564
2023-01-23,410.0,473.0,407.5,462.04998779296875,462.04998779296875,794890
2023-01-24,457.0,464.8500061035156,441.0,444.70001220703125,444.70001220703125,246698
2023-01-25,444.3999938964844,447.25,432.75,439.04998779296875,439.04998779296875,70618
2023-01-27,438.0,441.6499938964844,416.0,426.1000061035156,426.1000061035156,74371
2023-01-30,426.1000061035156,439.25,417.20001220703125,428.8999938964844,428.8999938964844,47992
2023-01-31,431.54998779296875,441.0,429.29998779296875,438.1499938964844,438.1499938964844,52254
2023-02-01,447.0,449.95001220703125,415.3500061035156,426.79998779296875,426.79998779296875,94577
2023-02-02,432.0,432.0,420.29998779296875,422.95001220703125,422.95001220703125,27079
2023-02-03,425.95001220703125,428.04998779296875,405.95001220703125,411.8999938964844,411.8999938964844,46567
2023-02-06,406.54998779296875,416.29998779296875,406.54998779296875,409.45001220703125,409.45001220703125,26012
2023-02-07,413.0,413.6000061035156,403.20001220703125,404.95001220703125,404.95001220703125,35546
2023-02-08,405.0,410.79998779296875,405.0,406.70001220703125,406.70001220703125,27501
2023-02-09,414.0,414.0,404.5,405.79998779296875,405.79998779296875,23886
2023-02-10,406.0,414.6499938964844,405.95001220703125,412.5,412.5,50367
2023-02-13,416.70001220703125,417.6499938964844,409.3500061035156,416.3500061035156,416.3500061035156,28753
2023-02-14,416.29998779296875,416.29998779296875,409.0,410.45001220703125,410.45001220703125,21711
2023-02-15,412.0,414.20001220703125,405.1000061035156,407.1499938964844,407.1499938964844,21161
2023-02-16,407.0,416.20001220703125,407.0,412.79998779296875,412.79998779296875,29969
2023-02-17,412.75,418.79998779296875,411.70001220703125,413.6499938964844,413.6499938964844,33748
2023-02-20,413.6499938964844,419.3999938964844,410.0,415.3999938964844,415.3999938964844,34626
2023-02-21,412.0,418.45001220703125,412.0,414.3999938964844,414.3999938964844,14456
2023-02-22,414.3999938964844,414.3999938964844,405.20001220703125,406.0,406.0,18888
2023-02-23,403.3500061035156,430.3500061035156,403.3500061035156,421.5,421.5,95742
2023-02-24,424.95001220703125,433.3999938964844,422.0,422.8500061035156,422.8500061035156,36092
2023-02-27,422.8500061035156,422.8500061035156,408.0,408.95001220703125,408.95001220703125,17132
2023-02-28,414.0,431.79998779296875,412.29998779296875,428.1000061035156,428.1000061035156,54938
2023-03-01,428.1000061035156,434.79998779296875,420.04998779296875,422.0,422.0,29342
2023-03-02,424.20001220703125,424.6499938964844,412.6499938964844,414.3500061035156,414.3500061035156,20092
2023-03-03,417.70001220703125,420.95001220703125,415.0,415.8500061035156,415.8500061035156,14084
2023-03-06,425.0,426.8999938964844,419.29998779296875,422.70001220703125,422.70001220703125,23088
2023-03-08,422.70001220703125,425.04998779296875,415.0,416.1499938964844,416.1499938964844,25349
2023-03-09,418.0,420.6499938964844,416.04998779296875,417.3999938964844,417.3999938964844,12697
2023-03-10,418.79998779296875,456.0,418.0,435.1499938964844,435.1499938964844,351043
2023-03-13,435.1499938964844,435.1499938964844,411.20001220703125,415.75,415.75,50934
2023-03-14,416.0,419.95001220703125,410.0,411.5,411.5,32590
2023-03-15,415.0,419.54998779296875,408.0,409.5,409.5,23413
2023-03-16,409.5,429.0,406.29998779296875,423.70001220703125,423.70001220703125,83018
2023-03-17,425.0,428.5,422.79998779296875,424.45001220703125,424.45001220703125,24754
2023-03-20,424.3500061035156,424.70001220703125,408.0,410.8999938964844,410.8999938964844,52649
2023-03-21,415.0,416.20001220703125,405.29998779296875,408.3500061035156,408.3500061035156,41808
2023-03-22,410.8999938964844,414.5,410.0,411.1499938964844,411.1499938964844,18198
2023-03-23,413.75,414.79998779296875,403.0,404.29998779296875,404.29998779296875,84831
2023-03-24,406.8999938964844,409.1499938964844,402.0,403.8500061035156,403.8500061035156,38416
2023-03-27,403.8500061035156,406.0,388.0,397.1000061035156,397.1000061035156,73769
2023-03-28,396.5,400.95001220703125,391.8500061035156,398.8999938964844,398.8999938964844,41367
2023-03-29,401.95001220703125,414.8999938964844,393.8500061035156,408.1499938964844,408.1499938964844,55190
